{
    "move1": {
        "fen": "8/1pk3pp/p7/3p1p2/8/3K2P1/PP2PP1P/8 w - - 0 1",
        "move": "d3d4",
        "sorted saliencies": {
            "above threshold": {
                "d3": 1,
                "d4": 0.390625
            },
            "below threshold": {
                "d5": 0.06513400255773473,
                "h7": 0.047205762349462874,
                "f5": 0.04210937741593997,
                "a6": 0.03665225513280469,
                "g7": 0.036304356816558254,
                "b2": 0.03441402329321466,
                "e2": 0.027587535714250842,
                "f2": 0.014776341915545756,
                "a2": 0.013829774863698664,
                "b7": 0.009938114690137374
            }
        }
    }
}