{
    "move1": {
        "fen": "6k1/p2b1ppp/8/8/3N4/1P5P/5PP1/6K1 b - - 0 1",
        "move": "g7g6",
        "sorted saliencies": {
            "above threshold": {
                "g7": 1,
                "g6": 0.7,
                "e6": 0.7,
                "e2": 0.7,
                "e3": 0.7
            },
            "below threshold": {
                "d4": 0.04961363096003341,
                "g2": 0.04384282393206469,
                "b3": 0.028359558348988494,
                "f2": 0.024163908586948262,
                "h3": 0.02266052721276654
            }
        }
    }
}