{
    "move1": {
        "fen": "1n6/4k2p/p3ppp1/1pPp4/3P1PP1/3NP3/P3K2P/8 w - - 0 1",
        "move": "g4g5",
        "sorted saliencies": {
            "above threshold": {
                "g4": 1,
                "f6": 0.4865986119736988,
                "g5": 0.6792035283359326,
                "d7": 0.39183357598490987,
                "b6": 0.3910322524494125,
                "b7": 0.390625
            },
            "below threshold": {
                "g6": 0.1006422309399902,
                "e6": 0.09868120078656169,
                "d5": 0.09656606590475725,
                "h7": 0.09005803819009074,
                "b8": 0.0888744339202235,
                "d4": 0.027763266906500956,
                "e3": 0.022393417771529874,
                "f4": 0.022088359865064962,
                "c5": 0.02207282316119944,
                "h2": 0.017428034834779445,
                "a2": 0.015617713165164547
            }
        }
    }
}