{
    "move1": {
        "fen": "8/8/p4Bp1/1pPb2P1/1P2kp2/P7/5K2/8 w - - 0 1",
        "move": "f6c3",
        "sorted saliencies": {
            "above threshold": {
                "f6": 1,
                "d7": 0.4807052709617977,
                "e6": 0.4807052709617977,
                "e7": 0.4804794670581307,
                "c3": 0.390625,
                "d4": 0.390625,
                "e5": 0.390625
            },
            "below threshold": {
                "g6": 0.06636293034550024,
                "d5": 0.04775349163267518,
                "b5": 0.02556766005184616,
                "g5": 0.019631659767613517,
                "a6": 0.018442849806410682,
                "f4": 0.01636220673519822,
                "a3": 0.001147515641404852
            }
        }
    }
}