{
    "move1": {
        "fen": "8/8/p4Bp1/1pPb2P1/1P2kp2/P7/5K2/8 w - - 0 1",
        "move": "f6c3",
        "sorted saliencies": {
            "above threshold": {
                "a3": 1,
                "a6": 1,
                "b4": 1,
                "b5": 1,
                "c5": 1,
                "d5": 1,
                "f4": 1,
                "f6": 1,
                "g5": 1,
                "g6": 1,
                "c3": 0.6913955329418693,
                "d4": 0.6913955329418693,
                "e5": 0.6913955329418693,
                "d7": 0.390850803903667,
                "e6": 0.390850803903667,
                "e7": 0.390625
            },
            "below threshold": {}
        }
    }
}