{
    "puzzle1": {
        "fen": "2q1rr1k/3bbnnp/p2p1pp1/2pPp3/PpP1P1P1/1P2BNNP/2BQ1PRK/7R b - - ",
        "move": "f8g8",
        "sorted saliencies": {
            "above threshold": {
                "f8": 1
            },
            "below threshold": {
                "h3": 0.10324409166703655,
                "c5": 0.04703149083815893,
                "e3": 0.015649235591061347,
                "g2": 0.012218982299211154,
                "d2": 0.011022442474370937,
                "b4": 0.010534671405624342,
                "b3": 0.00791267576379486,
                "d5": 0.007880515391839359,
                "g3": 0.007145837762330356,
                "h1": 0.006982184428327505,
                "f3": 0.0026373819438164597,
                "f2": 0.00198356435583899
            }
        }
    },
    "puzzle2": {
        "fen": "3r1k2/4npp1/1ppr3p/p6P/P2PPPP1/1NR5/5K2/2R5 w - - ",
        "move": "d4d5",
        "sorted saliencies": {
            "above threshold": {
                "d4": 1
            },
            "below threshold": {
                "b6": 0.15158014902162084,
                "a5": 0.13905583895373175,
                "f4": 0.1386808927795361,
                "e4": 0.13673446679245038,
                "e7": 0.11886312586205729,
                "d6": 0.11002114698875874,
                "c3": 0.1020391819380649,
                "h5": 0.09990607144325528,
                "c1": 0.09537185824382725,
                "d8": 0.0909962762826183,
                "h6": 0.059201646897082794,
                "f7": 0.03580233631169993,
                "g4": 0.026341498382090246,
                "c6": 0.015978011203339106,
                "g7": 0.014836692196741979
            }
        }
    },
    "puzzle3": {
        "fen": "rnbqkb1r/p3pppp/1p6/2ppP3/3N4/2P5/PPP1QPPP/R1B1KB1R w KQkq",
        "move": "e5e6",
        "sorted saliencies": {
            "above threshold": {
                "e5": 1,
                "f8": 0.6902803691621275,
                "d4": 0.6886587457169799,
                "e7": 0.6762995470103038,
                "e2": 0.591704011211988,
                "c8": 0.5248190625966385,
                "a8": 0.43926684697313806,
                "h7": 0.41907780290994434,
                "d5": 0.41846306708793524,
                "c5": 0.41241410130143386,
                "h8": 0.4041815185694349
            },
            "below threshold": {
                "c3": 0.3532865214255814,
                "g7": 0.349023177378604,
                "c1": 0.2529052055894403,
                "b8": 0.21684461805898153,
                "g2": 0.21466987441043014,
                "f1": 0.17408500804372318,
                "b6": 0.1419485172000086,
                "h2": 0.07102216414951482,
                "b2": 0.036187191733369935,
                "a1": 0.03416410489723627,
                "h1": 0.02429210922164771
            }
        }
    },
    "puzzle4": {
        "fen": "2r3k1/pppR1pp1/4p3/4P1P1/5P2/1P4K1/P1P5/8 w - - ",
        "move": "g5g6",
        "sorted saliencies": {
            "above threshold": {
                "g5": 1
            },
            "below threshold": {
                "d7": 0.30610163907309357,
                "c8": 0.2922359027315013,
                "e6": 0.28235696953410494,
                "c7": 0.2627808143905494,
                "g7": 0.2519153163150583,
                "f4": 0.20013163927476432,
                "a2": 0.18955712037469205,
                "b7": 0.18806824019655075,
                "c2": 0.15931894522319062,
                "e5": 0.15349476925768077,
                "f7": 0.1496674421325229,
                "a7": 0.1408248744693422,
                "b3": 0.1308451446057135
            }
        }
    },
    "puzzle5": {
        "fen": "4b3/p3kp2/6p1/3pP2p/2pP1P2/4K1P1/P3N2P/8 w - - ",
        "move": "f4f5",
        "sorted saliencies": {
            "above threshold": {
                "f4": 1,
                "f7": 0.4639763134183717,
                "e2": 0.4467215917173852,
                "h2": 0.3975190291492952
            },
            "below threshold": {
                "e8": 0.38054829791132455,
                "d4": 0.3706841435172977,
                "e5": 0.36432950207719117,
                "d5": 0.3583030709036613,
                "h5": 0.35592512550138167,
                "g3": 0.34055162693837804,
                "c4": 0.19605433354967405,
                "a7": 0.19056245751373727,
                "a2": 0.051895123674610404
            }
        }
    },
    "puzzle6": {
        "fen": "2kr1bnr/pbpq4/2n1pp2/3p3p/3P1P1B/2N2N1Q/PPP3PP/2KR1B1R w - - ",
        "move": "c1b1",
        "sorted saliencies": {
            "above threshold": {
                "h8": 0.10752419534167561,
                "d7": 0.10478743343705438,
                "e6": 0.0934406448698432,
                "g8": 0.09011468302803706,
                "d5": 0.08853160403631441,
                "h3": 0.08813557446581494,
                "f4": 0.08735614851573836,
                "c6": 0.08157384025066829,
                "c7": 0.08119398277925956,
                "f8": 0.07333523458662482,
                "d4": 0.07278544208828024,
                "b7": 0.07003316810337078,
                "d8": 0.06858046278332507,
                "h5": 0.06649210797843093
            },
            "below threshold": {
                "h1": 0.06221639581058301,
                "g2": 0.061082311336011386,
                "h4": 0.05251332106871916,
                "a7": 0.05136552146650694,
                "f1": 0.051195551417142354,
                "a2": 0.04474341858906561,
                "c3": 0.04406032502858857,
                "c2": 0.04356835317172139,
                "f3": 0.032447543984589454,
                "b2": 0.02783568683863181,
                "h2": 0.027049621930961824,
                "f6": 0.026614566826299663,
                "d1": 0.026306414047491528
            }
        }
    },
    "puzzle7": {
        "fen": "2r1nrk1/p2q1ppp/bp1p4/n1pPp3/P1P1P3/2PBB1N1/4QPPP/R4RK1 w - - ",
        "move": "h2h3",
        "sorted saliencies": {
            "above threshold": {
                "h2": 1
            },
            "below threshold": {
				"g2": 0.1133073905195491,
                "d3": 0.08442345396481761,
                "g3": 0.07490616739716965,
                "e4": 0.07138564402736376,
                "d6": 0.0690527671993723,
                "a1": 0.06663793392309696,
                "a5": 0.05842464313772772,
                "g7": 0.05453582894603031,
                "e3": 0.05364205983070027,
                "d5": 0.049564741182544794,
                "c5": 0.039682317870835,
                "f8": 0.03904062725461729,
                "d7": 0.038194653205278456,
                "a6": 0.033087999674262535,
                "e5": 0.03245128265358581,
                "e8": 0.032198169914398916,
                "h7": 0.02474068235227543,
                "e2": 0.02336090595709835,
                "a4": 0.017893142616177915,
                "b6": 0.017519266500229377,
                "c8": 0.01709364800909042,
                "f1": 0.014757359665819527,
                "a7": 0.013147644771126074,
                "f2": 0.007806826061278474,
                "c4": 0.0005671836852200909
            }
        }
    },
    "puzzle8": {
        "fen": "r2q1rk1/4bppp/p2p4/2pP4/3pP3/3Q4/PP1B1PPP/R3R1K1 w - - ",
        "move": "b2b4",
        "sorted saliencies": {
            "above threshold": {
                "b2": 1
            },
            "below threshold": {
                "d4": 0.08649753103606786,
                "c5": 0.07965181914314244,
                "d2": 0.07872889810032165,
                "d3": 0.07589385497208248,
                "a8": 0.07291420843237284,
                "e4": 0.06865689594767443,
                "d6": 0.0615881771347975,
                "g2": 0.06040811077465242,
                "f2": 0.057048244193772364,
                "d8": 0.05481717508143561,