{
    "move1": {
        "fen": "4b3/pp2kp1p/5bp1/8/8/4P3/PP2NPPP/3N2K1 w - - 0 1",
        "move": "d1c3",
        "sorted saliencies": {
            "above threshold": {
                "d1": 1,
                "e2": 0.4281880737943663,
                "c3": 0.7,
                "a6": 0.7,
                "f5": 0.7,
                "f4": 0.7
            },
            "below threshold": {
                "f2": 0.148014706640564,
                "g2": 0.14126649070075795,
                "h2": 0.14057645301457702,
                "e8": 0.1263723736651717,
                "g6": 0.12575347137856815,
                "f6": 0.1244726291378551,
                "a7": 0.1178716249399102,
                "h7": 0.11564110658382704,
                "b7": 0.11321621060449152,
                "e3": 0.07350680498458073,
                "b2": 0.0655445726954307,
                "a2": 0.06553758973015442
            }
        }
    }
}