{
    "pawnPromotion": {
        "fen": "8/3P3k/n2K3p/2p3n1/1b4N1/2p1p1P1/8/3B4 w - - 0 4",
        "best move": "d7d8q",
        "sorted saliencies": {
            "above threshold": {
                "c5": 1,
                "d7": 1,
                "d8": 1,
                "g5": 0.4602605953106834,
                "e4": 0.7,
                "c4": 0.7,
                "e5": 0.7
            },
            "below threshold": {
                "g4": 0.17920524219226946,
                "c3": 0.16939093335746033,
                "e3": 0.11652786577843684,
                "a6": 0.09368113048356341,
                "g3": 0.06875069025584775,
                "b4": 0.050596779062705564,
                "d1": 0.014044494383638608,
                "h6": 0.011843706968803542
            }
        }
    },
    "littleSalient": {
        "fen": "rnbqkb1r/pp1ppp1p/5np1/2p5/2P5/1P6/PB1PPPPP/RN1QKBNR w KQkq - 0 4",
        "best move": "e2e3",
        "sorted saliencies": {
            "above threshold": {
                "e2": 1,
                "f1": 0.3997827648649848,
                "e1": 0.390625,
                "e3": 0.390625,
                "g5": 0.7,
                "h6": 0.7,
                "a6": 0.7
            },
            "below threshold": {
                "h1": 0.00681420876852948,
                "a1": 0.003948394389052429,
                "c5": 0.0020479572776441112,
                "e7": 0.0007307660397721926
            }
        }
    },
    "kingSaliency": {
        "fen": "r1b4k/3q3r/8/2pP1Q2/1pB3n1/8/PP4PP/3R2K1 w - - 0 2",
        "best move": "f5f8",
        "sorted saliencies": {
            "above threshold": {
                "f5": 1,
                "f8": 1,
                "h8": 1,
                "c8": 0.8510052167433194,
                "f6": 0.390625,
                "f7": 0.390625,
                "f4": 0.7,
                "f3": 0.7,
                "e7": 0.7
            },
            "below threshold": {
                "h7": 3.403004919085862e-06,
                "d7": 2.267075416283085e-13
            }
        }
    },
    "manySalient": {
        "fen": "2r1r1k1/b4ppp/p3p3/Pp2Nq2/1Pbp1B2/R7/2PQ1PP1/4R1K1 w - - 0 1",
        "best move": "g2g4",
        "sorted saliencies": {
            "above threshold": {
                "g2": 1,
                "h7": 0.8562667772636532,
                "e5": 0.8262712252586969,
                "f5": 0.7898447875303736,
                "f7": 0.7711799642170627,
                "c4": 0.6861370886438449,
                "d4": 0.6541672678949154,
                "f2": 0.6230269588008457,
                "e1": 0.5997663351106608,
                "e6": 0.5675109504318921,
                "d2": 0.5371847741394595,
                "g3": 0.390625,
                "g4": 0.390625,
                "f6": 0.7113644868981088,
                "c5": 0.6738873864001617,
                "c6": 0.6495954093325862
            },
            "below threshold": {
                "f4": 0.3639717976659638,
                "g7": 0.3528640230576376,
                "c8": 0.21754643495496806,
                "b4": 0.13099381133930907,
                "a7": 0.10624191214735236,
                "c2": 0.018509472650935253,
                "a3": 0.004123816381182602,
                "a6": 0.00041497929901412563
            }
        }
    }
}