{
    "move1": {
        "fen": "1n6/4k2p/p3ppp1/1pPp4/3P1PP1/3NP3/P3K2P/8 w - - 0 1",
        "move": "f4f5",
        "sorted saliencies": {
            "above threshold": {
                "f4": 1,
                "e6": 0.390625,
                "f5": 0.7127919845344624,
                "g6": 0.390625,
                "e5": 0.41676239475774945,
                "e4": 0.4033014820533919,
                "g5": 0.390625
            },
            "below threshold": {
                "e3": 0.08321775238607519,
                "g4": 0.07066314594080157,
                "d3": 0.0668222321219441,
                "h2": 0.04170414008225145,
                "a2": 0.02347116916188597,
                "h7": 0.009317722714595487,
                "d5": 0.0021346440239933422
            }
        }
    }
}