{
    "puzzle1": {
        "fen": "1k1r4/pp1b1R2/3q2pp/4p3/2B5/4Q3/PPP2B2/2K5 b - - ",
        "move": "d6d1",
        "sorted saliencies": {
            "above threshold": {
                "d6": 1,
                "c2": 0.8733295592749177,
                "c4": 0.7872295479744721,
                "b2": 0.7492059086132272,
                "f7": 0.6808755330700793,
                "f2": 0.42766938449281916
            },
            "below threshold": {
                "d8": 0.2851281714588304,
                "e3": 3.030242723095358e-11
            }
        }
    },
    "puzzle2": {
        "fen": "r1b2rk1/2q1b1pp/p2ppn2/1p6/3QP3/1BN1B3/PPP3PP/R4RK1 w - - ",
        "move": "a2a4",
        "sorted saliencies": {
            "above threshold": {
                "a2": 1
            },
            "below threshold": {
                "d6": 0.03977843648430477,
                "a1": 0.03165129331114556,
                "a6": 0.02756863911131202,
                "b5": 0.01963858520819133,
                "c2": 0.016987032151181487,
                "g2": 0.012577401270092353,
                "c7": 0.00960225308413035,
                "f8": 0.009594665213738035,
                "e7": 0.008958209809697916,
                "e4": 0.008614433557272563,
                "h7": 0.002719184891156425,
                "h2": 0.0016877680165867384
            }
        }
    },
    "puzzle3": {
        "fen": "1nk1r1r1/pp2n1pp/4p3/q2pPp1N/b1pP1P2/B1P2R2/2P1B1PP/R2Q2K1 w - - ",
        "move": "a1a2",
        "sorted saliencies": {
            "above threshold": {
                "a1": 1
            },
            "below threshold": {
                "c2": 0.07268539098232189,
                "a4": 0.039796318284551144,
                "c4": 0.03196097429235633,
                "e8": 0.02871097746679628,
                "d1": 0.020701931045582062,
                "d5": 0.0161229332168158,
                "a5": 0.014137855012638288,
                "b8": 0.008696585213798961,
                "a7": 0.007614315723914578,
                "f3": 0.006674946851190876,
                "f4": 0.005747764610297355,
                "e7": 0.005594380025762387,
                "f5": 0.005241995396009175,
                "g8": 0.002759896545826735,
                "d4": 0.0008717614257074849
            }
        }
    },
    "puzzle4": {
        "fen": "3rr1k1/pp3pp1/1qn2np1/8/3p4/PP1R1P2/2P1NQPP/R1B3K1 b - - ",
        "move": "c6e5",
        "sorted saliencies": {
            "above threshold": {
                "c6": 1
            },
            "below threshold": {
                "d3": 0.36044106783669716,
                "e2": 0.352891037621598,
                "c1": 0.34987616351122147,
                "b3": 0.34675458104942847,
                "f6": 0.3427145105011801,
                "e8": 0.3415120886042232,
                "b6": 0.34120008863876833,
                "d8": 0.3020845188485772,
                "d4": 0.301959102611682,
                "g2": 0.2511187692672706,
                "f3": 0.21750254754073312,
                "f2": 0.16974991873376746,
                "g6": 0.13957878620764985,
                "a3": 0.12690979573246278,
                "g7": 0.08230121963109595,
                "f7": 0.07850129628878742,
                "b7": 0.05233655518441384,
                "a7": 0.041290580318468606,
                "a1": 0.006921472873272931
            }
        }
    },
    "puzzle5": {
        "fen": "r3r1k1/ppqb1ppp/8/4p1NQ/8/2P5/PP3PPP/R3R1K1 b - - ",
        "move": "d7f5",
        "sorted saliencies": {
            "above threshold": {
                "d7": 1,
                "g5": 0.5487896011440859,
                "h5": 0.5429294912780385,
                "c7": 0.42492486053509804
            },
            "below threshold": {
                "e1": 0.31230311959935037,
                "f2": 0.25126857444252865,
                "a1": 0.104512355031494
            }
        }
    },
    "puzzle6": {
        "fen": "rnb2r1k/pp2p2p/2pp2p1/q2P1p2/8/1Pb2NP1/PB2PPBP/R2Q1RK1 w - - ",
        "move": "d1d2",
        "sorted saliencies": {
            "above threshold": {
                "d1": 1,
                "f1": 0.5802606263532977,
                "a2": 0.4694469307975357,
                "h7": 0.4071904379852203
            },
            "below threshold": {
                "f2": 0.3874827834516857,
                "a7": 0.3609826742557241,
                "a5": 0.3051892493447969,
                "b2": 0.29814519809482687,
                "f3": 0.2951425703166826,
                "d5": 0.27131291421316633,
                "a8": 0.2575533961315622,
                "d6": 0.23996537228253847,
                "c8": 0.21920701988027722,
                "c6": 0.2050986405123035,
                "b7": 0.19449650618010197,
                "b8": 0.19252127043071898,
                "e7": 0.19130498693153153,
                "a1": 0.1308011016936207,
                "e2": 0.13064382073795816,
                "b3": 0.07856592892542176,
                "g2": 0.06579641045359803,
                "g3": 0.04619482823850211,
                "h2": 0.020888513541989666,
                "f5": 0.011030856555776288
            }
        }
    },
    "puzzle7": {
        "fen": "2r3k1/1p2q1pp/2b1pr2/p1pp4/6Q1/1P1PP1R1/P1PN2PP/5RK1 w - - ",
        "move": "g4g7",
        "sorted saliencies": {
            "above threshold": {
                "g4": 1
            },
            "below threshold": {
                "f1": 0.15938924308416327,
                "h2": 0.15866747619220223,
                "f6": 0.15504000248126934,
                "g3": 0.15482825062919228,
                "e6": 0.11023894846231588,
                "d2": 0.014976814160751774,
                "h7": 0.012098464883353536,
                "a2": 0.01185340368071093,
                "e3": 0.007926709546937376,
                "b3": 0.005718408713024433,
                "c2": 0.0012566916092144915
            }
        }
    },
    "puzzle8": {
        "fen": "r1bqkb1r/4npp1/p1p4p/1p1pP1B1/8/1B6/PPPN1PPP/R2Q1RK1 w kq - ",
        "move": "d2e4",
        "sorted saliencies": {
            "above threshold": {
                "d2": 1
            },
            "below threshold": {
                "b3": 0.3232449193890242,
                "e5": 0.3120471345032467,
                "f8": 0.31104504096414876,
                "d8": 0.3081924309009235,
                "d1": 0.3049694054491119,
                "e7": 0.3013928492014006,
                "g5": 0.2795175365644626,
                "c8": 0.2638028875754806,
                "d5": 0.24554575081057028,
                "h8": 0.23435518713207762,
                "f7": 0.22903006807973594,
                "f2": 0.22120133884475132,
                "h6": 0.1845790815121359,
                "g7": 0.06182328888528685,
                "f1": 0.036555309618658376,
                "c2": 0.03242358361515071,
                "b5": 0.02036949085576873,
                "b2": 0.0199416661012642
            }
        }
    },
    "puzzle9": {
        "fen": "r1bq1rk1/pp2ppbp/2np2p1/2n5/P3PP2/N1P2N2/1PB3PP/R1B1QRK1 b - - ",
        "move": "c5b3",
        "sorted saliencies": {
            "above threshold": {
                "c5": 1
            },
            "below threshold": {
                "f7": 0.08735124354690998,
                "c3": 0.08483590847000937,
                "d8": 0.08342263801311711,
                "a1": 0.03361374176439756,
                "c6": 0.033058253433267605,
                "c1": 0.022892371509357908,
                "a8": 0.02124118446930615,
                "e7": 0.019028011056870752,
                "f8": 0.012195785185218942,
                "b2": 0.011161151502817707,
                "a4": 0.010894657835955456,
                "f4": 0.008110308212445648,
                "g2": 0.004118911205822442,
                "e4": 0.0035466146231711514,
                "c2": 0.0013873007418063164,