{
    "move1": {
        "fen": "8/4k3/r4pp1/pR6/P4KP1/5P2/8/8 w - - 0 1",
        "move": "f4e4",
        "sorted saliencies": {
            "above threshold": {
                "f4": 1,
                "e4": 0.6896800275756603,
                "g2": 0.391398561888574,
                "g3": 0.391398561888574,
                "f7": 0.390625
            },
            "below threshold": {
                "a4": 0.09837593649806303,
                "f6": 0.0969188293812536,
                "g6": 0.09013884460403865,
                "a5": 0.07937326333713011,
                "b5": 0.04801120624758777,
                "a6": 0.021667505561019
            }
        }
    }
}