{
    "move1": {
        "fen": "8/1ppr1kp1/p1p4p/8/8/5P2/PPP1RKPP/8 w - - 0 1",
        "move": "f3f4",
        "sorted saliencies": {
            "above threshold": {
                "f3": 1,
                "f4": 0.7049407995100716,
                "e5": 0.39105301158365213,
                "e6": 0.39105301158365213,
                "e4": 0.390625
            },
            "below threshold": {
                "e2": 0.08281833573466237,
                "d7": 0.006919005697296378
            }
        }
    }
}