{
    "move1": {
        "fen": "8/1p1b2k1/p1p1p1p1/2P1P2p/1P3P1P/P2B4/5K2/8 w - - 0 1",
        "move": "d3e4",
        "sorted saliencies": {
            "above threshold": {
                "a3": 1,
                "a6": 1,
                "b4": 1,
                "b7": 1,
                "c5": 1,
                "c6": 1,
                "d3": 1,
                "d7": 1,
                "e5": 1,
                "e6": 1,
                "f4": 1,
                "g6": 1,
                "h4": 1,
                "h5": 1,
                "e4": 0.6562465429516231,
                "h7": 0.4103274905339104,
                "g5": 0.39713493902004504,
                "g4": 0.390625
            },
            "below threshold": {}
        }
    }
}