{
    "move1": {
        "fen": "8/1p1b2k1/p1p1p1p1/2P1P2p/1P3P1P/P2B4/5K2/8 w - - 0 1",
        "move": "d3e4",
        "sorted saliencies": {
            "above threshold": {
                "d3": 1,
                "e4": 0.7,
                "h7": 0.7,
                "h6": 0.7,
                "g5": 0.7
            },
            "below threshold": {
                "h5": 0.1380139744687079,
                "e6": 0.12654868409369885,
                "g6": 0.11958809011239724,
                "c5": 0.10380869709880206,
                "h4": 0.10310357731342361,
                "a6": 0.10268514625338737,
                "e5": 0.09987273639184996,
                "f4": 0.09620672188131141,
                "b4": 0.09557330092336642,
                "a3": 0.09552738288981837,
                "b7": 0.08350433276662414,
                "d7": 0.08084286895890194
            }
        }
    }
}