{
    "puzzle1": {
        "fen": "2q1rr1k/3bbnnp/p2p1pp1/2pPp3/PpP1P1P1/1P2BNNP/2BQ1PRK/7R b - - ",
        "move": "a6a5",
        "sorted saliencies": {
            "above threshold": {
                "a6": 1
            },
            "below threshold": {
                "c8": 0.037507985075558324,
                "e8": 0.037325354727319834,
                "f8": 0.037284739577054526,
                "g6": 0.035182825498090035,
                "d2": 0.03233875046479737,
                "c2": 0.027744169853617388,
                "c5": 0.02748619200385981,
                "d6": 0.02574735979868803,
                "g2": 0.01971969526743892,
                "f6": 0.018517581560194916,
                "e3": 0.006242146451375808,
                "f3": 0.0009535146293364313
            }
        }
    },
    "puzzle2": {
        "fen": "3r1k2/4npp1/1ppr3p/p6P/P2PPPP1/1NR5/5K2/2R5 w - - ",
        "move": "d4d5",
        "sorted saliencies": {
            "above threshold": {
                "d4": 1
            },
            "below threshold": {
                "b3": 0.2903905065884856,
                "a4": 0.26582847232834017,
                "h6": 0.24988566753989835,
                "a5": 0.24987501357291692,
                "h5": 0.2449299680783766,
                "g4": 0.2442067550876458,
                "f4": 0.24266145329675048,
                "e4": 0.24197565475036417,
                "b6": 0.23664385392357198,
                "c1": 0.22159450096477815,
                "c3": 0.2186891650353439,
                "e7": 0.14653251363101946,
                "d6": 0.14368143453956705,
                "d8": 0.14017337968871096
            }
        }
    },
    "puzzle3": {
        "fen": "rnbqkb1r/p3pppp/1p6/2ppP3/3N4/2P5/PPP1QPPP/R1B1KB1R w KQkq",
        "move": "e5e6",
        "sorted saliencies": {
            "above threshold": {
                "e5": 1
            },
            "below threshold": {
                "h1": 0.22432824457648104,
                "a1": 0.22405410809352017,
                "c1": 0.22289616348815855,
                "f1": 0.22199140013437244,
                "g2": 0.20016141737581974,
                "f7": 0.19193754800108953,
                "f8": 0.19189944554176183,
                "g7": 0.19178989880296532,
                "d5": 0.19163495767224112,
                "e7": 0.184993598467935,
                "c3": 0.17757149912592377,
                "d4": 0.17130183768377225,
                "e2": 0.1644842027926486,
                "c2": 0.16405137050608065,
                "b2": 0.1495098767606965,
                "h8": 0.1356105493807215,
                "h2": 0.09860593902786186,
                "f2": 0.08683643790290912,
                "h7": 0.025060699403513718
            }
        }
    },
    "puzzle4": {
        "fen": "2r3k1/pppR1pp1/4p3/4P1P1/5P2/1P4K1/P1P5/8 w - - ",
        "move": "g5g6",
        "sorted saliencies": {
            "above threshold": {
                "g5": 1,
                "e5": 0.4265214951012061,
                "f4": 0.4247735307531811,
                "b3": 0.4232026863469614,
                "c2": 0.4228551485255564,
                "a2": 0.418405633084418
            },
            "below threshold": {
                "d7": 0.32905431923548584,
                "c7": 0.3107935770699011,
                "g7": 0.2607048890566106,
                "e6": 0.2600779479874419,
                "f7": 0.214189295829307,
                "c8": 0.050866166789199856
            }
        }
    },
    "puzzle5": {
        "fen": "4b3/p3kp2/6p1/3pP2p/2pP1P2/4K1P1/P3N2P/8 w - - ",
        "move": "f4f5",
        "sorted saliencies": {
            "above threshold": {
                "f4": 1,
                "h2": 0.5204768432875021,
                "g3": 0.49229898381129467,
                "d4": 0.45812370560437743,
                "d5": 0.45812370560437743,
                "a2": 0.44811675716656957,
                "e5": 0.4400955240000424,
                "e2": 0.43019550164848724
            },
            "below threshold": {
                "f7": 0.3557786095485588,
                "h5": 0.33411105930973856
            }
        }
    },
    "puzzle6": {
        "fen": "2kr1bnr/pbpq4/2n1pp2/3p3p/3P1P1B/2N2N1Q/PPP3PP/2KR1B1R w - - ",
        "move": "d1e1",
        "sorted saliencies": {
            "above threshold": {
                "d1": 1
            },
            "below threshold": {
                "h1": 0.31787240161445324,
                "d4": 0.28235955593580986,
                "c2": 0.28229234791532565,
                "f4": 0.28126192525071164,
                "e6": 0.2811143745525517,
                "f6": 0.2811143745525517,
                "g2": 0.28052632006653117,
                "a2": 0.28029705637790364,
                "b2": 0.2785499351429187,
                "c7": 0.27766314857728913,
                "f1": 0.2752038336090984,
                "a7": 0.2727325677300361,
                "f3": 0.27244077507745096,
                "h4": 0.27196903208368917,
                "c3": 0.27150741456899624,
                "h3": 0.26603596146680997,
                "d5": 0.25589198236519134,
                "f8": 0.19689556592061472,
                "b7": 0.18843626084445164,
                "g8": 0.1844449945677757,
                "h2": 0.1545260649459524,
                "d7": 0.10546775452841783
            }
        }
    },
    "puzzle7": {
        "fen": "2r1nrk1/p2q1ppp/bp1p4/n1pPp3/P1P1P3/2PBB1N1/4QPPP/R4RK1 w - - ",
        "move": "f2f4",
        "sorted saliencies": {
            "above threshold": {
                "f2": 1
            },
            "below threshold": {
                "e8": 0.11415842966414574,
                "g7": 0.11360905399731966,
                "d5": 0.11212606686716885,
                "e5": 0.0953544015475531,
                "c3": 0.08584438321551864,
                "a5": 0.08482362257148103,
                "c4": 0.08482362257148103,
                "c5": 0.08482362257148103,
                "e4": 0.08482362257148103,
                "d3": 0.07987224804834744,
                "g3": 0.07825641993514931,
                "f1": 0.07624793730895926,
                "a1": 0.07213708956997171,
                "e3": 0.07001589214184356,
                "g2": 0.06615874063107163,
                "e2": 0.06415314945829327,
                "h2": 0.04605350286936016,
                "a4": 0.03270502656105533
            }
        }
    },
    "puzzle8": {
        "fen": "r2q1rk1/4bppp/p2p4/2pP4/3pP3/3Q4/PP1B1PPP/R3R1K1 w - - ",
        "move": "b2b4",
        "sorted saliencies": {
            "above threshold": {
                "b2": 1
            },
            "below threshold": {
                "d5": 0.07406115968590844,
                "a8": 0.0738510317630968,
                "f2": 0.07381932836398965,
                "e4": 0.07296188249121667,
                "g2": 0.07193758010168018,
                "g7": 0.0667712607048274,
                "c5": 0.05595755407636806,
                "d4": 0.052447339463787344,
                "a2": 0.051922589050019154,
                "a6": 0.04938365187534931,
                "h2": 0.043364906669073895,
                "a1": 0.042839333856535565,
                "e1": 0.03915872485440924,
                "d2": 0.03640094669816573,
                "d3": 0.023329491024429484
            }
        }
    },
    "puzzle9": {
        "fen": "r2q1rk1/1ppnbppp/p2p1nb1/3Pp3/2P1P1P1/2N2N1P/PPB1QP2/R1B2RK1 b - - ",
        "move": "h7h6",
        "sorted saliencies": {
            "above threshold": {
                "h7": 1
            },
            "below threshold": {
                "a8": 0.05069869795395322,
                "f8": 0.05055281003723076,
                "d7": 0.04949371918508311,
                "g6": 0.04949371918508311,
                "f6": 0.04935346790618448,
                "f1": 0.04233583289726979,
                "e2": 0.04221369882194081,