{
    "move1": {
        "fen": "8/p3ppk1/1p4pp/3nN3/6PP/1P3P2/P3PK2/8 w - - 0 1",
        "move": "e5c6",
        "sorted saliencies": {
            "above threshold": {
                "e5": 1,
                "c6": 0.7137154562629136,
                "b2": 0.43821443309028074,
                "a5": 0.3933467529133198,
                "b5": 0.390625
            },
            "below threshold": {
                "a7": 0.11245741568157334,
                "b3": 0.05508249760017091,
                "e2": 0.03166884572619189,
                "h4": 0.019515362603230762,
                "e7": 0.015223803864396777,
                "h6": 0.011748376335346705,
                "g4": 0.001099213920802083
            }
        }
    }
}