{
    "move1": {
        "fen": "8/p3ppk1/1p4pp/3nN3/6PP/1P3P2/P3PK2/8 w - - 0 1",
        "move": "e5c6",
        "sorted saliencies": {
            "above threshold": {
                "a2": 1,
                "a7": 1,
                "b3": 1,
                "b6": 1,
                "d5": 1,
                "e2": 1,
                "e5": 1,
                "e7": 1,
                "f3": 1,
                "f7": 1,
                "g4": 1,
                "g6": 1,
                "h4": 1,
                "h6": 1,
                "c6": 0.7137154562629136,
                "b2": 0.43821443309028074,
                "a5": 0.3933467529133198,
                "b5": 0.390625
            },
            "below threshold": {}
        }
    }
}