{
    "move1": {
        "fen": "8/4k3/r4pp1/pR6/P4KP1/5P2/8/8 w - - 0 1",
        "move": "f4e4",
        "sorted saliencies": {
            "above threshold": {
                "f4": 1,
                "e4": 0.7,
                "a7": 0.7,
                "f7": 0.7,
                "b3": 0.7
            },
            "below threshold": {
                "a6": 0.12495719970079829,
                "f6": 0.11166730436348334,
                "a5": 0.10047678130376499
            }
        }
    }
}