{
    "move1": {
        "fen": "8/4k3/r4pp1/pR6/P4KP1/5P2/8/8 w - - 0 1",
        "move": "f4e4",
        "sorted saliencies": {
            "above threshold": {
                "f4": 1,
                "e4": 0.78125,
                "a3": 0.390625,
                "a2": 0.390625
            },
            "below threshold": {
                "a4": 1.5627908150598686e-17,
                "g4": 1.485520410403632e-17,
                "f3": 1.312127361820196e-17
            }
        }
    }
}