{
    "move1": {
        "fen": "8/6b1/4k2p/p1p1p1p1/2P1K1P1/PP3N1P/8/8 w - - 0 1",
        "move": "f3g1",
        "sorted saliencies": {
            "above threshold": {
                "a3": 1,
                "a5": 1,
                "b3": 1,
                "c4": 1,
                "c5": 1,
                "e5": 1,
                "f3": 1,
                "g4": 1,
                "g5": 1,
                "g7": 1,
                "h3": 1,
                "h6": 1,
                "g1": 0.6000915216200169,
                "d2": 0.39137563836627076,
                "d4": 0.3911259254164573,
                "e3": 0.390625
            },
            "below threshold": {}
        }
    }
}