{
    "move1": {
        "fen": "8/6b1/4k2p/p1p1p1p1/2P1K1P1/PP3N1P/8/8 w - - 0 1",
        "move": "f3g1",
        "sorted saliencies": {
            "above threshold": {
                "f3": 1,
                "g1": 0.6000915216200169,
                "d2": 0.39137563836627076,
                "d4": 0.3911259254164573,
                "e3": 0.390625
            },
            "below threshold": {
                "c4": 0.18839154353348414,
                "c5": 0.18197205400643468,
                "b3": 0.1771174501208408,
                "h6": 0.1641872551601154,
                "g5": 0.1436630146259261,
                "g4": 0.13242873436984193,
                "g7": 0.07543549564748324,
                "a5": 0.06017390416783217,
                "e5": 0.01918051024281518
            }
        }
    }
}