{
    "move1": {
        "fen": "8/1ppr1kp1/p1p4p/8/8/5P2/PPP1RKPP/8 w - - 0 1",
        "move": "f2e1",
        "sorted saliencies": {
            "above threshold": {
                "e2": 0.58817993318631,
                "d7": 0.5339002522172455,
                "b7": 0.4962657128219688
            },
            "below threshold": {
                "h6": 0.32841994944839886,
                "g7": 0.31029208939437014,
                "f3": 0.2570627130022591,
                "b2": 0.2484114313841229,
                "g2": 0.12796717998035323,
                "a2": 0.11790601205725443,
                "c2": 0.10375377192350775,
                "h2": 0.05541651378048699,
                "a6": 0.005300685354306325
            }
        }
    }
}