{
    "move1": {
        "fen": "8/1p1b2k1/p1p1p1p1/2P1P2p/1P3P1P/P2B4/5K2/8 w - - 0 1",
        "move": "d3e4",
        "sorted saliencies": {
            "above threshold": {
                "d3": 1,
                "e4": 0.7533897102215711,
                "c3": 0.42860091402278266,
                "c2": 0.4269585302376656,
                "g4": 0.390625
            },
            "below threshold": {
                "b7": 0.0723535843648966,
                "f4": 0.01700403849672624,
                "e6": 0.004655309728563331,
                "g6": 0.0025327899393498715
            }
        }
    }
}