{
    "move1": {
        "fen": "8/8/p4Bp1/1pPb2P1/1P2kp2/P7/5K2/8 w - - 0 1",
        "move": "f2e2",
        "sorted saliencies": {
            "above threshold": {
                "f2": 1,
                "e2": 0.7,
                "g2": 0.7,
                "f7": 0.7,
                "g4": 0.7
            },
            "below threshold": {
                "d5": 0.05225041573334344,
                "g5": 0.02779976529949683,
                "b5": 0.01325936254259586,
                "a6": 0.003506679219458449
            }
        }
    }
}