{
    "move1": {
        "fen": "8/8/p4Bp1/1pPb2P1/1P2kp2/P7/5K2/8 w - - 0 1",
        "move": "f2e2",
        "sorted saliencies": {
            "above threshold": {
                "f2": 1,
                "e2": 0.78125,
                "a5": 0.390625,
                "a4": 0.390625,
                "c6": 0.390625
            },
            "below threshold": {
                "b4": 2.2157216473554315e-18,
                "c5": 1.196844846077534e-18,
                "a3": 5.229937147398795e-19
            }
        }
    }
}