{
    "move1": {
        "fen": "8/p3ppk1/1p4pp/3nN3/6PP/1P3P2/P3PK2/8 w - - 0 1",
        "move": "e5c6",
        "sorted saliencies": {
            "above threshold": {
                "e5": 1,
                "c6": 0.7754939637800693,
                "b2": 0.4736336805139132,
                "a5": 0.390625,
                "a6": 0.390625
            },
            "below threshold": {
                "a7": 0.0873551664312088
            }
        }
    }
}