{
    "move1": {
        "fen": "8/5b2/1k2p1p1/2NpP1P1/1K1P4/8/8/8 w - - 0 1",
        "move": "c5a4",
        "sorted saliencies": {
            "above threshold": {
                "a4": 0.7,
                "b6": 1,
                "c5": 1,
                "h5": 0.7,
                "f5": 0.7,
                "f2": 0.7
            },
            "below threshold": {
                "e6": 0.2629825354513186,
                "g6": 0.20513134224221705,
                "d5": 0.14319178631585955,
                "e5": 0.09299208096812857,
                "f7": 0.07483616318381925,
                "g5": 0.048911423761828214
            }
        }
    }
}