{
    "move1": {
        "fen": "7k/pp4pp/2n5/8/8/P7/1P4PP/2K1B3 b - - 0 1",
        "move": "h8g8",
        "sorted saliencies": {
            "above threshold": {
                "h8": 1,
                "g8": 0.390625
            },
            "below threshold": {
                "e1": 0.028229036904491304,
                "h2": 0.005880707996785169
            }
        }
    }
}