{
    "move1": {
        "fen": "6k1/p2b1ppp/8/8/3N4/1P5P/5PP1/6K1 b - - 0 1",
        "move": "g8f8",
        "sorted saliencies": {
            "above threshold": {
                "g8": 1,
                "f8": 0.7,
                "e6": 0.7,
                "e2": 0.7,
                "e3": 0.7
            },
            "below threshold": {
                "g2": 0.03822014952833441,
                "b3": 0.015338774021433193,
                "f2": 0.0027618591618912285
            }
        }
    }
}