{
    "puzzle1": {
        "fen": "2q1rr1k/3bbnnp/p2p1pp1/2pPp3/PpP1P1P1/1P2BNNP/2BQ1PRK/7R b - - ",
        "move": "e7d8",
        "sorted saliencies": {
            "above threshold": {
                "e7": 1,
                "e8": 0.43147024983805204,
                "f7": 0.40795531593262835,
                "c8": 0.3947518278470835,
                "d8": 0.6547965459260323,
                "c7": 0.4002907526466435,
                "d4": 0.3923701391812046,
                "d3": 0.390625
            },
            "below threshold": {
                "d6": 0.07872373913362775,
                "f3": 0.07619958721489754,
                "g3": 0.0697203941742937,
                "c2": 0.06723582230007193,
                "b3": 0.06420064090548089,
                "h3": 0.05418181728785444,
                "b4": 0.05301473767230182,
                "e3": 0.04950456197840767,
                "c4": 0.0452175441425479,
                "g6": 0.04086510003096043,
                "d5": 0.034311248900694744,
                "f2": 0.034155469456367465,
                "a6": 0.03293872158345154,
                "g2": 0.03292153747285858,
                "h1": 0.02938765419361589,
                "g7": 0.028825548121948947,
                "a4": 0.02454974084529971,
                "f8": 0.02106773050650891,
                "c5": 0.014926041560952239,
                "d2": 0.013659093149929516,
                "g4": 0.008948519764424139,
                "f6": 0.004492425749896197
            }
        }
    },
    "puzzle2": {
        "fen": "3r1k2/4npp1/1ppr3p/p6P/P2PPPP1/1NR5/5K2/2R5 w - - ",
        "move": "d4d5",
        "sorted saliencies": {
            "above threshold": {
                "d4": 1,
                "d5": 0.5771552862608832,
                "f6": 0.3963500667897246,
                "c2": 0.391934232150302,
                "e6": 0.390625
            },
            "below threshold": {
                "f4": 0.2057884323289324,
                "b6": 0.20504444107498648,
                "a5": 0.20052203977424946,
                "e4": 0.19074837267828693,
                "e7": 0.18879900112988227,
                "c6": 0.17396322346981763,
                "c3": 0.1680893880530609,
                "g4": 0.1676465823506642,
                "d6": 0.16734919613539007,
                "c1": 0.16494171067670083,
                "f7": 0.1640089522999907,
                "d8": 0.14983466990072256,
                "g7": 0.1482508453613162,
                "h5": 0.14664428498562776,
                "h6": 0.1399836641290181
            }
        }
    },
    "puzzle3": {
        "fen": "rnbqkb1r/p3pppp/1p6/2ppP3/3N4/2P5/PPP1QPPP/R1B1KB1R w KQkq",
        "move": "e5e6",
        "sorted saliencies": {
            "above threshold": {
                "e5": 1,
                "d4": 0.8260477931362477,
                "f8": 0.7562655384684028,
                "f7": 0.7536066182444703,
                "e7": 0.7532226177997254,
                "g2": 0.7314796301129817,
                "e2": 0.721678838841661,
                "a8": 0.6935359991964317,
                "c1": 0.6482992161241178,
                "f1": 0.5897342541795574,
                "h8": 0.5484870921312474,
                "b8": 0.5430274190678012,
                "d5": 0.4940313510191311,
                "h1": 0.4029324209450778,
                "g7": 0.4018760770306813,
                "h7": 0.3963104448002157,
                "e6": 0.390625,
                "d3": 0.8296818319073357,
                "c7": 0.8263421752571123,
                "b7": 0.816023709744358
            },
            "below threshold": {
                "c5": 0.3671539311388536,
                "a1": 0.3577669128433044,
                "c8": 0.2853669352628164,
                "b6": 0.28338872229599754,
                "c2": 0.26808209916598413,
                "f2": 0.25025551689661824,
                "c3": 0.2433149324130031,
                "h2": 0.20538410284176742,
                "a2": 0.1862841955213537,
                "a7": 0.1077388092949802,
                "b2": 0.08284703273028235
            }
        }
    },
    "puzzle4": {
        "fen": "2r3k1/pppR1pp1/4p3/4P1P1/5P2/1P4K1/P1P5/8 w - - ",
        "move": "g5g6",
        "sorted saliencies": {
            "above threshold": {
                "g5": 1,
                "e6": 0.622199782836292,
                "d7": 0.5879594962620619,
                "c8": 0.5470008264204751,
                "f4": 0.5378709831270986,
                "b3": 0.519052871620016,
                "g7": 0.5067963566958492,
                "e5": 0.5003136756888932,
                "c2": 0.4866832302834684,
                "f7": 0.4605930922014803,
                "a2": 0.44539618818988913,
                "g6": 0.390625,
                "e7": 0.639851594486779,
                "h6": 0.6244815500849924,
                "h7": 0.6244815500849924
            },
            "below threshold": {
                "c7": 0.33233118747441015,
                "b7": 0.3071833638219386,
                "a7": 0.28085305775643576
            }
        }
    },
    "puzzle5": {
        "fen": "4b3/p3kp2/6p1/3pP2p/2pP1P2/4K1P1/P3N2P/8 w - - ",
        "move": "f4f5",
        "sorted saliencies": {
            "above threshold": {
                "f4": 1,
                "e2": 0.61483775266085,
                "e8": 0.6044629627958387,
                "f7": 0.5928517325506695,
                "e5": 0.5413893450801658,
                "d5": 0.5058289948056486,
                "d4": 0.479579042740706,
                "g3": 0.39163604684362174,
                "f5": 0.390625,
                "g6": 0.390625,
                "e6": 0.671738645810881,
                "g5": 0.5932666535894657,
                "g7": 0.5923201609719954
            },
            "below threshold": {
                "h5": 0.33514003404402193,
                "a7": 0.3187882117652311,
                "a2": 0.2457389259688614
            }
        }
    },
    "puzzle6": {
        "fen": "2kr1bnr/pbpq4/2n1pp2/3p3p/3P1P1B/2N2N1Q/PPP3PP/2KR1B1R w - - ",
        "move": "c1b1",
        "sorted saliencies": {
            "above threshold": {
                "c1": 1,
                "c3": 0.4731150585253007,
                "d1": 0.4420464116788242,
                "b1": 0.6329005612382956,
                "g7": 0.40275710187098057,
                "b4": 0.4015001889358587,
                "e5": 0.390625
            },
            "below threshold": {
                "e6": 0.11929983003604838,
                "d8": 0.11631086907322473,
                "b7": 0.11628969446911967,
                "h3": 0.11590757107810895,
                "g8": 0.11158321020533273,
                "f8": 0.11117508485466773,
                "d7": 0.10760188175734922,
                "f6": 0.10037673966461254,
                "h8": 0.10025277528988327,
                "h4": 0.0848056951904299,
                "f3": 0.0847737386602157,
                "h5": 0.08449415037593166,
                "h2": 0.0839196436578385,
                "c7": 0.0749209862314911,
                "f1": 0.07346372511299085,
                "g2": 0.06758214776518258,
                "c6": 0.05890566504410393,
                "c2": 0.05727643601756128,
                "a2": 0.05458978083195882,
                "f4": 0.05362023590136097,
                "h1": 0.04554118433868199,
                "d4": 0.04539530569640445,
                "a7": 0.03662351290977612,
                "d5": 0.032874192351644335
            }
        }
    },
    "puzzle7": {
        "fen": "2r1nrk1/p2q1ppp/bp1p4/n1pPp3/P1P1P3/2PBB1N1/4QPPP/R4RK1 w - - ",
        "move": "f2f4",
        "sorted saliencies": {
            "above threshold": {
                "f2": 1,
                "f1": 0.43873210941485563,
                "e5": 0.4055670897840764,
                "f3": 0.6436728077098784,
                "f4": 0.6436728077098784,
                "g5": 0.4168891835236652,