{
    "puzzle1": {
        "fen": "2q1rr1k/3bbnnp/p2p1pp1/2pPp3/PpP1P1P1/1P2BNNP/2BQ1PRK/7R b - - ",
        "move": "e7d8",
        "sorted saliencies": {
            "above threshold": {
                "e7": 1,
                "e2": 0.49915410402933436,
                "a7": 0.4872635473775977,
                "b2": 0.4870505104652306,
                "e8": 0.39569703766695585,
                "d8": 0.390625
            },
            "below threshold": {
                "c5": 0.06186137942996872,
                "f3": 0.055893611952039346,
                "d6": 0.05570303278201146,
                "g3": 0.049608802071739067,
                "b3": 0.048111044982898,
                "e3": 0.040951141234589435,
                "f2": 0.03436794352084869,
                "g7": 0.03341235917632918,
                "c2": 0.03319954697036016,
                "b4": 0.032150089418793916,
                "h3": 0.030533424292049947,
                "h1": 0.024596398680293268,
                "g6": 0.020188768146743242,
                "d5": 0.015403362140702329,
                "d2": 0.014528783284864203,
                "f8": 0.013195508753117128,
                "a4": 0.009751883556404741,
                "d7": 0.005822214524741899
            }
        }
    },
    "puzzle2": {
        "fen": "3r1k2/4npp1/1ppr3p/p6P/P2PPPP1/1NR5/5K2/2R5 w - - ",
        "move": "d4d5",
        "sorted saliencies": {
            "above threshold": {
                "d4": 1,
                "b7": 0.5105547333001933,
                "f5": 0.510198473641025,
                "f6": 0.5096743051881777,
                "d5": 0.390625
            },
            "below threshold": {
                "b6": 0.11890192319370999,
                "f4": 0.11877730819771773,
                "a5": 0.11545861754079112,
                "e4": 0.10679195135969627,
                "e7": 0.10237635040411333,
                "d6": 0.09224786086480936,
                "c1": 0.08509180020758562,
                "c3": 0.08011602517601286,
                "h5": 0.07394435107912194,
                "c6": 0.0661276126054738,
                "f7": 0.05910042262497477,
                "g4": 0.053596431879873604,
                "g7": 0.02918723608173535,
                "d8": 0.01373599668127841,
                "h6": 0.0034077858961235803
            }
        }
    },
    "puzzle3": {
        "fen": "rnbqkb1r/p3pppp/1p6/2ppP3/3N4/2P5/PPP1QPPP/R1B1KB1R w KQkq",
        "move": "e5e6",
        "sorted saliencies": {
            "above threshold": {
                "g3": 1.0767007461886822,
                "g4": 1.0016720134670578,
                "e5": 1,
                "g6": 0.9638399905680967,
                "d4": 0.8171221884686075,
                "f8": 0.7699353057319013,
                "e2": 0.7675639482682243,
                "e7": 0.7578219816258811,
                "f7": 0.7284352281188977,
                "g2": 0.7175086926794272,
                "a8": 0.7139021974005855,
                "c8": 0.6148638909390544,
                "f1": 0.6036205905419583,
                "b8": 0.5754291740567036,
                "h8": 0.5394951106741336,
                "c1": 0.5394866296407461,
                "d5": 0.4775276913051167,
                "c5": 0.46102049787513216,
                "d8": 0.4041267222973863,
                "h7": 0.3912944518421926,
                "e6": 0.390625
            },
            "below threshold": {
                "g7": 0.3583713990434506,
                "a1": 0.34166263203589003,
                "h1": 0.338008399745258,
                "c3": 0.31316916439170217,
                "b2": 0.2964654767365773,
                "h2": 0.2568449072935079,
                "c2": 0.220784725016301,
                "b6": 0.18065861059157823,
                "a7": 0.15104455045652415,
                "a2": 0.1062485335191824
            }
        }
    },
    "puzzle4": {
        "fen": "2r3k1/pppR1pp1/4p3/4P1P1/5P2/1P4K1/P1P5/8 w - - ",
        "move": "g5g6",
        "sorted saliencies": {
            "above threshold": {
                "f2": 1.1931710102764819,
                "f6": 1.1791014886717701,
                "c4": 1.175339115222205,
                "g5": 1,
                "d7": 0.8468952864831413,
                "c8": 0.7407074917190113,
                "e6": 0.737523794092017,
                "c2": 0.7221012623367687,
                "e5": 0.7139953226054657,
                "f4": 0.7111955152005597,
                "b3": 0.7052990736077065,
                "a2": 0.6695697609353641,
                "f7": 0.6108231072505117,
                "b7": 0.5779384774388404,
                "g7": 0.5354158183976663,
                "a7": 0.5035710558773332,
                "g6": 0.42058622897995396
            },
            "below threshold": {
                "c7": 0.364891213529227
            }
        }
    },
    "puzzle5": {
        "fen": "4b3/p3kp2/6p1/3pP2p/2pP1P2/4K1P1/P3N2P/8 w - - ",
        "move": "f4f5",
        "sorted saliencies": {
            "above threshold": {
                "f4": 1,
                "g2": 0.7959647463161619,
                "f3": 0.7847354708076902,
                "f2": 0.7811819086604243,
                "f5": 0.46608242588925075,
                "g6": 0.46608242588925075
            },
            "below threshold": {
                "f7": 0.33627261349538135,
                "e8": 0.30352268817656736,
                "e5": 0.3002933996065598,
                "e2": 0.29769277133898847,
                "d4": 0.24003653606035907,
                "d5": 0.22822613401076525,
                "a7": 0.05975635970933827
            }
        }
    },
    "puzzle6": {
        "fen": "2kr1bnr/pbpq4/2n1pp2/3p3p/3P1P1B/2N2N1Q/PPP3PP/2KR1B1R w - - ",
        "move": "f1b5",
        "sorted saliencies": {
            "above threshold": {
                "f1": 1,
                "c5": 0.5471738842350468,
                "e7": 0.5239387327075798,
                "b6": 0.5224892858800558,
                "c6": 0.43780195453976667,
                "b5": 0.390625,
                "c4": 0.390625,
                "d3": 0.390625,
                "e2": 0.390625
            },
            "below threshold": {
                "e6": 0.13228289011207262,
                "h3": 0.11204741463686527,
                "d7": 0.11064786218060735,
                "b2": 0.10895749756934696,
                "f8": 0.10833376375265642,
                "h5": 0.10734410939018921,
                "d8": 0.10265048887036801,
                "h1": 0.10201217253564265,
                "h8": 0.07913769189116338,
                "c7": 0.07810117230860425,
                "h4": 0.0776003943241469,
                "b7": 0.07448775198845481,
                "g8": 0.0710933156493111,
                "g2": 0.04653744151378253,
                "d1": 0.039512584620055954,
                "h2": 0.03513000191999838,
                "d5": 0.03387715827578618,
                "a2": 0.006194347366259746
            }
        }
    },
    "puzzle7": {
        "fen": "2r1nrk1/p2q1ppp/bp1p4/n1pPp3/P1P1P3/2PBB1N1/4QPPP/R4RK1 w - - ",
        "move": "f2f4",
        "sorted saliencies": {
            "above threshold": {
                "f2": 1,
                "g6": 0.5087987617869332,
                "g5": 0.5086881195086645,
                "g4": 0.5080729931075144,
                "e5": 0.390625,
                "f3": 0.390625,
                "f4": 0.390625
            },
            "below threshold": {
                "d3": 0.1059219488668822,
                "g3": 0.08784147697524679,
                "e2": 0.07519892866171607,
                "a1": 0.0748995556429046,
                "f8": 0.06568477497039071,
                "c8": 0.06250797120912979,
                "d7": 0.06250774931809368,
                "c5": 0.06110636212985345,
                "c4": 0.05217959845239462,
                "a4": 0.04313093462281607,
                "a5": 0.0392842708488556,