{
    "puzzle1": {
        "fen": "2q1rr1k/3bbnnp/p2p1pp1/2pPp3/PpP1P1P1/1P2BNNP/2BQ1PRK/7R b - - ",
        "move": "a6a5",
        "sorted saliencies": {
            "above threshold": {
                "a6": 1
            },
            "below threshold": {
                "c2": 0.0980606762679272,
                "b4": 0.09631653469843737,
                "h3": 0.08231882540004962,
                "g3": 0.06620284481156663,
                "d5": 0.058817788938490746,
                "e5": 0.052124332073950806,
                "f3": 0.05086235491762331,
                "f2": 0.04957425916794199,
                "d2": 0.042818074850316266,
                "e3": 0.04111081173812998,
                "h1": 0.03581453985062858,
                "d7": 0.033731373576291634,
                "d6": 0.031788358897054426,
                "b3": 0.03052497652101384,
                "f6": 0.02498305931143876,
                "g7": 0.024350544033641324,
                "g2": 0.018233295315746082,
                "e8": 0.01810380253656923,
                "f8": 0.0075514488625534545
            }
        }
    },
    "puzzle2": {
        "fen": "3r1k2/4npp1/1ppr3p/p6P/P2PPPP1/1NR5/5K2/2R5 w - - ",
        "move": "d4d5",
        "sorted saliencies": {
            "above threshold": {
                "d4": 1
            },
            "below threshold": {
                "f4": 0.19648530178912643,
                "a5": 0.19560504914600943,
                "b6": 0.19498436472284916,
                "e4": 0.18286345643292068,
                "c3": 0.16229589289026508,
                "f7": 0.16112740506764456,
                "d6": 0.1587546304611079,
                "e7": 0.15712143957139513,
                "h5": 0.15399277640350517,
                "c6": 0.1517856149977869,
                "h6": 0.13941040426113532,
                "c1": 0.13846925878270175,
                "d8": 0.13541526101470044,
                "g7": 0.12669927654659693,
                "g4": 0.10790491208100393
            }
        }
    },
    "puzzle3": {
        "fen": "rnbqkb1r/p3pppp/1p6/2ppP3/3N4/2P5/PPP1QPPP/R1B1KB1R w KQkq",
        "move": "e5e6",
        "sorted saliencies": {
            "above threshold": {
                "e5": 1,
                "d4": 0.7716116673827993,
                "f7": 0.7711399795428361,
                "g7": 0.7499548524287057,
                "e7": 0.6989735074305838,
                "f8": 0.6982193266587072,
                "e2": 0.6892574441610454,
                "a8": 0.6245330295534309,
                "g2": 0.5628613639958372,
                "b8": 0.5284066421002589,
                "d5": 0.4929315558769396,
                "c8": 0.47744382326327434,
                "c5": 0.4092580005179164
            },
            "below threshold": {
                "c1": 0.3222360144394322,
                "h1": 0.2923354574355995,
                "h7": 0.20548740710476993,
                "b2": 0.1546420708722357,
                "a1": 0.0960748188136944,
                "b6": 0.05155199156153058,
                "c2": 0.0427417708936283
            }
        }
    },
    "puzzle4": {
        "fen": "2r3k1/pppR1pp1/4p3/4P1P1/5P2/1P4K1/P1P5/8 w - - ",
        "move": "g5g6",
        "sorted saliencies": {
            "above threshold": {
                "g5": 1,
                "f7": 0.7035131868825375,
                "b3": 0.6708790208455877,
                "c7": 0.5879929347045008,
                "d7": 0.5403581372831436,
                "e6": 0.5121684493261796,
                "c8": 0.4867186237122383,
                "g7": 0.4683492704308785
            },
            "below threshold": {
                "c2": 0.344315283075344,
                "f4": 0.25366106448153625,
                "a2": 0.1837212675124189,
                "b7": 0.17578362016472548,
                "a7": 0.13986733926243217
            }
        }
    },
    "puzzle5": {
        "fen": "4b3/p3kp2/6p1/3pP2p/2pP1P2/4K1P1/P3N2P/8 w - - ",
        "move": "f4f5",
        "sorted saliencies": {
            "above threshold": {
                "f4": 1,
                "h5": 0.7311243719750915
            },
            "below threshold": {
                "g3": 0.20422290310902447,
                "a7": 0.14480261246076342,
                "a2": 0.012684108751408178
            }
        }
    },
    "puzzle6": {
        "fen": "2kr1bnr/pbpq4/2n1pp2/3p3p/3P1P1B/2N2N1Q/PPP3PP/2KR1B1R w - - ",
        "move": "d1e1",
        "sorted saliencies": {
            "above threshold": {
                "d1": 1
            },
            "below threshold": {
                "d5": 0.16224698748902722,
                "f3": 0.1584383202680681,
                "h3": 0.1281092175190769,
                "e6": 0.12595305127584552,
                "d7": 0.12194106969018834,
                "d8": 0.12041143899128766,
                "b7": 0.11994830989846342,
                "f6": 0.11699869728546183,
                "h8": 0.10431632588543172,
                "d4": 0.10046828760169249,
                "h4": 0.09722497553781907,
                "h1": 0.08979263765744712,
                "c6": 0.087425042769748,
                "f8": 0.08613575497756573,
                "c3": 0.081394587858718,
                "f1": 0.06469316849184478,
                "g8": 0.05782259286568291,
                "b2": 0.05575454397272526,
                "h2": 0.04879998980408143,
                "c2": 0.04461267874026891,
                "a7": 0.036260666983215874,
                "g2": 0.014944943403214188,
                "h5": 0.011569392926484309
            }
        }
    },
    "puzzle7": {
        "fen": "2r1nrk1/p2q1ppp/bp1p4/n1pPp3/P1P1P3/2PBB1N1/4QPPP/R4RK1 w - - ",
        "move": "f2f4",
        "sorted saliencies": {
            "above threshold": {
                "f2": 1
            },
            "below threshold": {
                "d3": 0.06174899597015872,
                "g3": 0.054409412429230954,
                "a1": 0.04941297375974366,
                "f8": 0.019251841665555082,
                "e2": 0.0161841012986192,
                "c8": 0.007289150341688526,
                "d7": 0.0032980243966521925
            }
        }
    },
    "puzzle8": {
        "fen": "r2q1rk1/4bppp/p2p4/2pP4/3pP3/3Q4/PP1B1PPP/R3R1K1 w - - ",
        "move": "b2b4",
        "sorted saliencies": {
            "above threshold": {
                "b2": 1
            },
            "below threshold": {
                "d4": 0.040699790074654255,
                "d2": 0.03461539864520778,
                "a6": 0.03067760796954855,
                "c5": 0.024540812229698977,
                "d3": 0.024527038318728118,
                "d8": 0.02359917518821836,
                "a8": 0.007134479827222184,
                "f8": 0.00600902940653227,
                "d6": 0.0017345693024277864
            }
        }
    },
    "puzzle9": {
        "fen": "r2q1rk1/1ppnbppp/p2p1nb1/3Pp3/2P1P1P1/2N2N1P/PPB1QP2/R1B2RK1 b - - ",
        "move": "h7h5",
        "sorted saliencies": {
            "above threshold": {
                "h7": 1
            },
            "below threshold": {
                "g4": 0.13869787800585948,
                "e4": 0.1142849949858204,
                "f2": 0.11157571063529502,
                "e7": 0.07891504422749182,
                "f7": 0.060554922089600255,
                "e5": 0.05900205090652151,
                "g6": 0.055388454358436555,
                "d5": 0.054350445550013685,
                "d6": 0.05231284349312489,
                "c4": 0.04636867284172852,
                "f6": 0.04614782974362035,
                "d7": 0.044421008836150605,
                "c2": 0.04361947167824369,
                "f3": 0.037711924904174056,
                "c3": 0.028874365928065266,
                "d8": 0.028235615453243938,
                "a8": 0.021759603764853183,
                "e2": 0.021516291355401618,
                "a2": 0.013145390667070348,