{
    "move1": {
        "fen": "8/p3ppk1/1p4pp/3nN3/6PP/1P3P2/P3PK2/8 w - - 0 1",
        "move": "e5c6",
        "sorted saliencies": {
            "above threshold": {
                "e5": 1,
                "c6": 0.7,
                "b2": 0.7,
                "a6": 0.7,
                "a5": 0.7
            },
            "below threshold": {
                "a7": 0.0603990762466403,
                "b3": 0.035515743344052435,
                "f3": 0.03176758100767481,
                "e2": 0.026012445932098588,
                "f7": 0.013560414073180921,
                "g4": 0.00927656166651665,
                "h4": 0.004283425801372952,
                "e7": 0.0005838765117231802
            }
        }
    }
}