{
    "move1": {
        "fen": "4b3/pp2kp1p/5bp1/8/8/4P3/PP2NPPP/3N2K1 w - - 0 1",
        "move": "d1c3",
        "sorted saliencies": {
            "above threshold": {
                "d1": 1,
                "b5": 0.4860207494712334,
                "b6": 0.4860207494712334,
                "b4": 0.4823228266195882,
                "c3": 0.390625
            },
            "below threshold": {
                "e8": 0.06780669286028022
            }
        }
    }
}