{
    "puzzle1": {
        "fen": "2q1rr1k/3bbnnp/p2p1pp1/2pPp3/PpP1P1P1/1P2BNNP/2BQ1PRK/7R b - - ",
        "move": "c8d8",
        "sorted saliencies": {
            "above threshold": {
                "c8": 1
            },
            "below threshold": {
                "h3": 0.0832261299515323,
                "d2": 0.07170532000409811,
                "c5": 0.0572524673395439,
                "f3": 0.04363753323910774,
                "g4": 0.03475939956375768,
                "f2": 0.03322155190773496,
                "d5": 0.027404816333891635,
                "c2": 0.027235253787596343,
                "e4": 0.025470259163645783,
                "e3": 0.024986583008915188,
                "g3": 0.024947962958808627,
                "c4": 0.024120597549860352,
                "h1": 0.02018584640648099,
                "g2": 0.01939999671537575,
                "a4": 0.013656739272051513,
                "f6": 0.012143147909341123,
                "d6": 0.0024651678081392464
            }
        }
    },
    "puzzle2": {
        "fen": "3r1k2/4npp1/1ppr3p/p6P/P2PPPP1/1NR5/5K2/2R5 w - - ",
        "move": "f2e3",
        "sorted saliencies": {
            "above threshold": {
                "e4": 0.06750451492363584
            },
            "below threshold": {
                "g4": 0.008593487919240306,
                "g7": 0.004972041468988973,
                "f7": 0.0026882017100331277
            }
        }
    },
    "puzzle3": {
        "fen": "rnbqkb1r/p3pppp/1p6/2ppP3/3N4/2P5/PPP1QPPP/R1B1KB1R w KQkq",
        "move": "e5e6",
        "sorted saliencies": {
            "above threshold": {
                "e5": 1
            },
            "below threshold": {
                "d4": 0.36997660776881175,
                "e7": 0.36638274469936893,
                "f8": 0.36613168623728354,
                "c5": 0.3072695944165301,
                "e2": 0.29315608367732565,
                "d5": 0.2732428999723971,
                "f7": 0.2686934774347131,
                "a8": 0.24084751952786956,
                "c8": 0.11409576705995346,
                "b2": 0.06232955507493562,
                "b8": 0.059430255672336764,
                "h8": 0.05924904886574253,
                "c1": 0.05855713229193684,
                "a1": 0.02152323266842037,
                "h7": 0.0032200190961087613
            }
        }
    },
    "puzzle4": {
        "fen": "2r3k1/pppR1pp1/4p3/4P1P1/5P2/1P4K1/P1P5/8 w - - ",
        "move": "g5g6",
        "sorted saliencies": {
            "above threshold": {
                "g5": 1
            },
            "below threshold": {
                "c8": 0.23691800491614123,
                "g7": 0.23494937467004473,
                "d7": 0.21591283270963676,
                "e6": 0.2121407686277117,
                "b3": 0.13334554128613282,
                "b7": 0.1299188628870238,
                "c2": 0.11976332745758837,
                "e5": 0.1094512926393806,
                "a2": 0.08740722899718495,
                "f7": 0.08612795988707035,
                "f4": 0.08362733390396794,
                "c7": 0.04738702087258567,
                "a7": 0.0012715859953296188
            }
        }
    },
    "puzzle5": {
        "fen": "4b3/p3kp2/6p1/3pP2p/2pP1P2/4K1P1/P3N2P/8 w - - ",
        "move": "f4f5",
        "sorted saliencies": {
            "above threshold": {
                "f4": 1
            },
            "below threshold": {
                "h5": 0.2270759665997568,
                "f7": 0.17351742144820695,
                "d4": 0.1357233049081816,
                "e5": 0.12144577231848834,
                "d5": 0.08922572498178752,
                "h2": 0.05284095147850261,
                "g3": 0.032132251162280356,
                "e2": 0.01866138954891942
            }
        }
    },
    "puzzle6": {
        "fen": "2kr1bnr/pbpq4/2n1pp2/3p3p/3P1P1B/2N2N1Q/PPP3PP/2KR1B1R w - - ",
        "move": "f4f5",
        "sorted saliencies": {
            "above threshold": {
                "f4": 1
            },
            "below threshold": {
                "d7": 0.1182935539342625,
                "f1": 0.0815344134411916,
                "h5": 0.07714305746973718,
                "f3": 0.05552157954033274,
                "h3": 0.054230651947161146,
                "f8": 0.04365942206631484,
                "b2": 0.04059854154192912,
                "d5": 0.039790338955907084,
                "h4": 0.0384929823849456,
                "b7": 0.02870360570456609,
                "a7": 0.02621753208883036,
                "c6": 0.02151715534137501,
                "g2": 0.013391511379640371,
                "f6": 0.010224237340101434,
                "h8": 0.005993983541129255
            }
        }
    },
    "puzzle7": {
        "fen": "2r1nrk1/p2q1ppp/bp1p4/n1pPp3/P1P1P3/2PBB1N1/4QPPP/R4RK1 w - - ",
        "move": "f2f4",
        "sorted saliencies": {
            "above threshold": {
                "f2": 1
            },
            "below threshold": {
                "d3": 0.07116723835344248,
                "g7": 0.0440057569898658,
                "c5": 0.03653940780507849,
                "e2": 0.03137717143042108,
                "a6": 0.028962709069739672,
                "e3": 0.025302379431143072,
                "e8": 0.024272827214324038,
                "a1": 0.017925371681412013,
                "d5": 0.01566874219130303,
                "c3": 0.009140536575826589,
                "g2": 0.009078251041338706,
                "h2": 0.00800534370317682,
                "e5": 0.007859303779485582,
                "d7": 0.0064296307919600405,
                "a4": 0.006385265460705669,
                "a7": 0.004659510882778182,
                "a5": 0.0029212924070681225,
                "b6": 0.001917992296563154
            }
        }
    },
    "puzzle8": {
        "fen": "r2q1rk1/4bppp/p2p4/2pP4/3pP3/3Q4/PP1B1PPP/R3R1K1 w - - ",
        "move": "b2b4",
        "sorted saliencies": {
            "above threshold": {
                "b2": 1
            },
            "below threshold": {
                "d3": 0.04345859456684722,
                "c5": 0.03430439106490813,
                "d2": 0.025823761779975897,
                "d6": 0.006143019586694374,
                "d4": 0.005471062911966685,
                "d5": 0.004026100028863668,
                "f2": 0.0037039939128702434,
                "a2": 0.0024923044902627448
            }
        }
    },
    "puzzle9": {
        "fen": "r2q1rk1/1ppnbppp/p2p1nb1/3Pp3/2P1P1P1/2N2N1P/PPB1QP2/R1B2RK1 b - - ",
        "move": "a6a5",
        "sorted saliencies": {
            "above threshold": {
                "a6": 1
            },
            "below threshold": {
                "e2": 0.05219493831395214,
                "c7": 0.05190996172803564,
                "e5": 0.047803685750399436,
                "g4": 0.046817075135352146,
                "c4": 0.04133885531592916,
                "d5": 0.039774843716995786,
                "f2": 0.03854843033989609,
                "h3": 0.035237328076644404,
                "f3": 0.034221404972802974,
                "b2": 0.03371735924179918,
                "f8": 0.02742013771623259,
                "f7": 0.026412306440088077,
                "f6": 0.02216326401835642,
                "e4": 0.019746686863806324,
                "c2": 0.01858676858199713,
                "g6": 0.018439100521842014,
                "c1": 0.01715193372376959,
                "h7": 0.015845255704879924,
                "g7": 0.014284882573958432,
                "a1": 0.013075960753929665,
                "e7": 0.012017015594006631,
                "f1": 0.010155030653895137,
                "d6": 0.002371218530284838
            }
        }
    },
    "puzzle10": {
        "fen": "r4k2/pb2bp1r/1p1qp2p/3pNp2/3P1P2/2N3P1/PPP1Q2P/2KRR3 w - - ",
        "move": "g3g4",
        "sorted saliencies": {
            "above threshold": {
                "g3": 1
            },