{
    "move1": {
        "fen": "6k1/2p3np/1p1p2p1/3P4/1PPK1R2/6PB/7P/4r3 w - - 0 1",
        "move": "f4f6",
        "sorted saliencies": {
            "above threshold": {
                "f4": 1,
                "f5": 0.6539233279526817,
                "f6": 0.6539233279526817,
                "h4": 0.3936842783684116,
                "h5": 0.39063375668125494,
                "h6": 0.390625
            },
            "below threshold": {
                "g7": 0.09342055574026661,
                "h3": 0.07066884513867491,
                "e1": 0.05187075869312234,
                "d5": 0.044697918217065286,
                "d6": 0.028227130233370902,
                "h7": 0.027028178551753778,
                "g6": 0.025016483698564042,
                "c7": 0.0077234760255774524,
                "c4": 0.0070676637940816555,
                "b6": 0.0006601865009450035
            }
        }
    }
}