{
    "move1": {
        "fen": "2r3k1/4pp1p/3p2p1/p2R4/1r6/1P4P1/P3PP1P/R5K1 b - - 0 1",
        "move": "a5a4",
        "sorted saliencies": {
            "above threshold": {
                "a5": 1,
                "a2": 0.6572174674042417,
                "b3": 0.6464701243829171
            },
            "below threshold": {
                "c8": 0.3495127399211575,
                "a1": 0.3253034316644287,
                "b4": 0.3246916971246512,
                "d5": 0.32443678330724024
            }
        }
    }
}