{
    "move1": {
        "fen": "6k1/p2b1ppp/8/8/3N4/1P5P/5PP1/6K1 b - - 0 1",
        "move": "g8f8",
        "sorted saliencies": {
            "above threshold": {
                "a7": 1,
                "b3": 1,
                "d4": 1,
                "d7": 1,
                "f2": 1,
                "f7": 1,
                "g2": 1,
                "g7": 1,
                "g8": 1,
                "h3": 1,
                "h7": 1,
                "f8": 0.6581611090711015,
                "e6": 0.39222993744537427,
                "e5": 0.39068513669109056,
                "e2": 0.390625
            },
            "below threshold": {}
        }
    }
}