{
    "move1": {
        "fen": "6k1/p2b1ppp/8/8/3N4/1P5P/5PP1/6K1 b - - 0 1",
        "move": "g8f8",
        "sorted saliencies": {
            "above threshold": {
                "g8": 1,
                "f8": 0.6581611090711015,
                "e6": 0.39222993744537427,
                "e5": 0.39068513669109056,
                "e2": 0.390625
            },
            "below threshold": {
                "g2": 0.035221229395910186,
                "h3": 0.01055151772578094,
                "d4": 0.007211181225784774
            }
        }
    }
}