{
    "move1": {
        "fen": "6k1/p2b1ppp/8/8/3N4/1P5P/5PP1/6K1 b - - 0 1",
        "move": "g8f8",
        "sorted saliencies": {
            "above threshold": {
                "g8": 1,
                "f8": 0.390625
            },
            "below threshold": {
                "d4": 0.01605729518731124,
                "g2": 0.005345899471167851
            }
        }
    }
}