{
    "puzzle1": {
        "fen": "2q1rr1k/3bbnnp/p2p1pp1/2pPp3/PpP1P1P1/1P2BNNP/2BQ1PRK/7R b - - ",
        "move": "e7d8",
        "sorted saliencies": {
            "above threshold": {
                "e7": 1
            },
            "below threshold": {
                "d6": 0.09392080933880369,
                "h3": 0.06309608088828476,
                "g3": 0.05637160567859059,
                "f3": 0.04766466114929152,
                "d5": 0.043662382061892054,
                "b3": 0.03782315745706264,
                "f7": 0.03768746871625222,
                "g7": 0.035690995473703815,
                "a4": 0.03540080114381667,
                "c2": 0.035311585863220106,
                "e8": 0.03276896576876224,
                "f2": 0.031981447378690596,
                "c5": 0.03126618072904756,
                "e3": 0.027850035493400947,
                "h1": 0.024077548617785348,
                "h7": 0.023230582425606734,
                "a6": 0.022266903064459546,
                "g4": 0.02116687730140849,
                "d2": 0.018781825276605636,
                "f6": 0.01587298895939971,
                "f8": 0.012438320934216346,
                "b4": 0.0076349098742194005,
                "g2": 0.0011451421479447426
            }
        }
    },
    "puzzle2": {
        "fen": "3r1k2/4npp1/1ppr3p/p6P/P2PPPP1/1NR5/5K2/2R5 w - - ",
        "move": "d4d5",
        "sorted saliencies": {
            "above threshold": {
                "d4": 1
            },
            "below threshold": {
                "f4": 0.15988749232418428,
                "a5": 0.1579894431236561,
                "b6": 0.1579121780613906,
                "e7": 0.1433760579313952,
                "e4": 0.13976513142380365,
                "f7": 0.1276186667593476,
                "c6": 0.12414130688876941,
                "c3": 0.12377512183207444,
                "c1": 0.12263557239036281,
                "d6": 0.11284281734291407,
                "g4": 0.10171144521115158,
                "h5": 0.0971431103785238,
                "d8": 0.07953502490141354,
                "g7": 0.06900231755152461,
                "h6": 0.058464314331016495
            }
        }
    },
    "puzzle3": {
        "fen": "rnbqkb1r/p3pppp/1p6/2ppP3/3N4/2P5/PPP1QPPP/R1B1KB1R w KQkq",
        "move": "e5e6",
        "sorted saliencies": {
            "above threshold": {
                "e5": 1,
                "d4": 0.8163586639794226,
                "f8": 0.7559415118817294,
                "e2": 0.750027259540288,
                "e7": 0.7493368788450386,
                "a8": 0.7243271334722865,
                "g2": 0.6888548695031543,
                "b8": 0.5396680411518316,
                "h8": 0.5154763807264089,
                "c8": 0.514138512268503,
                "d5": 0.4897309397072178,
                "f1": 0.4849252086763425,
                "c1": 0.46222652994257896,
                "c5": 0.4602195307325056
            },
            "below threshold": {
                "g7": 0.3782153668921434,
                "a1": 0.3680850651176678,
                "h7": 0.35887603269724244,
                "h1": 0.3423500729750849,
                "b2": 0.23558379785561914,
                "f7": 0.2232507209967072,
                "a7": 0.1559655354751205,
                "c2": 0.11700425775442679,
                "c3": 0.0857421645678419,
                "h2": 0.05520409522988717,
                "b6": 0.03636609372176642
            }
        }
    },
    "puzzle4": {
        "fen": "2r3k1/pppR1pp1/4p3/4P1P1/5P2/1P4K1/P1P5/8 w - - ",
        "move": "g5g6",
        "sorted saliencies": {
            "above threshold": {
                "g5": 1,
                "d7": 0.6062844329400563,
                "e6": 0.5615058274781894,
                "c8": 0.5180696577474113,
                "f4": 0.4634184073279308,
                "e5": 0.4564563272564545,
                "b3": 0.45638890325614967,
                "c2": 0.44110666955265254,
                "f7": 0.4091283878005474
            },
            "below threshold": {
                "a2": 0.37034446940654875,
                "g7": 0.3599779959458677,
                "b7": 0.28065489285584533,
                "a7": 0.2793752935222498,
                "c7": 0.23834285061847726
            }
        }
    },
    "puzzle5": {
        "fen": "4b3/p3kp2/6p1/3pP2p/2pP1P2/4K1P1/P3N2P/8 w - - ",
        "move": "f4f5",
        "sorted saliencies": {
            "above threshold": {
                "f4": 1,
                "e2": 0.4845065176631129,
                "f7": 0.4658195869586942,
                "d5": 0.4503176621660464,
                "e8": 0.43323833922949,
                "d4": 0.4228574192030249
            },
            "below threshold": {
                "e5": 0.3664322666896554,
                "h5": 0.3525889038190352,
                "g3": 0.35078639664098094
            }
        }
    },
    "puzzle6": {
        "fen": "2kr1bnr/pbpq4/2n1pp2/3p3p/3P1P1B/2N2N1Q/PPP3PP/2KR1B1R w - - ",
        "move": "f1b5",
        "sorted saliencies": {
            "above threshold": {
                "f1": 1
            },
            "below threshold": {
                "e6": 0.11422904266288385,
                "h3": 0.09900401596361653,
                "d7": 0.09326986346796211,
                "h8": 0.08824383507508853,
                "f8": 0.08566206606207798,
                "h5": 0.08387266424054818,
                "d8": 0.07306194163098119,
                "g8": 0.07205780352903624,
                "b2": 0.06795606010831773,
                "g2": 0.06716213642563712,
                "c7": 0.057748628865837585,
                "h4": 0.057039543272667186,
                "c6": 0.05424636454101609,
                "h1": 0.05092430723573814,
                "h2": 0.048632859919949346,
                "b7": 0.03318982327419321,
                "d5": 0.030302667267574173,
                "c3": 0.028795653644368133,
                "d1": 0.027427282919407586
            }
        }
    },
    "puzzle7": {
        "fen": "2r1nrk1/p2q1ppp/bp1p4/n1pPp3/P1P1P3/2PBB1N1/4QPPP/R4RK1 w - - ",
        "move": "g3f5",
        "sorted saliencies": {
            "above threshold": {
                "g3": 1
            },
            "below threshold": {
                "d3": 0.09204779470594755,
                "e4": 0.08031519021453366,
                "e5": 0.07882102946521914,
                "c3": 0.07769146688119095,
                "a5": 0.07733980528549775,
                "c5": 0.07545060805374991,
                "e3": 0.07047719054129807,
                "e2": 0.0698696982120464,
                "d5": 0.06803262877975137,
                "f8": 0.06159918444193079,
                "c8": 0.06124545001216956,
                "d7": 0.05688642224061389,
                "g7": 0.053272236257548844,
                "f7": 0.038170664006011594,
                "b6": 0.03641505834136083,
                "a6": 0.03522678419833498,
                "a4": 0.028140829030622715,
                "a7": 0.017024801177956485,
                "h7": 0.011313727109478384,
                "c4": 0.010690708620468461
            }
        }
    },
    "puzzle8": {
        "fen": "r2q1rk1/4bppp/p2p4/2pP4/3pP3/3Q4/PP1B1PPP/R3R1K1 w - - ",
        "move": "b2b4",
        "sorted saliencies": {
            "above threshold": {
                "b2": 1
            },
            "below threshold": {
                "d3": 0.13077707666092223,
                "d4": 0.12682048735886262,
                "d2": 0.12311670731903764,
                "d8": 0.11700839591486661,
                "f8": 0.1148859063320563,
                "a8": 0.11112666035099886,
                "c5": 0.1105684245516813,
                "e1": 0.09781761004613704,
                "d5": 0.0976524171848448,
                "a6": 0.09498408517940099,
                "d6": 0.07795969657218618,
                "h7": 0.07440480230320588,