{
    "move1": {
        "fen": "8/p3ppk1/1p4pp/3nN3/6PP/1P3P2/P3PK2/8 w - - 0 1",
        "move": "e5c6",
        "sorted saliencies": {
            "above threshold": {
                "e5": 1,
                "c6": 0.7,
                "b2": 0.7,
                "a6": 0.7,
                "a5": 0.7
            },
            "below threshold": {
                "a7": 0.2388340256951071,
                "d5": 0.17477269709667909,
                "e2": 0.07280092702406249,
                "g4": 0.057668983498735844,
                "h4": 0.03716107530199257
            }
        }
    }
}