{
    "puzzle1": {
        "fen": "1k1r4/pp1b1R2/3q2pp/4p3/2B5/4Q3/PPP2B2/2K5 b - - ",
        "move": "d6d1",
        "sorted saliencies": {
            "above threshold": {
                "c1": 1,
                "d1": 0.7394427266089288,
                "d6": 1,
                "d2": 0.7394427266089288,
                "d3": 0.7394427266089288,
                "d4": 0.7394427266089288,
                "d5": 0.7394427266089288,
                "g4": 0.4111195625862343,
                "f5": 0.39720907055221943,
                "f3": 0.390625
            },
            "below threshold": {
                "b2": 0.062374201914103984,
                "c2": 0.042170209656083125,
                "f2": 0.03175464723675594,
                "b7": 0.008798099642813905,
                "d8": 0.007337901588735375,
                "e5": 0.001989092236238245
            }
        }
    },
    "puzzle2": {
        "fen": "r1b2rk1/2q1b1pp/p2ppn2/1p6/3QP3/1BN1B3/PPP3PP/R4RK1 w - - ",
        "move": "h2h3",
        "sorted saliencies": {
            "above threshold": {
                "h2": 1,
                "h3": 0.6938906078999026,
                "g4": 0.3946880006322985,
                "f4": 0.39170392785272423,
                "c5": 0.390625
            },
            "below threshold": {
                "g2": 0.05360014434793978,
                "e4": 0.04888455961974087,
                "f8": 0.03967578784538154,
                "e3": 0.033833852969161526,
                "d4": 0.027120652654481665,
                "c8": 0.02581214033658443,
                "b5": 0.02579553490334522,
                "e7": 0.022465865552852033,
                "d6": 0.020898199117196363,
                "c3": 0.020717163740707537,
                "c7": 0.01851722358652698,
                "f6": 0.017798572093283976,
                "a8": 0.01419904407419503,
                "a6": 0.0072295459198378365
            }
        }
    },
    "puzzle3": {
        "fen": "1nk1r1r1/pp2n1pp/4p3/q2pPp1N/b1pP1P2/B1P2R2/2P1B1PP/R2Q2K1 w - - ",
        "move": "d1c1",
        "sorted saliencies": {
            "above threshold": {
                "d1": 1,
                "a3": 0.40005963635459596,
                "c1": 0.6985997133055962,
                "d2": 0.40156749701872607,
                "b4": 0.39100090612897775,
                "g6": 0.390625
            },
            "below threshold": {
                "d5": 0.06377242302634822,
                "c4": 0.047769253252799786,
                "f3": 0.045363038032080694,
                "a5": 0.04099948589484083,
                "a4": 0.03884782399904285,
                "e8": 0.03593769557884986,
                "e7": 0.033011203243854065,
                "e2": 0.02304151592872485,
                "e5": 0.022646831708277367,
                "h5": 0.019905323170786377,
                "g7": 0.009543339091124859,
                "c3": 0.001590098782610666
            }
        }
    },
    "puzzle4": {
        "fen": "3rr1k1/pp3pp1/1qn2np1/8/3p4/PP1R1P2/2P1NQPP/R1B3K1 b - - ",
        "move": "c6e5",
        "sorted saliencies": {
            "above threshold": {
                "c6": 1,
                "f6": 0.8534369677326219,
                "b6": 0.8451773336562377,
                "b3": 0.8448444770012626,
                "e8": 0.8358970771179867,
                "c1": 0.8146032310741158,
                "d8": 0.8025425098707073,
                "a1": 0.7703848167511218,
                "d3": 0.7612941261537143,
                "e2": 0.7566869158506868,
                "g2": 0.7293780080700998,
                "f3": 0.6850857484036114,
                "f2": 0.6289123193702569,
                "c2": 0.5962100565425069,
                "a3": 0.50838980211903,
                "e5": 0.390625,
                "h3": 0.8838222879429729,
                "f4": 0.8165256558404728,
                "a4": 0.8003588769153007
            },
            "below threshold": {
                "h2": 0.33731514547513486,
                "d4": 0.2625397359739433,
                "g7": 0.1303661607008969,
                "b7": 0.057974259262825525
            }
        }
    },
    "puzzle5": {
        "fen": "r3r1k1/ppqb1ppp/8/4p1NQ/8/2P5/PP3PPP/R3R1K1 b - - ",
        "move": "d7f5",
        "sorted saliencies": {
            "above threshold": {
                "d7": 1,
                "e6": 0.78125,
                "f5": 0.78125,
                "f7": 0.390625,
                "d6": 0.390625,
                "g6": 0.390625,
                "b6": 0.390625
            },
            "below threshold": {
                "e8": 1.993604006363341e-18,
                "a8": 1.9930157718820903e-18,
                "g7": 1.990989301841407e-18,
                "e5": 1.931960399009165e-18,
                "h7": 1.8839752547246712e-18,
                "b7": 1.3995321507541835e-18,
                "a7": 1.0331749993736701e-18
            }
        }
    },
    "puzzle6": {
        "fen": "rnb2r1k/pp2p2p/2pp2p1/q2P1p2/8/1Pb2NP1/PB2PPBP/R2Q1RK1 w - - ",
        "move": "d1d2",
        "sorted saliencies": {
            "above threshold": {
                "d1": 1,
                "d2": 0.5479251777913835,
                "e3": 0.8195361284455359,
                "c7": 0.4744966877168909,
                "d7": 0.390625
            },
            "below threshold": {
                "a2": 0.26472915453392337,
                "f1": 0.18210867200443903,
                "b7": 0.1766112251556314,
                "b2": 0.17304052062214959,
                "b8": 0.16065792422103292,
                "a7": 0.15988498787675798,
                "a5": 0.1517259513426125,
                "e7": 0.13921579636675213,
                "c6": 0.13173952449084628,
                "e2": 0.10172247598633602,
                "g6": 0.10158957753460182,
                "a8": 0.08276547759389624,
                "f5": 0.06683434521892372,
                "d5": 0.05911537834561658
            }
        }
    },
    "puzzle7": {
        "fen": "2r3k1/1p2q1pp/2b1pr2/p1pp4/6Q1/1P1PP1R1/P1PN2PP/5RK1 w - - ",
        "move": "g4g7",
        "sorted saliencies": {
            "above threshold": {
                "g4": 1,
                "g3": 0.7676679396833356,
                "e7": 0.44261176510250283,
                "h2": 0.4027579960058024,
                "f1": 0.39817106453590834,
                "g5": 0.399201085705453,
                "g6": 0.399201085705453,
                "g7": 0.399201085705453,
                "g8": 0.390625,
                "f4": 0.3970330482074372,
                "f5": 0.390625,
                "f7": 0.390625
            },
            "below threshold": {
                "c2": 0.3871357945179837,
                "f6": 0.3622153797127546,
                "c8": 0.3503269527411157,
                "h7": 0.3220516816429926,
                "c6": 0.28639034736213215,
                "e6": 0.23125605674680735,
                "a2": 0.16695085929174475,
                "b3": 0.1431284422947456,
                "b7": 0.13713719190354115,
                "e3": 0.13198682669918477,
                "d3": 0.118870887743082,
                "d2": 0.04277637116466453,
                "c5": 0.0009580479350969856
            }
        }
    },
    "puzzle8": {
        "fen": "r1bqkb1r/4npp1/p1p4p/1p1pP1B1/8/1B6/PPPN1PPP/R2Q1RK1 w kq - ",
        "move": "d2e4",
        "sorted saliencies": {
            "above threshold": {
                "d2": 1,
                "b3": 0.5987347623908477,
                "d1": 0.5856723785094138,
                "f8": 0.5845982795461155,
                "e5": 0.5789886039509696,
                "d8": 0.5668274556345373,
                "c8": 0.5585208600793666,
                "f2": 0.47359227743885374,
                "h8": 0.43368357643801053,
                "f7": 0.4278819520793725,
                "d5": 0.4221104188625035,
                "a8": 0.4093435751555359,
                "e4": 0.390625,