{
    "puzzle1": {
        "fen": "1k1r4/pp1b1R2/3q2pp/4p3/2B5/4Q3/PPP2B2/2K5 b - - ",
        "move": "d6d1",
        "sorted saliencies": {
            "above threshold": {
                "c3": 1.1887617685777312,
                "c1": 1,
                "d1": 1,
                "d6": 1,
                "b5": 0.9639751396248124,
                "c2": 0.7528363103088697,
                "f4": 0.6713947764727586,
                "b2": 0.5876376426379906,
                "d8": 0.44765215673909026,
                "d2": 0.390625,
                "d3": 0.390625,
                "d4": 0.390625,
                "d5": 0.390625
            },
            "below threshold": {
                "f2": 0.2668745091094132,
                "e3": 2.067943591926844e-10,
                "f7": 8.43769498715113e-15
            }
        }
    },
    "puzzle2": {
        "fen": "r1b2rk1/2q1b1pp/p2ppn2/1p6/3QP3/1BN1B3/PPP3PP/R4RK1 w - - ",
        "move": "c3d5",
        "sorted saliencies": {
            "above threshold": {
                "c3": 1,
                "d2": 0.7265886164376184,
                "d3": 0.7253687495151566,
                "b3": 0.7164863047701955,
                "e7": 0.6594250493829914,
                "d4": 0.6510477465416884,
                "d7": 0.646465524182732,
                "c7": 0.6336052811768315,
                "d5": 0.46436006585067624
            },
            "below threshold": {
                "a8": 0.26521745350795717,
                "c8": 0.2617753473183719,
                "f8": 0.20250080303957513,
                "b5": 0.1895008879353571,
                "d6": 0.1760061818412822,
                "f1": 0.17202935064305783,
                "a1": 0.1682513529320506,
                "g7": 0.14726291029450198,
                "a6": 0.14242512541079128,
                "f6": 0.11989876561827603,
                "e4": 0.11961615404747107,
                "c2": 0.09580508170563728,
                "a2": 0.08162318214667898,
                "h7": 0.03592473994717978,
                "g2": 0.021074587893621242
            }
        }
    },
    "puzzle3": {
        "fen": "1nk1r1r1/pp2n1pp/4p3/q2pPp1N/b1pP1P2/B1P2R2/2P1B1PP/R2Q2K1 w - - ",
        "move": "h5f6",
        "sorted saliencies": {
            "above threshold": {
                "h5": 1,
                "g3": 0.535802162795369,
                "g4": 0.5356537672357982,
                "g6": 0.5355675536570969,
                "g8": 0.5304252521032268,
                "e8": 0.5085967678255059,
                "f6": 0.390625
            },
            "below threshold": {
                "g2": 0.14513221222073938,
                "e5": 0.14335250117281856,
                "e7": 0.12953219784361744,
                "e6": 0.12516230480535565,
                "d5": 0.1169288020544878,
                "c4": 0.115124645264873,
                "h2": 0.10861891831334324,
                "f3": 0.10795761723835628,
                "a4": 0.10445687534622684,
                "c2": 0.10320537841512877,
                "a1": 0.09097332600895203,
                "a3": 0.08687999651026407,
                "f5": 0.08683856314182889,
                "h7": 0.08410740571414882,
                "a5": 0.06702470034460033,
                "b8": 0.04280396581827093,
                "b7": 0.020225505866711083
            }
        }
    },
    "puzzle4": {
        "fen": "3rr1k1/pp3pp1/1qn2np1/8/3p4/PP1R1P2/2P1NQPP/R1B3K1 b - - ",
        "move": "c6e5",
        "sorted saliencies": {
            "above threshold": {
                "b5": 1.2523671643639698,
                "b4": 1.2499771613882495,
                "e4": 1.1701151530803533,
                "c6": 1,
                "f6": 0.8674113812621884,
                "b6": 0.8558574205519323,
                "e8": 0.8515601308784444,
                "b3": 0.8403779139102766,
                "c1": 0.8394853432210986,
                "d8": 0.8306429594529717,
                "a1": 0.7855440912631214,
                "e2": 0.7477757092569908,
                "d3": 0.7367520333589084,
                "f3": 0.7015559402426906,
                "g2": 0.6956934677196752,
                "f2": 0.6521835100598955,
                "c2": 0.64179905645169,
                "a3": 0.54398896506596,
                "h2": 0.44125619965930934,
                "e5": 0.390625
            },
            "below threshold": {
                "d4": 0.26130638130179107,
                "a7": 0.0576787291228532,
                "g7": 0.04333424949503027,
                "g6": 0.020779569661668728
            }
        }
    },
    "puzzle5": {
        "fen": "r3r1k1/ppqb1ppp/8/4p1NQ/8/2P5/PP3PPP/R3R1K1 b - - ",
        "move": "d7f5",
        "sorted saliencies": {
            "above threshold": {
                "h6": 1.267905034233076,
                "g6": 1.1299396969353055,
                "e4": 1.0936331491319249,
                "d7": 1,
                "f7": 0.7195014910338519,
                "g5": 0.6438147239347799,
                "h5": 0.6424699890925513,
                "e1": 0.5302217328815901,
                "e6": 0.4892059235796757,
                "f5": 0.4892059235796757
            },
            "below threshold": {
                "a1": 0.47646380221521417,
                "f2": 0.23545263763690852,
                "c7": 0.1880171621379492,
                "a8": 0.1750336196109936,
                "c3": 0.13645775064484442,
                "b7": 0.04504662008264378,
                "a7": 0.039485628023780334,
                "e8": 0.03920492227447363,
                "a2": 0.03728113471101354,
                "g7": 0.019263344851378355,
                "h7": 0.017542827235881672,
                "b2": 0.01682407460984721
            }
        }
    },
    "puzzle6": {
        "fen": "rnb2r1k/pp2p2p/2pp2p1/q2P1p2/8/1Pb2NP1/PB2PPBP/R2Q1RK1 w - - ",
        "move": "d1d2",
        "sorted saliencies": {
            "above threshold": {
                "d1": 1,
                "d4": 0.8585788259823846,
                "d3": 0.8580035087639613,
                "a3": 0.8011731562780078,
                "d2": 0.4952754039972953
            },
            "below threshold": {
                "a2": 0.271738291668886,
                "b8": 0.18302466671254142,
                "f1": 0.18069748565336974,
                "b2": 0.16612166730613542,
                "a7": 0.16131177254108675,
                "a8": 0.14449866822577534,
                "a5": 0.14190056092197592,
                "b7": 0.11234165304250099,
                "c6": 0.08068088036148255,
                "g6": 0.07035781180725478,
                "d6": 0.0647923658867221,
                "f5": 0.054028945018838745,
                "e2": 0.04207919307508224,
                "e7": 0.022064945777238318,
                "f2": 0.002367143055770367
            }
        }
    },
    "puzzle7": {
        "fen": "2r3k1/1p2q1pp/2b1pr2/p1pp4/6Q1/1P1PP1R1/P1PN2PP/5RK1 w - - ",
        "move": "g4g7",
        "sorted saliencies": {
            "above threshold": {
                "g4": 1,
                "h3": 0.7653283672997839,
                "h4": 0.7607010230279577,
                "h5": 0.754757634932363,
                "e7": 0.4221626079145192,
                "g5": 0.390625,
                "g6": 0.390625,
                "g8": 0.390625
            },
            "below threshold": {
                "h2": 0.3725837878288452,
                "f1": 0.37027747959122675,
                "g3": 0.35204011297373683,
                "f6": 0.33447026303535127,
                "c8": 0.3009086198003556,
                "c6": 0.26378629118825947,
                "h7": 0.2596764045363252,
                "d2": 0.25467666981837483,
                "b3": 0.23293623629124907,
                "e6": 0.2126569406697979,
                "a2": 0.16344835294407767,
                "e3": 0.0941620381261166,
                "c2": 0.08495240100172283,
                "c5": 0.053007199558256286,