{
    "move1": {
        "fen": "8/6b1/4k2p/p1p1p1p1/2P1K1P1/PP3N1P/8/8 w - - 0 1",
        "move": "f3d2",
        "sorted saliencies": {
            "above threshold": {
                "f3": 1,
                "d4": 0.5897336085428766,
                "c6": 0.584823364161923,
                "c7": 0.5814651605340498,
                "d2": 0.390625
            },
            "below threshold": {
                "c5": 0.19123279253214565,
                "h6": 0.1647224083535526,
                "g7": 0.1539415121115687,
                "g4": 0.10391441467922319,
                "g5": 0.08376503386235483,
                "a5": 0.06182580153870433,
                "h3": 0.061249058534190125
            }
        }
    }
}