{
    "move1": {
        "fen": "1n6/4k2p/p3ppp1/1pPp4/3P1PP1/3NP3/P3K2P/8 w - - 0 1",
        "move": "g4g5",
        "sorted saliencies": {
            "above threshold": {
                "g4": 1,
                "f6": 0.49194908662991105,
                "g5": 0.7,
                "f7": 0.7,
                "g3": 0.7,
                "g2": 0.7
            },
            "below threshold": {
                "g6": 0.09860616741669441,
                "e6": 0.08695516564256689,
                "d5": 0.08625363719440009,
                "h7": 0.07697926263733817,
                "d4": 0.06956188962523925,
                "d3": 0.06309882570004151,
                "f4": 0.03953225683432609
            }
        }
    }
}