{
    "move1": {
        "fen": "1n6/4k2p/p3ppp1/1pPp4/3P1PP1/3NP3/P3K2P/8 w - - 0 1",
        "move": "g4g5",
        "sorted saliencies": {
            "above threshold": {
                "a2": 1,
                "a6": 1,
                "b5": 1,
                "b8": 1,
                "c5": 1,
                "d3": 1,
                "d4": 1,
                "d5": 1,
                "e3": 1,
                "e6": 1,
                "f4": 1,
                "f6": 1,
                "g4": 1,
                "g6": 1,
                "h2": 1,
                "h7": 1,
                "g5": 0.6796859483366411,
                "f7": 0.39073278176573,
                "g3": 0.39062755714974995,
                "g2": 0.390625
            },
            "below threshold": {}
        }
    }
}