{
    "move1": {
        "fen": "8/6b1/4k2p/p1p1p1p1/2P1K1P1/PP3N1P/8/8 w - - 0 1",
        "move": "f3d2",
        "sorted saliencies": {
            "above threshold": {
                "f3": 1,
                "d2": 0.58089911505022,
                "c6": 0.39362984350159413,
                "e2": 0.3906321623688339,
                "e3": 0.390625
            },
            "below threshold": {
                "c5": 0.1999233079800701,
                "h6": 0.18747876450954318,
                "g5": 0.18225738708346056,
                "a5": 0.1446925109106192,
                "e5": 0.08039762376834526,
                "g4": 0.07633101546599544,
                "g7": 0.0401177559807669,
                "a3": 0.01913627929039926,
                "h3": 0.012986701679967676
            }
        }
    }
}