{
    "move1": {
        "fen": "3R4/1p6/2b5/2P1k2p/p3p2P/P6r/1P2KB2/8 b - - 0 1",
        "move": "c6d5",
        "sorted saliencies": {
            "above threshold": {
                "c6": 1,
                "a4": 0.8404941653846888,
                "h4": 0.7090928112359426,
                "h5": 0.6956110457097261,
                "h3": 0.49399619789719745,
                "e4": 0.484150271416545,
                "b2": 0.4781674859191478,
                "d8": 0.4222554994329755
            },
            "below threshold": {
                "a3": 0.3769353799075278,
                "f2": 0.27980832594938204,
                "b7": 0.06460367212650586
            }
        }
    }
}