{
    "move1": {
        "fen": "8/5pk1/r5pp/P7/3R3P/6P1/5PK1/8 w - - 0 1",
        "move": "d4d5",
        "sorted saliencies": {
            "above threshold": {
                "d4": 1
            },
            "below threshold": {
                "a6": 0.19841248205660347,
                "a5": 0.1981806859543894,
                "g3": 0.08124554901526067,
                "h4": 0.0765811210587822,
                "f2": 0.076188338662163
            }
        }
    },
    "move2": {
        "fen": "8/5pk1/r5pp/P2R4/7P/6P1/5PK1/8 b - - 1 1",
        "move": "g7f6",
        "sorted saliencies": {
            "above threshold": {
                "a5": 0.02607743951791511
            },
            "below threshold": {
                "h4": 0.011527235833419806
            }
        }
    },
    "move3": {
        "fen": "8/5p2/r4kpp/P2R4/7P/6P1/5PK1/8 w - - 2 2",
        "move": "g2f3",
        "sorted saliencies": {
            "above threshold": {
                "a6": 0.14950747740642353,
                "a5": 0.07802302272289866,
                "g6": 0.040605392264487165,
                "h6": 0.03496673739997645,
                "f7": 0.01695632536385122,
                "g3": 0.015166668522708088
            },
            "below threshold": {
                "h4": 0.0036776054485358543
            }
        }
    },
    "move4": {
        "fen": "8/5p2/r4kpp/P2R4/7P/5KP1/5P2/8 b - - 3 2",
        "move": "h6h5",
        "sorted saliencies": {
            "above threshold": {
                "h6": 1
            },
            "below threshold": {
                "a6": 0.16272467511406558,
                "g6": 0.16067949469181697,
                "a5": 0.052180964872158696,
                "d5": 0.027615451195323062,
                "g3": 0.026320182769944286,
                "h4": 0.014979054561040468
            }
        }
    },
    "move5": {
        "fen": "8/5p2/r4kp1/P2R3p/7P/5KP1/5P2/8 w - - 0 3",
        "move": "f3e4",
        "sorted saliencies": {
            "above threshold": {
                "a6": 0.14894222554148193,
                "g6": 0.07210382147316724,
                "a5": 0.06787440008285157
            },
            "below threshold": {
                "f2": 0.014320585794389724,
                "h4": 0.0020907612747588806
            }
        }
    },
    "move6": {
        "fen": "8/5p2/r4kp1/P2R3p/4K2P/6P1/5P2/8 b - - 1 3",
        "move": "f6e6",
        "sorted saliencies": {
            "above threshold": {
                "d5": 0.11575772179644396,
                "a5": 0.09405720606435831,
                "h4": 0.05885465408777098
            },
            "below threshold": {
                "f2": 0.05502571438352768,
                "g6": 0.054928165817394736,
                "h5": 0.052473803095643576,
                "g3": 0.044034705735907675,
                "f7": 0.02565131407076556
            }
        }
    },
    "move7": {
        "fen": "8/5p2/r3k1p1/P2R3p/4K2P/6P1/5P2/8 w - - 2 4",
        "move": "f2f4",
        "sorted saliencies": {
            "above threshold": {
                "f2": 1
            },
            "below threshold": {
                "a5": 0.1883986932730149,
                "d5": 0.17892814774857294,
                "g6": 0.09768708511227454,
                "g3": 0.035638573685918426,
                "h5": 0.030383765299347512,
                "h4": 0.02511543693826921
            }
        }
    },
    "move8": {
        "fen": "8/5p2/r3k1p1/P2R3p/4KP1P/6P1/8/8 b - - 0 4",
        "move": "e6e7",
        "sorted saliencies": {
            "above threshold": {
                "d5": 0.19452801373738274,
                "a5": 0.15207200549785393,
                "a6": 0.13034338024175152
            },
            "below threshold": {
                "f4": 0.04016183368325771,
                "g6": 0.038000709705918276,
                "h5": 0.02696285232345072,
                "h4": 0.011263932273205155,
                "g3": 0.007930189615022395
            }
        }
    },
    "move9": {
        "fen": "8/4kp2/r5p1/P2R3p/4KP1P/6P1/8/8 w - - 1 5",
        "move": "f4f5",
        "sorted saliencies": {
            "above threshold": {
                "f4": 1
            },
            "below threshold": {
                "g6": 0.13431859145072286,
                "h4": 0.028574487471190825,
                "a5": 0.02709897574944621,
                "h5": 0.007772913983581858
            }
        }
    },
    "move10": {
        "fen": "8/4kp2/r5p1/P2R1P1p/4K2P/6P1/8/8 b - - 0 5",
        "move": "a6c6",
        "sorted saliencies": {
            "above threshold": {
                "a6": 1
            },
            "below threshold": {
                "d5": 0.16888652798768228,
                "h4": 0.042977607625620244,
                "a5": 0.03964626171381323,
                "f5": 0.009966084517552336,
                "g6": 0.009837882822776678
            }
        }
    },
    "move11": {
        "fen": "8/4kp2/2r3p1/P2R1P1p/4K2P/6P1/8/8 w - - 1 6",
        "move": "f5g6",
        "sorted saliencies": {
            "above threshold": {
                "f5": 1,
                "g6": 1
            },
            "below threshold": {
                "a5": 0.06944465787551948,
                "c6": 0.060835485018596085,
                "h4": 0.0512178370155085,
                "h5": 0.04933799228316136,
                "g3": 0.0474982322025226
            }
        }
    },
    "move12": {
        "fen": "8/4kp2/2r3P1/P2R3p/4K2P/6P1/8/8 b - - 0 6",
        "move": "f7g6",
        "sorted saliencies": {
            "above threshold": {
                "f7": 1,
                "g6": 1,
                "c6": 0.5010387720102292,
                "d5": 0.4524803902943685
            },
            "below threshold": {
                "a5": 0.36499271421971574,
                "h4": 0.2930371493389799,
                "h5": 0.15321791906124466
            }
        }
    },
    "move13": {
        "fen": "8/4k3/2r3p1/P2R3p/4K2P/6P1/8/8 w - - 0 7",
        "move": "e4d4",
        "sorted saliencies": {
            "above threshold": {
                "a5": 0.0732055952421037,
                "c6": 0.05973006852069354,
                "g6": 0.0538167181144283
            },
            "below threshold": {
                "h4": 0.03932762258146098,
                "g3": 0.037976941099354074,
                "h5": 0.019926586265747337
            }
        }
    },
    "move14": {
        "fen": "8/4k3/2r3p1/P2R3p/3K3P/6P1/8/8 b - - 1 7",
        "move": "e7e6",
        "sorted saliencies": {
            "above threshold": {
                "h5": 0.1278829899520873,
                "a5": 0.1194447850113526,
                "d5": 0.11710962795093327,
                "c6": 0.11210812263441267,
                "g6": 0.10700434361579952,
                "h4": 0.08834287627322526,
                "g3": 0.0764116835951134
            },
            "below threshold": {}
        }
    },
    "move15": {
        "fen": "8/8/2r1k1p1/P2R3p/3K3P/6P1/8/8 w - - 2 8",
        "move": "d5b5",
        "sorted saliencies": {
            "above threshold": {
                "d5": 1
            },
            "below threshold": {
                "g6": 0.2574871718291083,
                "h4": 0.24204285544812193,
                "g3": 0.20618100143801196,
                "a5": 0.1893618404108744,
                "h5": 0.1553292039878499,
                "c6": 0.06917651813266165
            }
        }
    },
    "move16": {
        "fen": "8/8/2r1k1p1/PR5p/3K3P/6P1/8/8 b - - 3 8",
        "move": "e6d6",
        "sorted saliencies": {
            "above threshold": {
                "g6": 0.2505574429688453,
                "h5": 0.2268532624514421,
                "b5": 0.19990150358643163
            },
            "below threshold": {
                "a5": 0.1396466196557375,
                "g3": 0.0857916478538337,