{
    "move1": {
        "fen": "8/5pk1/r5pp/P7/3R3P/6P1/5PK1/8 w - - 0 1",
        "move": "d4a4",
        "sorted saliencies": {
            "above threshold": {
                "g5": 1.0144844030027742,
                "f5": 1.0143792129683997,
                "f6": 1.014359980741448,
                "d4": 1,
                "a5": 0.5475075290945326,
                "a6": 0.5475075290945326,
                "f2": 0.5433227754438748,
                "g3": 0.5385365193154186,
                "h4": 0.5358429647775581,
                "a4": 0.46683274602955005,
                "b4": 0.46683274602955005,
                "c4": 0.46683274602955005
            },
            "below threshold": {}
        }
    }
}