{
    "move1": {
        "fen": "8/5pk1/r5pp/P7/3R3P/6P1/5PK1/8 w - - 0 1",
        "move": "d4a4",
        "sorted saliencies": {
            "above threshold": {
                "d4": 1,
                "a5": 0.5475075290945326,
                "a6": 0.5475075290945326,
                "f2": 0.5433227754438748,
                "g3": 0.5385365193154186,
                "h4": 0.5358429647775581,
                "a4": 0.390625,
                "b4": 0.390625,
                "c4": 0.390625,
                "g5": 0.5476516569732243,
                "f5": 0.5475464669388498,
                "f6": 0.5475464669388498
            },
            "below threshold": {}
        }
    }
}