{
    "move1": {
        "fen": "8/4k3/p1B4p/2K5/1P4bP/8/8/8 b - - 0 1",
        "move": "e7f6",
        "sorted saliencies": {
            "above threshold": {
                "e7": 1,
                "f6": 0.6396765274089607,
                "a7": 0.390658199548594,
                "b2": 0.390625,
                "b3": 0.390625
            },
            "below threshold": {
                "a6": 0.1203030462855815,
                "h4": 0.05673506821402502,
                "c6": 0.053124947238213385,
                "b4": 0.035655803095647885
            }
        }
    }
}