{
    "move1": {
        "fen": "4b3/pp2kp1p/5bp1/8/8/4P3/PP2NPPP/3N2K1 w - - 0 1",
        "move": "d1c3",
        "sorted saliencies": {
            "above threshold": {
                "d1": 1,
                "c3": 0.7,
                "e6": 0.7,
                "e5": 0.7,
                "b5": 0.7
            },
            "below threshold": {
                "e8": 0.022712165015161035,
                "f6": 0.02226761146756107,
                "e3": 0.014703170865991712,
                "b7": 0.012054727630672724,
                "h7": 0.002013942446279276
            }
        }
    }
}