{
    "move1": {
        "fen": "8/8/p4Bp1/1pPb2P1/1P2kp2/P7/5K2/8 w - - 0 1",
        "move": "f6d8",
        "sorted saliencies": {
            "above threshold": {
                "f6": 1,
                "c5": 0.347456581750792,
                "a6": 0.3164741880096667,
                "g6": 0.3038742856945864,
                "b5": 0.30372304123035015,
                "d5": 0.2853692488955674,
                "f4": 0.27626064147006824,
                "b4": 0.26126759586875253
            },
            "below threshold": {
                "g5": 0.23704298130191556
            }
        }
    }
}