{
    "move1": {
        "fen": "8/4k3/p1B4p/2K5/1P4bP/8/8/8 b - - 0 1",
        "move": "e7f7",
        "sorted saliencies": {
            "above threshold": {
                "a6": 0.14684376347484457,
                "g4": 0.1269163325161387,
                "h4": 0.09393688220933176
            },
            "below threshold": {
                "b4": 0.05029039518021743,
                "c6": 0.04377001614492295
            }
        }
    },
    "move2": {
        "fen": "8/5k2/p1B4p/2K5/1P4bP/8/8/8 w - - 1 2",
        "move": "c6b7",
        "sorted saliencies": {
            "above threshold": {
                "c6": 1
            },
            "below threshold": {
                "g4": 0.1799791531440068,
                "a6": 0.15153901305875225,
                "b4": 0.04391563922884675
            }
        }
    },
    "move3": {
        "fen": "8/1B3k2/p6p/2K5/1P4bP/8/8/8 b - - 2 2",
        "move": "g4e2",
        "sorted saliencies": {
            "above threshold": {
                "g4": 1
            },
            "below threshold": {
                "b7": 0.13791752324176235,
                "a6": 0.10134927264838807,
                "h4": 0.0837678827841214,
                "b4": 0.05756659953516062
            }
        }
    },
    "move4": {
        "fen": "8/1B3k2/p6p/2K5/1P5P/8/4b3/8 w - - 3 3",
        "move": "c5b6",
        "sorted saliencies": {
            "above threshold": {
                "a6": 0.3318879308988787,
                "b4": 0.32652431921151687,
                "e2": 0.2676392817678214
            },
            "below threshold": {
                "h6": 0.20035336695394443,
                "b7": 0.14620241126753042
            }
        }
    },
    "move5": {
        "fen": "8/1B3k2/pK5p/8/1P5P/8/4b3/8 b - - 4 3",
        "move": "e2d1",
        "sorted saliencies": {
            "above threshold": {
                "e2": 1
            },
            "below threshold": {
                "b7": 0.25948076438138273,
                "b4": 0.24090002563851318,
                "h4": 0.20345539558570508,
                "a6": 0.1487828421637145,
                "h6": 0.041052878039487414
            }
        }
    },
    "move6": {
        "fen": "8/1B3k2/pK5p/8/1P5P/8/8/3b4 w - - 5 4",
        "move": "b7a6",
        "sorted saliencies": {
            "above threshold": {
                "b7": 1
            },
            "below threshold": {
                "a6": 0.2123142744069341,
                "h4": 0.19726566516072863,
                "d1": 0.1826906134596824,
                "b4": 0.1314978021375454,
                "h6": 0.01561369575818819
            }
        }
    },
    "move7": {
        "fen": "8/5k2/BK5p/8/1P5P/8/8/3b4 b - - 0 4",
        "move": "f7g6",
        "sorted saliencies": {
            "above threshold": {
                "h4": 0.2304489207658196,
                "d1": 0.2048176046636158
            },
            "below threshold": {
                "h6": 0.17044219603737387,
                "b4": 0.11321253578707431
            }
        }
    },
    "move8": {
        "fen": "8/8/BK4kp/8/1P5P/8/8/3b4 w - - 1 5",
        "move": "a6c4",
        "sorted saliencies": {
            "above threshold": {
                "a6": 1
            },
            "below threshold": {
                "d1": 0.19037188446262218,
                "h4": 0.13061557167259732,
                "b4": 0.10826891862857677,
                "h6": 0.054623156713682966
            }
        }
    },
    "move9": {
        "fen": "8/8/1K4kp/8/1PB4P/8/8/3b4 b - - 2 5",
        "move": "g6h5",
        "sorted saliencies": {
            "above threshold": {
                "h4": 0.26274890169975884,
                "b4": 0.16006512738307904
            },
            "below threshold": {
                "d1": 0.12002578642428825
            }
        }
    },
    "move10": {
        "fen": "8/8/1K5p/7k/1PB4P/8/8/3b4 w - - 3 6",
        "move": "b6c5",
        "sorted saliencies": {
            "above threshold": {
                "b4": 0.2801330190531686,
                "h6": 0.27931595817144655,
                "h4": 0.2673647761672574,
                "c4": 0.23459538917013134
            },
            "below threshold": {}
        }
    },
    "move11": {
        "fen": "8/8/7p/2K4k/1PB4P/8/8/3b4 b - - 4 6",
        "move": "d1a4",
        "sorted saliencies": {
            "above threshold": {
                "d1": 1,
                "c4": 0.4328292971996412
            },
            "below threshold": {
                "b4": 0.296203462293517,
                "h6": 0.040312708076958956
            }
        }
    },
    "move12": {
        "fen": "8/8/7p/2K4k/bPB4P/8/8/8 w - - 5 7",
        "move": "c4d5",
        "sorted saliencies": {
            "above threshold": {
                "c4": 1,
                "h4": 0.6389906159474164,
                "h6": 0.622768529985085
            },
            "below threshold": {
                "b4": 0.25561455302596026,
                "a4": 0.1391067290000655
            }
        }
    },
    "move13": {
        "fen": "8/8/7p/2KB3k/bP5P/8/8/8 b - - 6 7",
        "move": "h5g4",
        "sorted saliencies": {
            "above threshold": {
                "h6": 0.4619095753671148
            },
            "below threshold": {
                "b4": 0.3469881624633456,
                "a4": 0.13672424871831065,
                "d5": 0.12084918092578097
            }
        }
    },
    "move14": {
        "fen": "8/8/7p/2KB4/bP4kP/8/8/8 w - - 7 8",
        "move": "d5c6",
        "sorted saliencies": {
            "above threshold": {
                "d5": 1,
                "b4": 0.49895967221145476,
                "h4": 0.43837160208943315
            },
            "below threshold": {
                "a4": 0.08643738040636188
            }
        }
    },
    "move15": {
        "fen": "8/8/2B4p/2K5/bP4kP/8/8/8 b - - 8 8",
        "move": "a4d1",
        "sorted saliencies": {
            "above threshold": {
                "a4": 1
            },
            "below threshold": {
                "c6": 0.3549543337293738,
                "h4": 0.3411121697228298,
                "h6": 0.25223141841485097,
                "b4": 0.009839274864250026
            }
        }
    },
    "move16": {
        "fen": "8/8/2B4p/2K5/1P4kP/8/8/3b4 w - - 9 9",
        "move": "b4b5",
        "sorted saliencies": {
            "above threshold": {
                "b4": 1
            },
            "below threshold": {
                "c6": 0.16420911021384083
            }
        }
    },
    "move17": {
        "fen": "8/8/2B4p/1PK5/6kP/8/8/3b4 b - - 0 9",
        "move": "d1e2",
        "sorted saliencies": {
            "above threshold": {
                "d1": 1,
                "b5": 0.8312894068849993
            },
            "below threshold": {
                "c6": 0.36190364938398417,
                "h4": 0.04196544376442147,
                "h6": 0.004140045652159999
            }
        }
    },
    "move18": {
        "fen": "8/8/2B4p/1PK5/6kP/8/4b3/8 w - - 1 10",
        "move": "c6d7",
        "sorted saliencies": {
            "above threshold": {
                "c6": 1,
                "h4": 0.7530357412794254,
                "b5": 0.5142054188026993
            },
            "below threshold": {
                "e2": 0.3873977612340626,
                "h6": 0.27998643801894146
            }
        }
    },
    "move19": {
        "fen": "8/3B4/7p/1PK5/6kP/8/4b3/8 b - - 2 10",
        "move": "g4h5",
        "sorted saliencies": {
            "above threshold": {
                "h4": 0.43202385861709375
            },
            "below threshold": {
                "e2": 0.3522333742170421,
                "b5": 0.3376238478585679,
                "h6": 0.1566966130566007,
                "d7": 0.15014941469578094
            }
        }
    },
    "move20": {
        "fen": "8/3B4/7p/1PK4k/7P/8/4b3/8 w - - 3 11",