{
    "puzzle1": {
        "fen": "1k1r4/pp1b1R2/3q2pp/4p3/2B5/4Q3/PPP2B2/2K5 b - - ",
        "move": "d6d1",
        "sorted saliencies": {
            "above threshold": {
                "d6": 1,
                "c2": 0.7350544242367859,
                "d8": 0.4465758105467805
            },
            "below threshold": {
                "f2": 0.2816275045111717,
                "b2": 0.11358891636893906,
                "e3": 2.388114424277783e-06,
                "f7": 3.774758283725521e-15
            }
        }
    },
    "puzzle2": {
        "fen": "r1b2rk1/2q1b1pp/p2ppn2/1p6/3QP3/1BN1B3/PPP3PP/R4RK1 w - - ",
        "move": "c3d5",
        "sorted saliencies": {
            "above threshold": {
                "c3": 1
            },
            "below threshold": {
                "c8": 0.21447413302464813,
                "a8": 0.21366469561545914,
                "b3": 0.21011033565897694,
                "b5": 0.17349829128481736,
                "a1": 0.16583292367698843,
                "d4": 0.1573826970506656,
                "a6": 0.14911421036705552,
                "e7": 0.13891047464883655,
                "f8": 0.10027569677825046,
                "g2": 0.0960990740302388,
                "f1": 0.09156698227453623,
                "h7": 0.06757515272838853,
                "g7": 0.054498380969316536,
                "d6": 0.039406752212964316,
                "c2": 0.03415308815759816,
                "c7": 0.0331252790366784,
                "b2": 0.03257747587786,
                "a2": 0.01948795127174233,
                "h2": 0.008387803919366865
            }
        }
    },
    "puzzle3": {
        "fen": "1nk1r1r1/pp2n1pp/4p3/q2pPp1N/b1pP1P2/B1P2R2/2P1B1PP/R2Q2K1 w - - ",
        "move": "a3b4",
        "sorted saliencies": {
            "above threshold": {
                "a3": 1
            },
            "below threshold": {
                "c3": 0.1635550823097934,
                "a4": 0.14356261681879312,
                "a5": 0.14130396001448883,
                "b7": 0.13846214232531695,
                "d5": 0.12316121536917807,
                "c2": 0.11358548796267745,
                "a7": 0.113082006142337,
                "e2": 0.11122827362036906,
                "g8": 0.09783249479057804,
                "f5": 0.09670418855958142,
                "e5": 0.0854674870334204,
                "b8": 0.08480114957147583,
                "h2": 0.08437420740955025,
                "g2": 0.07939159034419932,
                "f4": 0.07189286851701757,
                "d4": 0.06984002701216382,
                "g7": 0.06697500351325514,
                "e7": 0.0548883718557737,
                "a1": 0.04855299706604109,
                "e6": 0.046858270634650076,
                "h5": 0.04609058911580322,
                "d1": 0.03246947080093648
            }
        }
    },
    "puzzle4": {
        "fen": "3rr1k1/pp3pp1/1qn2np1/8/3p4/PP1R1P2/2P1NQPP/R1B3K1 b - - ",
        "move": "c6e5",
        "sorted saliencies": {
            "above threshold": {
                "c6": 1,
                "b6": 0.6888917506046824,
                "e8": 0.6857669087969663,
                "c1": 0.6856943247533239,
                "b3": 0.6831922293649135,
                "f6": 0.6690248696260034,
                "d8": 0.6444422413942696,
                "a1": 0.589848099353188,
                "d3": 0.5844198864113022,
                "f2": 0.5145165887585689,
                "f3": 0.47797926463188256,
                "e2": 0.4296893315774137
            },
            "below threshold": {
                "d4": 0.3100852308677392,
                "g2": 0.24143717457079078,
                "g6": 0.14713239996349217,
                "a3": 0.06365398815258545,
                "g7": 0.02279613372368014
            }
        }
    },
    "puzzle5": {
        "fen": "r3r1k1/ppqb1ppp/8/4p1NQ/8/2P5/PP3PPP/R3R1K1 b - - ",
        "move": "d7f5",
        "sorted saliencies": {
            "above threshold": {
                "d7": 1,
                "g5": 0.5378139841574964,
                "h5": 0.5174345094773481,
                "e1": 0.4982716416368257
            },
            "below threshold": {
                "a1": 0.29168288547199683,
                "f2": 0.28056953259370365,
                "f7": 0.25257714071369214,
                "c7": 0.24501770439639575,
                "a2": 0.12305708288429622,
                "g2": 0.10763823562627584,
                "c3": 0.09635476123117229,
                "b2": 0.05359258487952193,
                "a7": 0.047311544956636614,
                "h7": 0.04291281958661129,
                "h2": 0.034554801401979335,
                "a8": 0.021624456876320686,
                "b7": 0.020875779667463828
            }
        }
    },
    "puzzle6": {
        "fen": "rnb2r1k/pp2p2p/2pp2p1/q2P1p2/8/1Pb2NP1/PB2PPBP/R2Q1RK1 w - - ",
        "move": "d1d2",
        "sorted saliencies": {
            "above threshold": {
                "d1": 1,
                "f1": 0.5373364823226688,
                "f3": 0.45047613746096443,
                "c6": 0.4403340599870444
            },
            "below threshold": {
                "e2": 0.36697152909724917,
                "a2": 0.32088288093934036,
                "e7": 0.28599009333205505,
                "d6": 0.27963056921553825,
                "c8": 0.2582619551555277,
                "d5": 0.22212091827161476,
                "f2": 0.21002532025347226,
                "g6": 0.19033785101114728,
                "a7": 0.18826248570318774,
                "b7": 0.171463020655376,
                "b2": 0.15283215036390485,
                "a5": 0.13144623726205049,
                "h7": 0.09781752603515453,
                "b8": 0.04048182924784034
            }
        }
    },
    "puzzle7": {
        "fen": "2r3k1/1p2q1pp/2b1pr2/p1pp4/6Q1/1P1PP1R1/P1PN2PP/5RK1 w - - ",
        "move": "g4g7",
        "sorted saliencies": {
            "above threshold": {
                "g4": 1
            },
            "below threshold": {
                "h2": 0.22648313711249463,
                "f1": 0.2217415935879417,
                "f6": 0.2124712495225871,
                "g3": 0.21153508316163444,
                "e6": 0.1534873828388771,
                "c8": 0.14498250200776874,
                "c2": 0.13885346610061314,
                "h7": 0.038869398164472505,
                "c6": 0.03202544515626841,
                "e3": 0.0054547062604496195,
                "a2": 0.0016577312301935183
            }
        }
    },
    "puzzle8": {
        "fen": "r1bqkb1r/4npp1/p1p4p/1p1pP1B1/8/1B6/PPPN1PPP/R2Q1RK1 w kq - ",
        "move": "d2e4",
        "sorted saliencies": {
            "above threshold": {
                "d2": 1,
                "b3": 0.697038781328929,
                "e5": 0.6969806701328491,
                "f8": 0.6952550508266452,
                "d1": 0.6901321706289509,
                "d8": 0.6885296748917427,
                "c8": 0.674517832505887,
                "f2": 0.5565211839995444,
                "f7": 0.48975648686661416,
                "h8": 0.47417677644152223,
                "e7": 0.42111030076388567
            },
            "below threshold": {
                "d5": 0.3878272056607443,
                "g5": 0.36560855609020787,
                "a1": 0.3174361279763457,
                "h2": 0.30022917690114276,
                "g2": 0.28695974676029473,
                "h6": 0.2358217305797202,
                "a8": 0.20790213308933023,
                "f1": 0.1360205422523346,
                "g7": 0.10581846366311565,
                "a6": 0.06329214588515496,
                "c2": 0.050635647466958936
            }
        }
    },
    "puzzle9": {
        "fen": "r1bq1rk1/pp2ppbp/2np2p1/2n5/P3PP2/N1P2N2/1PB3PP/R1B1QRK1 b - - ",
        "move": "c5b3",
        "sorted saliencies": {
            "above threshold": {
                "c5": 1
            },