{
    "move1": {
        "fen": "8/4k3/p1B4p/2K5/1P4bP/8/8/8 b - - 0 1",
        "move": "e7d8",
        "sorted saliencies": {
            "above threshold": {
                "a6": 1,
                "b4": 1,
                "c6": 1,
                "e7": 1,
                "g4": 1,
                "h4": 1,
                "h6": 1,
                "d8": 0.6502521700340991,
                "d2": 0.3994700059543824,
                "e2": 0.3909299850282438,
                "e6": 0.390625
            },
            "below threshold": {}
        }
    }
}