{
    "move1": {
        "fen": "8/4k3/p1B4p/2K5/1P4bP/8/8/8 b - - 0 1",
        "move": "e7d8",
        "sorted saliencies": {
            "above threshold": {
                "e7": 1,
                "d8": 0.6502521700340991,
                "d2": 0.3994700059543824,
                "e2": 0.3909299850282438,
                "e6": 0.390625
            },
            "below threshold": {
                "h4": 0.08287358933437634,
                "b4": 0.07024410488227664,
                "c6": 0.0655364559857925,
                "h6": 0.037237845991126506,
                "a6": 0.0353730863923961
            }
        }
    }
}