{
    "move1": {
        "fen": "3r4/7p/Rp4k1/5p2/4p3/2P5/PP3P1P/5K2 b - - 0 1",
        "move": "d8d2",
        "sorted saliencies": {
            "above threshold": {
                "b6": 1,
                "d8": 1,
                "d2": 0.7,
                "d3": 0.7,
                "d4": 0.7,
                "d5": 0.7,
                "d6": 0.7,
                "d7": 0.7,
                "e7": 0.7,
                "e6": 0.7,
                "e5": 0.7
            },
            "below threshold": {
                "e4": 0.10696858946352691,
                "b2": 0.08922363470143983,
                "h2": 0.08154448764903742,
                "a2": 0.06776114378074999,
                "c3": 0.06726183773330519,
                "f5": 0.044198229874388296,
                "f2": 0.03819760948759728,
                "h7": 0.0024545608569634704
            }
        }
    }
}