{
    "move1": {
        "fen": "8/1ppr1kp1/p1p4p/8/8/5P2/PPP1RKPP/8 w - - 0 1",
        "move": "f3f4",
        "sorted saliencies": {
            "above threshold": {
                "f3": 1,
                "f4": 0.7,
                "e5": 0.7,
                "e4": 0.7,
                "e7": 0.7
            },
            "below threshold": {
                "e2": 0.0646850478470043,
                "d7": 0.004294956804665073
            }
        }
    }
}