{
    "move1": {
        "fen": "8/5b2/1k2p1p1/2NpP1P1/1K1P4/8/8/8 w - - 0 1",
        "move": "c5a4",
        "sorted saliencies": {
            "above threshold": {
                "a4": 0.5847696457403955,
                "b6": 1,
                "c5": 1,
                "d4": 1,
                "d5": 1,
                "e5": 1,
                "e6": 1,
                "f7": 1,
                "g5": 1,
                "g6": 1,
                "g7": 0.46347586619339104,
                "h2": 0.44452830001545607,
                "h3": 0.390625
            },
            "below threshold": {}
        }
    }
}