{
    "move1": {
        "fen": "8/5b2/1k2p1p1/2NpP1P1/1K1P4/8/8/8 w - - 0 1",
        "move": "c5a4",
        "sorted saliencies": {
            "above threshold": {
                "a4": 0.5847696457403955,
                "b6": 1,
                "c5": 1,
                "g7": 0.46347586619339104,
                "h2": 0.44452830001545607,
                "h3": 0.390625
            },
            "below threshold": {
                "g6": 0.2668090297520944,
                "e5": 0.1309539336878473,
                "d5": 0.12751114125250113,
                "g5": 0.10731708455767218,
                "f7": 0.07678163701888782,
                "d4": 0.05524843148643407
            }
        }
    }
}