{
    "move1": {
        "fen": "2r3k1/4pp1p/3p2p1/p2R4/1r6/1P4P1/P3PP1P/R5K1 b - - 0 1",
        "move": "a5a4",
        "sorted saliencies": {
            "above threshold": {
                "a1": 1,
                "a2": 1,
                "a5": 1,
                "b3": 1,
                "b4": 1,
                "c8": 1,
                "d5": 1,
                "d6": 1,
                "e2": 1,
                "e7": 1,
                "f2": 1,
                "f7": 1,
                "g3": 1,
                "g6": 1,
                "h2": 1,
                "h7": 1,
                "a4": 0.5762427494447386,
                "a3": 0.4733896333798546,
                "d4": 0.4011954106575456,
                "d2": 0.390625
            },
            "below threshold": {}
        }
    }
}