{
    "move1": {
        "fen": "2r3k1/4pp1p/3p2p1/p2R4/1r6/1P4P1/P3PP1P/R5K1 b - - 0 1",
        "move": "a5a4",
        "sorted saliencies": {
            "above threshold": {
                "a5": 1,
                "a3": 0.678396883935116,
                "b4": 0.6668454654515865,
                "d4": 0.606202661212807,
                "d2": 0.5956322505552614,
                "a4": 0.390625
            },
            "below threshold": {
                "a2": 0.29146445803724474,
                "d5": 0.2651624544246008,
                "a1": 0.24884444703073255,
                "b3": 0.21078663556635333,
                "c8": 0.15738992275671718,
                "f2": 0.15618407286113353,
                "e7": 0.11940561931916584,
                "g3": 0.09101264710628774,
                "h7": 0.07424433174303421,
                "e2": 0.062122711752582216,
                "f7": 0.06197766449216951,
                "h2": 0.05111951112868115,
                "g6": 0.045902913791441284
            }
        }
    }
}