{
    "move1": {
        "fen": "8/4k3/r4pp1/pR6/P4KP1/5P2/8/8 w - - 0 1",
        "move": "f4e4",
        "sorted saliencies": {
            "above threshold": {
                "f4": 1,
                "e4": 0.390625
            },
            "below threshold": {
                "a5": 0.07444249871633189,
                "f3": 0.07444249871633189,
                "f6": 0.07444249871633189,
                "g6": 0.07444249871633189,
                "g4": 0.06836492615721326,
                "a4": 0.06767712240477607,
                "a6": 0.04307765929909795
            }
        }
    }
}