{
    "move1": {
        "fen": "4b3/5k2/4p1p1/3pP2p/2pP1P1P/2P5/6N1/2K5 w - - 0 1",
        "move": "g2e1",
        "sorted saliencies": {
            "above threshold": {
                "g2": 1,
                "e1": 0.5338652331263921,
                "h3": 0.39132393161048773,
                "h2": 0.39105892739955284,
                "e7": 0.390625
            },
            "below threshold": {
                "g6": 0.24888375274813318,
                "e5": 0.21912532919329003,
                "e6": 0.21728297224822649,
                "c3": 0.1998548173916636,
                "d5": 0.17474851550216514,
                "h5": 0.1418081545847516,
                "c4": 0.10561205832718978,
                "e8": 0.05854546806776194,
                "f4": 0.04230054023423277,
                "d4": 0.0373340939933555
            }
        }
    }
}