{
    "move1": {
        "fen": "8/p3ppk1/1p4pp/3nN3/6PP/1P3P2/P3PK2/8 w - - 0 1",
        "move": "e5c6",
        "sorted saliencies": {
            "above threshold": {
                "e5": 1,
                "c6": 0.5696672646181109,
                "a6": 0.3941775809637066,
                "b5": 0.3907449889155926,
                "a4": 0.390625
            },
            "below threshold": {
                "a2": 0.19835409870348564,
                "h4": 0.19099778162941553,
                "f7": 0.1803246961376457,
                "f3": 0.17943796225183298,
                "a7": 0.17861855258189155,
                "g4": 0.1338545880655811,
                "b3": 0.13117954334468776,
                "e2": 0.12645618185284802
            }
        }
    }
}