{
    "puzzle1": {
        "fen": "1k1r4/pp1b1R2/3q2pp/4p3/2B5/4Q3/PPP2B2/2K5 b - - ",
        "move": "d6d1",
        "sorted saliencies": {
            "above threshold": {
                "c1": 1,
                "d6": 1,
                "c2": 0.8280121732442421,
                "b2": 0.6129604317588313,
                "d5": 0.390625,
                "d4": 0.390625,
                "d3": 0.390625,
                "d2": 0.390625,
                "d1": 0.390625,
                "c3": 0.8497172145328257,
                "b5": 0.6373212812923552,
                "b3": 0.6103357916140183
            },
            "below threshold": {
                "f2": 0.38727666284912804,
                "d8": 0.1550361643861203,
                "e3": 7.570537504368452e-10,
                "f7": 1.1102230246251556e-15
            }
        }
    },
    "puzzle2": {
        "fen": "r1b2rk1/2q1b1pp/p2ppn2/1p6/3QP3/1BN1B3/PPP3PP/R4RK1 w - - ",
        "move": "c3d5",
        "sorted saliencies": {
            "above threshold": {
                "c3": 1,
                "b3": 0.5550273848957865,
                "d4": 0.5329657519932821,
                "e7": 0.5074963070652144,
                "c7": 0.4845086775518851,
                "d5": 0.6894222197513433,
                "d2": 0.40068910482685866,
                "d3": 0.4006507821200894,
                "f5": 0.390625
            },
            "below threshold": {
                "c8": 0.10190292831760608,
                "a8": 0.09931339229759509,
                "a1": 0.04630009950413427,
                "g2": 0.04015527369200249,
                "a6": 0.02229648953825165,
                "f1": 0.020174010465064843,
                "b5": 0.01790484497724925,
                "c2": 0.013466778177955043,
                "g7": 0.012159187283909537,
                "b2": 0.007897575762223517,
                "h2": 0.0009078647938741149,
                "h7": 0.0003000885476566028
            }
        }
    },
    "puzzle3": {
        "fen": "1nk1r1r1/pp2n1pp/4p3/q2pPp1N/b1pP1P2/B1P2R2/2P1B1PP/R2Q2K1 w - - ",
        "move": "h5f6",
        "sorted saliencies": {
            "above threshold": {
                "h5": 1,
                "g8": 0.5871266923924691,
                "e8": 0.571593071648634,
                "f6": 0.5801472216106996,
                "g3": 0.3913556119411681,
                "g4": 0.3912648968463437,
                "g6": 0.390625
            },
            "below threshold": {
                "g2": 0.20240325200562023,
                "e5": 0.20197775130951903,
                "e7": 0.19506285130158507,
                "f3": 0.16483268090457978,
                "a3": 0.14586727987516818,
                "c2": 0.14382430668257784,
                "a4": 0.13515968725423905,
                "h7": 0.1296529114771552,
                "a1": 0.12954781743009153,
                "c4": 0.11868360145123175,
                "b7": 0.11274079341504882,
                "e6": 0.11072742515992572,
                "c3": 0.10623046095223267,
                "d5": 0.10045742655310015,
                "a5": 0.060624637752096096,
                "d1": 0.050702288331693234,
                "b8": 0.03410175161531666,
                "g7": 0.03142031192265676,
                "f4": 0.023517905972840546,
                "d4": 0.021883052188149437,
                "f5": 0.019111325948939724,
                "a7": 0.014784783419045962,
                "h2": 0.0074326152051967425
            }
        }
    },
    "puzzle4": {
        "fen": "3rr1k1/pp3pp1/1qn2np1/8/3p4/PP1R1P2/2P1NQPP/R1B3K1 b - - ",
        "move": "c6e5",
        "sorted saliencies": {
            "above threshold": {
                "c6": 1,
                "d3": 0.47367346527919685,
                "b6": 0.4652089567675357,
                "f6": 0.46405751903972686,
                "e8": 0.4623371364455514,
                "b3": 0.4563080420871767,
                "c1": 0.45057408133287885,
                "a1": 0.3925898540311729,
                "e2": 0.3908793738015179,
                "e5": 0.390625,
                "b5": 0.45716182355586976,
                "b4": 0.4556164242081424,
                "a2": 0.3929686659300578
            },
            "below threshold": {
                "f2": 0.33928959870961345,
                "d4": 0.33452444490293287,
                "d8": 0.277291476072659,
                "f3": 0.27375756849251326,
                "g6": 0.16659099534937574,
                "a3": 0.1642505067266476,
                "g7": 0.14095569384971812,
                "g2": 0.107129498031639,
                "f7": 0.0699269633232684,
                "h2": 0.042236357916090206,
                "b7": 0.010331494066471564,
                "c2": 0.00032316053397529965
            }
        }
    },
    "puzzle5": {
        "fen": "r3r1k1/ppqb1ppp/8/4p1NQ/8/2P5/PP3PPP/R3R1K1 b - - ",
        "move": "d7f5",
        "sorted saliencies": {
            "above threshold": {
                "d7": 1,
                "f7": 0.6147446844029021,
                "h5": 0.6033541928131625,
                "g5": 0.5813402093087524,
                "e1": 0.4676327592169849,
                "e6": 0.390625,
                "f5": 0.390625,
                "h6": 0.672984970515768,
                "g6": 0.5888565631848163,
                "e2": 0.4610166851786633
            },
            "below threshold": {
                "f2": 0.3530620862365342,
                "c7": 0.33792880357308425,
                "a1": 0.26970707711596803,
                "g2": 0.0735397977252271,
                "b2": 0.06590695731920576,
                "c3": 0.0239783701106368,
                "b7": 0.013913646742126279
            }
        }
    },
    "puzzle6": {
        "fen": "rnb2r1k/pp2p2p/2pp2p1/q2P1p2/8/1Pb2NP1/PB2PPBP/R2Q1RK1 w - - ",
        "move": "d1d2",
        "sorted saliencies": {
            "above threshold": {
                "d1": 1,
                "f3": 0.7551890196338528,
                "f1": 0.5793052777963921,
                "a2": 0.43838020268161854,
                "d2": 0.390625,
                "f4": 0.4767540121808309,
                "d3": 0.46606461960818346,
                "d4": 0.4527207153325283
            },
            "below threshold": {
                "e2": 0.3377368134704981,
                "h7": 0.32211118227024044,
                "f2": 0.2930991199317996,
                "d5": 0.2895880908547836,
                "a7": 0.2629412842860468,
                "c8": 0.2568587403447666,
                "f5": 0.20924897480418844,
                "b2": 0.20101030098528552,
                "a5": 0.17984485963609004,
                "b3": 0.15069487821010574,
                "a1": 0.13045417280294838,
                "g2": 0.11275634238358098,
                "d6": 0.09671078502419826,
                "b8": 0.09122421872840822,
                "b7": 0.07926437991428607,
                "g3": 0.07381003876496284,
                "h2": 0.011166209491094923,
                "c6": 0.007281689734762229
            }
        }
    },
    "puzzle7": {
        "fen": "2r3k1/1p2q1pp/2b1pr2/p1pp4/6Q1/1P1PP1R1/P1PN2PP/5RK1 w - - ",
        "move": "g4g7",
        "sorted saliencies": {
            "above threshold": {
                "g4": 1,
                "e7": 0.390625,
                "g8": 0.390625,
                "g7": 0.6130658017281501,
                "g5": 0.6130658017281501,
                "g6": 0.6130658017281501,
                "h3": 0.3912461406852797,
                "h4": 0.39090359221763543,
                "h6": 0.390625
            },
            "below threshold": {
                "h2": 0.1686567717617941,
                "f1": 0.16815684180716273,
                "f6": 0.16495341621866302,
                "g3": 0.1647421555079223,
                "e6": 0.1323371070997175,
                "h7": 0.05299066154938898,
                "c6": 0.036626394490273745,
                "a2": 0.03200847812012585,