{
    "move1": {
        "fen": "6k1/2p3np/1p1p2p1/3P4/1PPK1R2/6PB/7P/4r3 w - - 0 1",
        "move": "f4f2",
        "sorted saliencies": {
            "above threshold": {
                "f4": 1,
                "h7": 0.5803818094771607,
                "c7": 0.4852216953767113,
                "g6": 0.46484509679587727,
                "g7": 0.4551865584742061,
                "h3": 0.44262193641771,
                "b6": 0.44047912773355036,
                "e1": 0.414040212710331
            },
            "below threshold": {
                "d6": 0.11118597820290899,
                "h2": 0.07892570384001592,
                "g3": 0.06343963715826305,
                "d5": 0.03898774666434302
            }
        }
    }
}