{
    "move1": {
        "fen": "6k1/p2b1ppp/8/8/3N4/1P5P/5PP1/6K1 b - - 0 1",
        "move": "g8f8",
        "sorted saliencies": {
            "above threshold": {
                "g8": 1,
                "f8": 0.626971190737735,
                "b2": 0.4169860954992164,
                "e2": 0.3912498460066407,
                "e6": 0.390625
            },
            "below threshold": {
                "d4": 0.12196886237702875,
                "g7": 0.04909847903937566,
                "d7": 0.04285945704185847,
                "g2": 0.004597651831147337
            }
        }
    }
}