{
    "puzzle1": {
        "fen": "2q1rr1k/3bbnnp/p2p1pp1/2pPp3/PpP1P1P1/1P2BNNP/2BQ1PRK/7R b - - ",
        "move": "f7g5",
        "sorted saliencies": {
            "above threshold": {
                "f7": 1,
                "f3": 0.43769160361738124,
                "g6": 0.41259994908254655,
                "g5": 0.6725387654100086,
                "h4": 0.40040149838096245,
                "f4": 0.39160025435629275,
                "c3": 0.390625
            },
            "below threshold": {
                "e4": 0.12337155229460507,
                "f6": 0.12207548771800382,
                "e7": 0.12062932006903697,
                "e5": 0.11189311753217066,
                "f8": 0.1117141421877397,
                "h7": 0.08071501293549042,
                "e8": 0.07642903897222851,
                "c8": 0.05764194421342456,
                "d6": 0.048671835367357356,
                "c5": 0.043584611392386716,
                "d2": 0.04006054926002741,
                "g3": 0.03754017826349381,
                "c2": 0.035584061234284675,
                "f2": 0.034118739224888235,
                "d5": 0.03281278631215686,
                "h1": 0.025338195738521724,
                "d7": 0.019263314062940115,
                "e3": 0.017797374832904812,
                "g7": 0.008133313625300204,
                "a4": 0.005900163199935705,
                "b3": 0.0038112493187779334
            }
        }
    },
    "puzzle2": {
        "fen": "3r1k2/4npp1/1ppr3p/p6P/P2PPPP1/1NR5/5K2/2R5 w - - ",
        "move": "d4d5",
        "sorted saliencies": {
            "above threshold": {
                "d4": 1,
                "d5": 0.654001920921616,
                "f6": 0.39912788803799226,
                "b4": 0.3944555028169515,
                "c2": 0.390625
            },
            "below threshold": {
                "b6": 0.13418333403412394,
                "c3": 0.12911552757008862,
                "c1": 0.1233541765254328,
                "e7": 0.1224178857856199,
                "f4": 0.12084696840722756,
                "e4": 0.11920345324060021,
                "a5": 0.1170499701204028,
                "d6": 0.10633722438839359,
                "d8": 0.09641501417307932,
                "h6": 0.06564003016381428,
                "h5": 0.0645374493062357,
                "c6": 0.04911047976744541,
                "g4": 0.028757342115689886,
                "f7": 0.01362009075089247,
                "g7": 0.011738401106664149
            }
        }
    },
    "puzzle3": {
        "fen": "rnbqkb1r/p3pppp/1p6/2ppP3/3N4/2P5/PPP1QPPP/R1B1KB1R w KQkq",
        "move": "e5e6",
        "sorted saliencies": {
            "above threshold": {
                "e5": 1,
                "f7": 0.6918660571056745,
                "d4": 0.5097004667651759,
                "e7": 0.5089992206604218,
                "f8": 0.5030455914960625,
                "e2": 0.49306273391210703,
                "e6": 0.390625,
                "c7": 0.5188330504148011,
                "d3": 0.5164421224111021,
                "b7": 0.5067771911977563
            },
            "below threshold": {
                "c8": 0.35157487136744386,
                "d5": 0.3512871585558055,
                "a8": 0.28946412754862444,
                "c5": 0.2875301987419783,
                "b6": 0.2118191481619007,
                "h2": 0.18925956428962346,
                "h8": 0.16357703820463543,
                "b8": 0.14498047474028727,
                "h1": 0.137555087565701,
                "c1": 0.11104028184660764,
                "f2": 0.10885614427658309,
                "h7": 0.10801027106641999,
                "a1": 0.09703917176280881,
                "c3": 0.0324537511699323,
                "g7": 0.019938747393844772
            }
        }
    },
    "puzzle4": {
        "fen": "2r3k1/pppR1pp1/4p3/4P1P1/5P2/1P4K1/P1P5/8 w - - ",
        "move": "g5g6",
        "sorted saliencies": {
            "above threshold": {
                "g5": 1,
                "g6": 0.5881606162817422,
                "h7": 0.45138539494098695,
                "e7": 0.3943766561912502,
                "d6": 0.390625
            },
            "below threshold": {
                "f7": 0.14382031647786211,
                "e6": 0.1420201432353455,
                "c8": 0.12171309642736527,
                "a7": 0.10901754324664453,
                "e5": 0.10427209801754402,
                "b3": 0.09981579999907342,
                "b7": 0.08985498070086022,
                "c2": 0.08551861738883665,
                "g7": 0.052087524560496416,
                "f4": 0.04885757934934456,
                "a2": 0.04814631116393475,
                "d7": 0.009631372517210307
            }
        }
    },
    "puzzle5": {
        "fen": "4b3/p3kp2/6p1/3pP2p/2pP1P2/4K1P1/P3N2P/8 w - - ",
        "move": "f4f5",
        "sorted saliencies": {
            "above threshold": {
                "f4": 1,
                "g6": 0.390625,
                "f5": 0.577515719930041,
                "g5": 0.42698624051846457,
                "g7": 0.40533103943114357,
                "b7": 0.390625
            },
            "below threshold": {
                "f7": 0.19730924861068588,
                "e5": 0.1261134776318488,
                "d4": 0.12555152143386147,
                "d5": 0.11956326033756821,
                "e8": 0.09018960812719112,
                "h5": 0.056225301152196296,
                "h2": 0.033956101803186686,
                "a2": 0.00758901251443433
            }
        }
    },
    "puzzle6": {
        "fen": "2kr1bnr/pbpq4/2n1pp2/3p3p/3P1P1B/2N2N1Q/PPP3PP/2KR1B1R w - - ",
        "move": "f4f5",
        "sorted saliencies": {
            "above threshold": {
                "f4": 1,
                "h3": 0.41192166374142547,
                "f5": 0.6712569401161318,
                "g6": 0.3974780293168769,
                "e2": 0.3944645999164619,
                "g4": 0.390625
            },
            "below threshold": {
                "d7": 0.09871373338648293,
                "h5": 0.08969129837463458,
                "b2": 0.07765354410106524,
                "f3": 0.06592905243381428,
                "e6": 0.06511277924407785,
                "c6": 0.061737006702710366,
                "f8": 0.06158369431622577,
                "h1": 0.0593889539193727,
                "h2": 0.053861382252549765,
                "b7": 0.051253242061672546,
                "f1": 0.04738835683576597,
                "h4": 0.046725939452496104,
                "d4": 0.04542506823899838,
                "a2": 0.04243583954941673,
                "c3": 0.03484805263862919,
                "c2": 0.03146852206397861,
                "d1": 0.030443811775004975,
                "f6": 0.022726788782798175,
                "d5": 0.005283398725319906,
                "g2": 0.0019730681850397857
            }
        }
    },
    "puzzle7": {
        "fen": "2r1nrk1/p2q1ppp/bp1p4/n1pPp3/P1P1P3/2PBB1N1/4QPPP/R4RK1 w - - ",
        "move": "f2f4",
        "sorted saliencies": {
            "above threshold": {
                "f2": 1,
                "e3": 0.4281880307750753,
                "e5": 0.4263931205748209,
                "f3": 0.6740766480554254,
                "f4": 0.6740766480554254,
                "g5": 0.40798577510554673,
                "e7": 0.3912941817445325,
                "b2": 0.390625
            },
            "below threshold": {
                "d3": 0.09648695863878955,
                "e2": 0.08017107075181683,
                "c5": 0.06150720112015584,
                "g7": 0.05439367911765578,
                "a1": 0.051284156554050934,
                "a4": 0.04543900253720058,
                "a7": 0.03892988283184832,
                "a6": 0.038579310546990146,
                "a5": 0.03690057179504775,
                "f8": 0.036535250008239574,
                "c8": 0.03148168103058165,
                "d7": 0.024751730872680053,