{
    "puzzle1": {
        "fen": "2q1rr1k/3bbnnp/p2p1pp1/2pPp3/PpP1P1P1/1P2BNNP/2BQ1PRK/7R b - - ",
        "move": "f8g8",
        "sorted saliencies": {
            "above threshold": {
                "f8": 1,
                "e2": 0.4947602008396274,
                "h6": 0.4435810385640558,
                "a7": 0.4187308246311887,
                "g8": 0.390625
            },
            "below threshold": {
                "a4": 0.02720914948770671,
                "h3": 0.026036930929574265,
                "g3": 0.0242973800216844,
                "f2": 0.023030744067913923,
                "d5": 0.02268165091424728,
                "d2": 0.01900807214194403,
                "h1": 0.013472523406724016,
                "e3": 0.013010453217318025,
                "d6": 0.012328471143072787,
                "f6": 0.012002383657731073,
                "g2": 0.007936032707111223,
                "g4": 0.006565877916920392,
                "a6": 0.004327857582359129,
                "f7": 0.0009886417038293702
            }
        }
    },
    "puzzle2": {
        "fen": "3r1k2/4npp1/1ppr3p/p6P/P2PPPP1/1NR5/5K2/2R5 w - - ",
        "move": "d4d5",
        "sorted saliencies": {
            "above threshold": {
                "d4": 1,
                "b7": 0.5165145779247681,
                "e6": 0.5088046238674673,
                "f6": 0.506376009273195,
                "d5": 0.390625
            },
            "below threshold": {
                "b6": 0.12589682889907855,
                "c3": 0.123779783223053,
                "f4": 0.11509037959743405,
                "a5": 0.11123544016378725,
                "e7": 0.10867499767811993,
                "c1": 0.10828633962222271,
                "e4": 0.10597054565431424,
                "d6": 0.08646589923378767,
                "h5": 0.06866677327969711,
                "d8": 0.05622220413072234,
                "h6": 0.049293817120688366,
                "c6": 0.04887503116327672,
                "g4": 0.0390516825276517,
                "f7": 0.005954892480607353
            }
        }
    },
    "puzzle3": {
        "fen": "rnbqkb1r/p3pppp/1p6/2ppP3/3N4/2P5/PPP1QPPP/R1B1KB1R w KQkq",
        "move": "e5e6",
        "sorted saliencies": {
            "above threshold": {
                "e5": 1,
                "c6": 0.7183667533514083,
                "d6": 0.6921481362331755,
                "g5": 0.6892797064145244,
                "f7": 0.6802028790664532,
                "e7": 0.4441205721154278,
                "d4": 0.44349999793814016,
                "f8": 0.43333830568470816,
                "e2": 0.4096218917031498,
                "e6": 0.390625
            },
            "below threshold": {
                "d5": 0.30552148579781263,
                "c5": 0.2980341856486678,
                "c8": 0.2845706110504435,
                "h8": 0.2649678361221533,
                "a8": 0.2470995712102501,
                "g7": 0.18584358529063388,
                "b8": 0.16029295733212998,
                "h7": 0.15176260606350087,
                "g2": 0.10633023031775124,
                "a1": 0.069817937294502,
                "b6": 0.0565787984363992,
                "f2": 0.046562544240298695
            }
        }
    },
    "puzzle4": {
        "fen": "2r3k1/pppR1pp1/4p3/4P1P1/5P2/1P4K1/P1P5/8 w - - ",
        "move": "g5g6",
        "sorted saliencies": {
            "above threshold": {
                "g5": 1,
                "d2": 0.6149689702880416,
                "f2": 0.5557112111859156,
                "e7": 0.5551134778693882,
                "g6": 0.390625
            },
            "below threshold": {
                "c8": 0.1469860558247509,
                "e5": 0.11449611101491694,
                "f7": 0.11220114210263656,
                "b7": 0.10968806724752965,
                "e6": 0.10627230713107312,
                "a7": 0.09822906438805357,
                "g7": 0.08001264728727585,
                "d7": 0.06505240046258845,
                "c2": 0.061904301674274013,
                "b3": 0.04824757960383283,
                "f4": 0.04583715933071814,
                "a2": 0.041469619406941376
            }
        }
    },
    "puzzle5": {
        "fen": "4b3/p3kp2/6p1/3pP2p/2pP1P2/4K1P1/P3N2P/8 w - - ",
        "move": "f4f5",
        "sorted saliencies": {
            "above threshold": {
                "f4": 1,
                "g2": 0.5978286008691265,
                "e4": 0.5555768118918856,
                "d6": 0.5462844692908354,
                "f5": 0.390625,
                "g6": 0.390625
            },
            "below threshold": {
                "f7": 0.14364105050449216,
                "d5": 0.11161679706059514,
                "e5": 0.11138109826976102,
                "h5": 0.09411144951670973,
                "d4": 0.09175292700109355
            }
        }
    },
    "puzzle6": {
        "fen": "2kr1bnr/pbpq4/2n1pp2/3p3p/3P1P1B/2N2N1Q/PPP3PP/2KR1B1R w - - ",
        "move": "c1b1",
        "sorted saliencies": {
            "above threshold": {
                "c1": 1,
                "b1": 0.390625
            },
            "below threshold": {
                "c7": 0.026551507779104512,
                "f6": 0.02546156562644574,
                "f1": 0.01932476707552098,
                "d7": 0.014856458063165623,
                "h5": 0.012599713923106855,
                "b7": 0.006371058045711057,
                "g8": 0.0036768852576324227
            }
        }
    },
    "puzzle7": {
        "fen": "2r1nrk1/p2q1ppp/bp1p4/n1pPp3/P1P1P3/2PBB1N1/4QPPP/R4RK1 w - - ",
        "move": "f2f4",
        "sorted saliencies": {
            "above threshold": {
                "f2": 1,
                "a3": 0.4886996979284535,
                "a2": 0.48838558637680995,
                "g5": 0.487422832020628,
                "e3": 0.4146837334114953,
                "e5": 0.390625,
                "f3": 0.390625,
                "f4": 0.390625
            },
            "below threshold": {
                "d3": 0.08122998975959143,
                "e2": 0.07312828967843396,
                "a1": 0.040381839856236126,
                "c5": 0.037965997326157214,
                "g7": 0.034641782695982365,
                "f8": 0.030732339540720497,
                "c3": 0.027129181870868244,
                "a6": 0.017870624573491842,
                "a5": 0.01509268436877858,
                "d7": 0.009727407485944242,
                "c8": 0.007601830882656395,
                "d5": 0.0027378701162179974,
                "a4": 0.0010879804533319524,
                "g2": 0.0005153916346918526,
                "a7": 0.0003160514089140355,
                "h2": 0.00018428893279244602
            }
        }
    },
    "puzzle8": {
        "fen": "r2q1rk1/4bppp/p2p4/2pP4/3pP3/3Q4/PP1B1PPP/R3R1K1 w - - ",
        "move": "b2b4",
        "sorted saliencies": {
            "above threshold": {
                "b2": 1,
                "e2": 0.49430706019841475,
                "e3": 0.4938912052849497,
                "d2": 0.4509341994126335,
                "a7": 0.44522371335005195,
                "c5": 0.4314840776999249,
                "b3": 0.390625,
                "b4": 0.390625
            },
            "below threshold": {
                "d3": 0.08872269184512953,
                "d4": 0.05937871642682245,
                "a6": 0.04597842858687091,
                "g2": 0.039545758769009155,
                "e4": 0.03922183911482248,
                "a1": 0.03493105926643142,
                "d5": 0.028358644624901178,
                "d6": 0.027756455585995297,
                "f2": 0.01866696140291362,
                "g7": 0.0182142031447725,
                "f7": 0.006098482209774814,
                "f8": 0.002331312640470287
            }
        }
    },
    "puzzle9": {
        "fen": "r2q1rk1/1ppnbppp/p2p1nb1/3Pp3/2P1P1P1/2N2N1P/PPB1QP2/R1B2RK1 b - - ",
        "move": "h7h6",