{
    "move1": {
        "fen": "1n6/4k2p/p3ppp1/1pPp4/3P1PP1/3NP3/P3K2P/8 w - - 0 1",
        "move": "f4f5",
        "sorted saliencies": {
            "above threshold": {
                "f4": 1,
                "e6": 0.390625,
                "f5": 0.7,
                "g6": 0.390625,
                "b7": 0.7,
                "g5": 0.7,
                "h3": 0.7
            },
            "below threshold": {
                "h7": 0.3354645161193456,
                "g4": 0.3342792070054421,
                "d3": 0.33086081507838844,
                "a2": 0.32524366339064703,
                "c5": 0.32501332550320855,
                "b5": 0.3226288328195209,
                "e3": 0.3025338215667978,
                "d5": 0.2781183424674255,
                "b8": 0.27327701190602666,
                "a6": 0.19197389338798554,
                "f6": 0.13188550696206544,
                "h2": 0.06327751289493168,
                "d4": 0.02751590191493393
            }
        }
    }
}