{
    "move1": {
        "fen": "8/6b1/4k2p/p1p1p1p1/2P1K1P1/PP3N1P/8/8 w - - 0 1",
        "move": "f3e1",
        "sorted saliencies": {
            "above threshold": {
                "f3": 1,
                "a3": 0.6773650446439957
            },
            "below threshold": {
                "a5": 0.3868175130076885,
                "h6": 0.37950938103447796,
                "h3": 0.3653125526851642,
                "g5": 0.33085780354162647,
                "c5": 0.3167497005849988,
                "g7": 0.29831466915285426,
                "b3": 0.03275037852556295,
                "c4": 0.027201905356300203
            }
        }
    }
}