{
    "move1": {
        "fen": "4b3/5k2/4p1p1/3pP2p/2pP1P1P/2P5/6N1/2K5 w - - 0 1",
        "move": "c1b2",
        "sorted saliencies": {
            "above threshold": {
                "c1": 1,
                "g2": 0.4593988510119022,
                "b2": 0.3962829699229587
            },
            "below threshold": {
                "e5": 0.30896938347889474,
                "h4": 0.29525289183987424,
                "c3": 0.2948010208314238,
                "d4": 0.2948010208314238,
                "f4": 0.2689039545412743,
                "g6": 0.16295280185564828,
                "e6": 0.1561909255611829
            }
        }
    }
}