{
    "puzzle1": {
        "fen": "1k1r4/pp1b1R2/3q2pp/4p3/2B5/4Q3/PPP2B2/2K5 b - - ",
        "move": "d6d1",
        "sorted saliencies": {
            "above threshold": {
                "d6": 1,
                "d7": 0.7893179768510772
            },
            "below threshold": {
                "f7": 0.05456254578488497,
                "d8": 0.05120941971536513,
                "c4": 0.05061610790555792,
                "e3": 0.044984923377718734,
                "c2": 0.04480194479328061,
                "b2": 0.03994175555919782,
                "f2": 0.03542642283852585,
                "e5": 2.2204460492503116e-16,
                "b7": 2.220446049250311e-16
            }
        }
    },
    "puzzle2": {
        "fen": "r1b2rk1/2q1b1pp/p2ppn2/1p6/3QP3/1BN1B3/PPP3PP/R4RK1 w - - ",
        "move": "c3d5",
        "sorted saliencies": {
            "above threshold": {
                "c3": 1
            },
            "below threshold": {
                "c8": 0.10656760567518857,
                "b3": 0.10504982231791354,
                "a8": 0.10457626149026837,
                "f1": 0.1020466582366447,
                "a1": 0.09981754139896493,
                "e7": 0.09080638144059154,
                "d4": 0.08882378640191842,
                "d6": 0.053965413463358855,
                "c7": 0.052805653116407454,
                "g7": 0.030149399706808303,
                "c2": 0.023818404374030887,
                "a6": 0.020294735646344198,
                "e4": 0.019337018084642252,
                "a2": 4.3675274566411956e-05
            }
        }
    },
    "puzzle3": {
        "fen": "1nk1r1r1/pp2n1pp/4p3/q2pPp1N/b1pP1P2/B1P2R2/2P1B1PP/R2Q2K1 w - - ",
        "move": "h5f6",
        "sorted saliencies": {
            "above threshold": {
                "h5": 1
            },
            "below threshold": {
                "g2": 0.10446340547008227,
                "e5": 0.10383691112273355,
                "e6": 0.09464075668749647,
                "e7": 0.09391254846030608,
                "a5": 0.0917905433338954,
                "d5": 0.08609391895504638,
                "c4": 0.07755685190928152,
                "f5": 0.07742863479151495,
                "g8": 0.07376851021366242,
                "a1": 0.07279939986987106,
                "f3": 0.07199918578260636,
                "e8": 0.06724602974877113,
                "a4": 0.05886696229254291,
                "h7": 0.0553968577102795,
                "c2": 0.043835453528712535,
                "h2": 0.007066691295926663
            }
        }
    },
    "puzzle4": {
        "fen": "3rr1k1/pp3pp1/1qn2np1/8/3p4/PP1R1P2/2P1NQPP/R1B3K1 b - - ",
        "move": "c6e5",
        "sorted saliencies": {
            "above threshold": {
                "c6": 1,
                "b3": 0.6243389990609808,
                "c1": 0.4854249825290167,
                "a3": 0.429022800683563
            },
            "below threshold": {
                "c2": 0.30129738818126367,
                "a1": 0.2650441434589832,
                "d3": 0.21695547264458878,
                "f2": 0.21393946926428623,
                "f3": 0.12954703117508687,
                "d4": 0.12165876084437713,
                "h2": 0.01976929065284674
            }
        }
    },
    "puzzle5": {
        "fen": "r3r1k1/ppqb1ppp/8/4p1NQ/8/2P5/PP3PPP/R3R1K1 b - - ",
        "move": "d7f5",
        "sorted saliencies": {
            "above threshold": {
                "d7": 1,
                "h5": 0.8635565664161593,
                "c7": 0.7201393202874096,
                "e8": 0.5806077446460317,
                "g5": 0.445090131810804
            },
            "below threshold": {
                "f7": 0.3839239344114468,
                "a8": 0.34161984863489575,
                "c3": 0.30638834029007994,
                "a2": 0.2629417785201466,
                "b2": 0.20288451887712933,
                "e1": 0.14195052069174496,
                "h2": 0.1345504158850236,
                "a1": 0.13319145179087913,
                "f2": 0.11336371115864312,
                "g2": 0.004753908593233844
            }
        }
    },
    "puzzle6": {
        "fen": "rnb2r1k/pp2p2p/2pp2p1/q2P1p2/8/1Pb2NP1/PB2PPBP/R2Q1RK1 w - - ",
        "move": "d1e1",
        "sorted saliencies": {
            "above threshold": {
                "d1": 1,
                "g3": 0.9218210023290291,
                "g2": 0.8952429169773335,
                "f3": 0.7408388947119163,
                "a1": 0.7298049597243826,
                "f2": 0.6949946744866922,
                "f1": 0.5811275130259091,
                "b3": 0.5392342850783107,
                "a7": 0.5248105892514094
            },
            "below threshold": {
                "a2": 0.38590515832529043,
                "f5": 0.37293435296121347,
                "h2": 0.1950596974749119,
                "g6": 0.15872531835585074,
                "a5": 0.10252309137236826,
                "b2": 0.06246723564842466,
                "c6": 0.031853656361273554
            }
        }
    },
    "puzzle7": {
        "fen": "2r3k1/1p2q1pp/2b1pr2/p1pp4/6Q1/1P1PP1R1/P1PN2PP/5RK1 w - - ",
        "move": "g4g7",
        "sorted saliencies": {
            "above threshold": {
                "g4": 1
            },
            "below threshold": {
                "e7": 0.21478768152071495,
                "f1": 0.20584926743631568,
                "h2": 0.192478664132499,
                "c6": 0.19166497230211144,
                "h7": 0.16845177044866136,
                "f6": 0.16240504639306547,
                "d2": 0.15549179213801773,
                "c8": 0.13071603793952472,
                "g3": 0.11601716051282022,
                "d5": 0.08771008930813114,
                "c2": 0.08133458223048641,
                "e6": 0.07304646535115061,
                "e3": 0.009024923764031214
            }
        }
    },
    "puzzle8": {
        "fen": "r1bqkb1r/4npp1/p1p4p/1p1pP1B1/8/1B6/PPPN1PPP/R2Q1RK1 w kq - ",
        "move": "d2e4",
        "sorted saliencies": {
            "above threshold": {
                "d2": 1,
                "e5": 0.572089129334284,
                "f7": 0.5454372565051926,
                "f2": 0.4589475545499703,
                "b3": 0.4568806392761074,
                "c8": 0.4310822845884517,
                "d5": 0.4281307602329788,
                "f8": 0.4025216116150756
            },
            "below threshold": {
                "h8": 0.2879944097317294,
                "a2": 0.28323781683848365,
                "d8": 0.27338471457372887,
                "h2": 0.25625622676532683,
                "e7": 0.24820543386084876,
                "d1": 0.22103038860935012,
                "c2": 0.10271618023750798,
                "h6": 0.07451309666112844,
                "c6": 0.05572420779838101
            }
        }
    },
    "puzzle9": {
        "fen": "r1bq1rk1/pp2ppbp/2np2p1/2n5/P3PP2/N1P2N2/1PB3PP/R1B1QRK1 b - - ",
        "move": "c5b3",
        "sorted saliencies": {
            "above threshold": {
                "c5": 1
            },
            "below threshold": {
                "f7": 0.14047764391291137,
                "c1": 0.14034609264101428,
                "a8": 0.14030356418569473,
                "c6": 0.1330676594157171,
                "a1": 0.13265141594256058,
                "f8": 0.12877028401433643,
                "c8": 0.10305718550425402,
                "c3": 0.0847929137478234,
                "f4": 0.06091911388787299,
                "b2": 0.05022933569010392,
                "g2": 0.04895111857457379,
                "e4": 0.03273071636228363,
                "a4": 0.029504597744974503,
                "h2": 0.014543800832558306
            }
        }
    },
    "puzzle10": {
        "fen": "3rr3/2pq2pk/p2p1pnp/8/2QBPP2/1P6/P5PP/4RRK1 b - - ",
        "move": "e8e4",
        "sorted saliencies": {
            "above threshold": {
                "e8": 1
            },