{
    "move1": {
        "fen": "8/8/p4Bp1/1pPb2P1/1P2kp2/P7/5K2/8 w - - 0 1",
        "move": "f6d8",
        "sorted saliencies": {
            "above threshold": {
                "a3": 1,
                "a6": 1,
                "b4": 1,
                "b5": 1,
                "c5": 1,
                "d5": 1,
                "f4": 1,
                "f6": 1,
                "g5": 1,
                "g6": 1,
                "d8": 0.6987697916996587,
                "e7": 0.6987697916996587,
                "a5": 0.40739333807664446,
                "e2": 0.39615298899612067,
                "e5": 0.390625
            },
            "below threshold": {}
        }
    }
}