{
    "move1": {
        "fen": "8/8/p4Bp1/1pPb2P1/1P2kp2/P7/5K2/8 w - - 0 1",
        "move": "f6d8",
        "sorted saliencies": {
            "above threshold": {
                "f6": 1,
                "d8": 0.6987697916996587,
                "e7": 0.6987697916996587,
                "a5": 0.40739333807664446,
                "e2": 0.39615298899612067,
                "e5": 0.390625
            },
            "below threshold": {
                "b4": 0.10897119717025702,
                "d5": 0.06579446258433634,
                "f4": 0.02875528930843998,
                "g6": 0.02434721797866806,
                "b5": 0.021771998989307137,
                "a6": 0.0127476300359262
            }
        }
    }
}