{
    "move1": {
        "fen": "8/1ppr1kp1/p1p4p/8/8/5P2/PPP1RKPP/8 w - - 0 1",
        "move": "f2e1",
        "sorted saliencies": {
            "above threshold": {
                "f2": 1,
                "e1": 0.390625
            },
            "below threshold": {
                "d7": 0.07121911196288422,
                "a2": 0.06829822045689334,
                "f3": 0.05438308674641171,
                "g2": 0.05235013432154056,
                "h2": 0.0509939906184267,
                "h6": 0.049449357704515216,
                "c6": 0.04668613973595271,
                "c2": 0.04127083611698085,
                "b2": 0.034608072228613326,
                "g7": 0.03312217332851131,
                "b7": 0.030977347142729834,
                "c7": 0.026472010451954412,
                "a6": 0.004299902143322677
            }
        }
    }
}