{
    "move1": {
        "fen": "8/p1p1k3/1p1p2p1/3Pq2p/2P1P3/1P3QPK/P7/8 w - - 0 1",
        "move": "g3g4",
        "sorted saliencies": {
            "above threshold": {
                "g3": 1,
                "g4": 0.5990833575323167,
                "a4": 0.3945563426319238,
                "a5": 0.3923572499878563,
                "a6": 0.390625
            },
            "below threshold": {
                "g6": 0.17756351020914612,
                "a2": 0.1521530386061534,
                "d6": 0.15009387455686168,
                "c4": 0.14270924112234537,
                "a7": 0.11538364213525629,
                "e5": 0.10641356608001493,
                "b6": 0.10245993497001751,
                "b3": 0.09690307222719137,
                "e4": 0.06610944812494157,
                "d5": 0.04852943118672568,
                "h5": 0.04728598675743902,
                "c7": 0.013966926391306034
            }
        }
    }
}