{
    "move1": {
        "fen": "8/1p1b2k1/p1p1p1p1/2P1P2p/1P3P1P/P2B4/5K2/8 w - - 0 1",
        "move": "d3c2",
        "sorted saliencies": {
            "above threshold": {
                "d3": 1,
                "c4": 0.4894024953730861,
                "g2": 0.4878702958680886,
                "f7": 0.485818279617354,
                "c2": 0.390625
            },
            "below threshold": {
                "a6": 0.07032150534243878,
                "f4": 0.046687036298216,
                "b7": 0.04455557393981133,
                "d7": 0.01721857889178664,
                "e6": 0.01607576303535336,
                "g6": 0.015206185743384771,
                "e5": 0.0013746126121427463
            }
        }
    }
}