{
    "move1": {
        "fen": "8/p1p1k3/1p1p2p1/3Pq2p/2P1P3/1P3QPK/P7/8 w - - 0 1",
        "move": "g3g4",
        "sorted saliencies": {
            "above threshold": {
                "g3": 1,
                "g4": 0.6644193714015166,
                "b5": 0.395456864306172,
                "h2": 0.3906250002404889,
                "h4": 0.390625
            },
            "below threshold": {
                "c4": 0.110029960550818,
                "g6": 0.08955681644749422,
                "d6": 0.07591633477310197,
                "b3": 0.06077360907287198,
                "h5": 0.043476905861293505,
                "c7": 0.040502117939242785,
                "d5": 0.024688978597868977,
                "b6": 0.014127908111383036,
                "a7": 0.008690069937912402
            }
        }
    }
}