{
    "move1": {
        "fen": "8/5b2/1k2p1p1/2NpP1P1/1K1P4/8/8/8 w - - 0 1",
        "move": "c5a4",
        "sorted saliencies": {
            "above threshold": {
                "a4": 0.390625,
                "b6": 1,
                "c5": 1,
                "e5": 0.8048464500590972,
                "d4": 0.8045153225108815,
                "g5": 0.8006209531108834,
                "f2": 0.8044668298356481,
                "f3": 0.8044668298356481,
                "f4": 0.8044668298356481
            },
            "below threshold": {
                "d5": 0.284526843640118,
                "e6": 0.17232008905658702,
                "f7": 0.05511449391006655,
                "g6": 0.05511449391006655
            }
        }
    }
}