{
    "move1": {
        "fen": "6k1/2p3np/1p1p2p1/3P4/1PPK1R2/6PB/7P/4r3 w - - 0 1",
        "move": "h3c8",
        "sorted saliencies": {
            "above threshold": {
                "h3": 1,
                "g2": 0.48076826142700624,
                "f6": 0.48058209816046193,
                "f7": 0.4798422787522767,
                "c8": 0.390625,
                "d7": 0.390625,
                "e6": 0.390625,
                "f5": 0.390625,
                "g4": 0.390625
            },
            "below threshold": {
                "e1": 0.04550744986138117,
                "b6": 0.017253679909228273,
                "g7": 0.01567485989448317,
                "c7": 0.0022474442390749846
            }
        }
    }
}