{
    "puzzle1": {
        "fen": "1k1r4/pp1b1R2/3q2pp/4p3/2B5/4Q3/PPP2B2/2K5 b - - ",
        "move": "d6d1",
        "sorted saliencies": {
            "above threshold": {
                "c3": 1.2817451071574477,
                "b6": 1.2146420558806896,
                "b5": 1.1944393686853922,
                "c1": 1,
                "d1": 1,
                "d6": 1,
                "c2": 0.8521367737050961,
                "c4": 0.8279539487049035,
                "b2": 0.7371668801136335,
                "f7": 0.6879245986526191,
                "f2": 0.4162792890765194,
                "d2": 0.390625,
                "d3": 0.390625,
                "d4": 0.390625,
                "d5": 0.390625
            },
            "below threshold": {
                "d8": 0.28585099220995097,
                "e5": 0.23253883858826802,
                "e3": 3.386402269340373e-11
            }
        }
    },
    "puzzle2": {
        "fen": "r1b2rk1/2q1b1pp/p2ppn2/1p6/3QP3/1BN1B3/PPP3PP/R4RK1 w - - ",
        "move": "c3d5",
        "sorted saliencies": {
            "above threshold": {
                "c3": 1,
                "d2": 0.5653368177648223,
                "d3": 0.5653165596083157,
                "f5": 0.5644170896546656,
                "d4": 0.5531742821378302,
                "b3": 0.552219475396404,
                "c7": 0.500681682483378,
                "d5": 0.500681682483378,
                "e7": 0.500681682483378
            },
            "below threshold": {
                "c8": 0.06433822123863088,
                "a8": 0.05860358839702624,
                "a6": 0.010899632925666902,
                "b5": 0.010832988534452371
            }
        }
    },
    "puzzle3": {
        "fen": "1nk1r1r1/pp2n1pp/4p3/q2pPp1N/b1pP1P2/B1P2R2/2P1B1PP/R2Q2K1 w - - ",
        "move": "f3g3",
        "sorted saliencies": {
            "above threshold": {
                "f3": 1,
                "d3": 0.462368359470975,
                "d2": 0.4623527579389913,
                "a2": 0.4491983209301757,
                "g3": 0.390625
            },
            "below threshold": {
                "c2": 0.0738364380813162,
                "g7": 0.06710507467640181,
                "e8": 0.03283002813496758,
                "f5": 0.021060906234301797,
                "b7": 0.015245068835151105,
                "f4": 0.008349549507511654,
                "e6": 0.007424670969130318,
                "b8": 0.0017007520633443409,
                "d1": 0.0010301124475286523,
                "e2": 3.877043093451872e-05
            }
        }
    },
    "puzzle4": {
        "fen": "3rr1k1/pp3pp1/1qn2np1/8/3p4/PP1R1P2/2P1NQPP/R1B3K1 b - - ",
        "move": "c6e5",
        "sorted saliencies": {
            "above threshold": {
                "c6": 1,
                "e3": 0.6984003098703919,
                "d3": 0.6935937533102294,
                "b4": 0.692990837363218,
                "b5": 0.6929373878266638,
                "e8": 0.6862878251011254,
                "e5": 0.390625
            },
            "below threshold": {
                "e2": 0.3051509386038076,
                "b3": 0.30320698863914725,
                "f6": 0.3031821385086083,
                "c1": 0.29992966183864506,
                "b6": 0.2936166056536674,
                "d8": 0.28555740165266164,
                "d4": 0.27336050119429167,
                "g2": 0.19297502788815452,
                "f3": 0.17612210091777958,
                "f2": 0.11608683964013918,
                "g6": 0.07357883314771257,
                "g7": 0.03737665902242929,
                "a3": 0.03674784148075159,
                "b7": 0.004330175074879453
            }
        }
    },
    "puzzle5": {
        "fen": "r3r1k1/ppqb1ppp/8/4p1NQ/8/2P5/PP3PPP/R3R1K1 b - - ",
        "move": "d7f5",
        "sorted saliencies": {
            "above threshold": {
                "h6": 1.015051955137168,
                "g6": 1.0064159168425075,
                "d7": 1,
                "c2": 0.7660662211652953,
                "g5": 0.6100637035330054,
                "h5": 0.5974041640824056,
                "f7": 0.44732655946816813,
                "e6": 0.390625,
                "f5": 0.390625
            },
            "below threshold": {
                "c7": 0.3871903410615741,
                "e1": 0.3860585469506066,
                "f2": 0.2671807828645732,
                "a1": 0.2551282278804909,
                "g2": 0.022211515081540508,
                "h7": 0.0017928306555625845
            }
        }
    },
    "puzzle6": {
        "fen": "rnb2r1k/pp2p2p/2pp2p1/q2P1p2/8/1Pb2NP1/PB2PPBP/R2Q1RK1 w - - ",
        "move": "d1d2",
        "sorted saliencies": {
            "above threshold": {
                "d1": 1,
                "a3": 0.8518436801017653,
                "f4": 0.8493497897191558,
                "a4": 0.8493194882371269,
                "f3": 0.7004871017238004,
                "f1": 0.5536386319575216,
                "a2": 0.4481489602415421,
                "d2": 0.39650466997545625
            },
            "below threshold": {
                "f2": 0.3821007804313556,
                "h7": 0.3744979352975275,
                "b8": 0.3563895349621751,
                "a7": 0.3562546795766304,
                "a5": 0.2987451325997483,
                "b2": 0.29270713864164627,
                "a1": 0.2803122117845709,
                "g2": 0.25148419541068856,
                "d5": 0.22198688350335127,
                "c8": 0.2012607908318998,
                "d6": 0.19312346581126136,
                "e7": 0.18774781229743842,
                "e2": 0.170271022632811,
                "b7": 0.14590657892288783,
                "c6": 0.14317067570425382,
                "a8": 0.03280311393593375,
                "b3": 0.007944953868889932
            }
        }
    },
    "puzzle7": {
        "fen": "2r3k1/1p2q1pp/2b1pr2/p1pp4/6Q1/1P1PP1R1/P1PN2PP/5RK1 w - - ",
        "move": "g4g7",
        "sorted saliencies": {
            "above threshold": {
                "g4": 1,
                "h3": 0.5530230474790238,
                "h4": 0.5528260842285508,
                "h6": 0.552603290203409,
                "e7": 0.390625,
                "g5": 0.390625,
                "g6": 0.390625,
                "g8": 0.390625
            },
            "below threshold": {
                "f1": 0.16289812643436072,
                "h2": 0.16222320497526505,
                "f6": 0.15828117356738874,
                "g3": 0.15819723531138213,
                "e6": 0.12038640125294142,
                "h7": 0.02876422575013378,
                "a2": 0.023939264314640767,
                "e3": 0.023858581063454055,
                "c2": 0.011880710528696634,
                "d2": 0.011466704495535145,
                "b3": 0.007869440205809092
            }
        }
    },
    "puzzle8": {
        "fen": "r1bqkb1r/4npp1/p1p4p/1p1pP1B1/8/1B6/PPPN1PPP/R2Q1RK1 w kq - ",
        "move": "d2e4",
        "sorted saliencies": {
            "above threshold": {
                "d2": 1,
                "e6": 0.7173952901428524,
                "e3": 0.7123749389919539,
                "g6": 0.707435188587729,
                "g5": 0.6741010494465183,
                "e4": 0.390625
            },
            "below threshold": {
                "b3": 0.33666254323093836,
                "e5": 0.32640010899734545,
                "f8": 0.32451560108485206,
                "d8": 0.31961162901199447,
                "d1": 0.3170105962417069,
                "e7": 0.31024201319301686,
                "c8": 0.2773771340964491,
                "d5": 0.2583608758250271,
                "h8": 0.24501042167328865,
                "f7": 0.2437289307516946,
                "f2": 0.2350137578405445,
                "h6": 0.20805337032535,
                "g7": 0.06473813315258557,
                "f1": 0.03480756530643571,
                "a8": 0.026382374736531374,