{
    "move1": {
        "fen": "8/5pk1/r5pp/P7/3R3P/6P1/5PK1/8 w - - 0 1",
        "move": "d4a4",
        "sorted saliencies": {
            "above threshold": {
                "d4": 1,
                "f2": 0.5370475387200876,
                "g3": 0.4450103688369385,
                "h4": 0.43732198027598707
            },
            "below threshold": {
                "a5": 0.3711763840998665,
                "a6": 0.3703359995022835,
                "f7": 0.2662109779309448,
                "g6": 0.22388479393134844,
                "h6": 0.11084008046052823
            }
        }
    }
}