{
    "move1": {
        "fen": "3R4/1p6/2b5/2P1k2p/p3p2P/P6r/1P2KB2/8 b - - 0 1",
        "move": "e5f5",
        "sorted saliencies": {
            "above threshold": {
                "e5": 1,
                "f5": 0.7,
                "e3": 0.7,
                "c7": 0.7,
                "d2": 0.7
            },
            "below threshold": {
                "d8": 0.16752120696103528,
                "f2": 0.1512515403879519,
                "b2": 0.08378790785092698,
                "h5": 0.05278715542268583,
                "h4": 0.048907850396247524,
                "e4": 0.04772300734112619,
                "a4": 0.036676927699993485,
                "b7": 0.0338280942407302,
                "c5": 0.011638490110155435
            }
        }
    }
}