{
    "move1": {
        "fen": "3R4/1p6/2b5/2P1k2p/p3p2P/P6r/1P2KB2/8 b - - 0 1",
        "move": "e5f5",
        "sorted saliencies": {
            "above threshold": {
                "a3": 1,
                "a4": 1,
                "b2": 1,
                "b7": 1,
                "c5": 1,
                "c6": 1,
                "d8": 1,
                "e4": 1,
                "e5": 1,
                "f2": 1,
                "h3": 1,
                "h4": 1,
                "h5": 1,
                "f5": 0.7033751179645906,
                "e3": 0.45095867476798757,
                "c2": 0.3916908791868915,
                "c4": 0.390625
            },
            "below threshold": {}
        }
    }
}