{
    "move1": {
        "fen": "7k/pp4pp/2n5/8/8/P7/1P4PP/2K1B3 b - - 0 1",
        "move": "g7g5",
        "sorted saliencies": {
            "above threshold": {
                "a3": 1,
                "a7": 1,
                "b2": 1,
                "b7": 1,
                "c6": 1,
                "e1": 1,
                "g2": 1,
                "g7": 1,
                "h2": 1,
                "h7": 1,
                "g5": 0.6338243279153111,
                "g6": 0.6338243279153111,
                "c5": 0.3932284583917672,
                "c3": 0.39133042048115796,
                "c2": 0.390625
            },
            "below threshold": {}
        }
    }
}