{
    "move1": {
        "fen": "7k/pp4pp/2n5/8/8/P7/1P4PP/2K1B3 b - - 0 1",
        "move": "g7g5",
        "sorted saliencies": {
            "above threshold": {
                "g7": 1,
                "c5": 0.540654130476456,
                "c3": 0.5387560925658468,
                "c2": 0.5380506720846889,
                "g5": 0.390625,
                "g6": 0.390625
            },
            "below threshold": {
                "b2": 0.06543485760026464,
                "a3": 0.0650896105047451,
                "b7": 0.048084942152528475,
                "a7": 0.03893139984162517,
                "e1": 0.03795201193126347,
                "g2": 0.03759939725398922,
                "h2": 0.003906376489939188
            }
        }
    }
}