{
    "puzzle1": {
        "fen": "1k1r4/pp1b1R2/3q2pp/4p3/2B5/4Q3/PPP2B2/2K5 b - - ",
        "move": "d6d1",
        "sorted saliencies": {
            "above threshold": {
                "d6": 1,
                "c2": 0.8922177473313175,
                "b2": 0.6344552160119127
            },
            "below threshold": {
                "f2": 0.3209618253683482,
                "d8": 0.24515719275300346,
                "e3": 3.25268441627896e-07,
                "f7": 2.2204460492503087e-15
            }
        }
    },
    "puzzle2": {
        "fen": "r1b2rk1/2q1b1pp/p2ppn2/1p6/3QP3/1BN1B3/PPP3PP/R4RK1 w - - ",
        "move": "c3d5",
        "sorted saliencies": {
            "above threshold": {
                "c3": 1
            },
            "below threshold": {
                "c8": 0.09988373610936988,
                "a8": 0.09682560174354947,
                "b3": 0.08804580822288174,
                "d4": 0.07441330634295155,
                "g7": 0.04257691623050095,
                "f1": 0.04119926186731387,
                "a2": 0.03767744137220937,
                "a6": 0.029561163257421055,
                "a1": 0.025384944765315044,
                "g2": 0.024643268550399316,
                "h7": 0.02188224693303721,
                "b5": 0.02129413187179706,
                "f8": 0.014153800349534689,
                "c2": 0.006315017541153485,
                "e7": 0.004121820768159797
            }
        }
    },
    "puzzle3": {
        "fen": "1nk1r1r1/pp2n1pp/4p3/q2pPp1N/b1pP1P2/B1P2R2/2P1B1PP/R2Q2K1 w - - ",
        "move": "h5f6",
        "sorted saliencies": {
            "above threshold": {
                "h5": 1
            },
            "below threshold": {
                "g2": 0.23822511017289702,
                "e5": 0.23732641916157993,
                "e7": 0.22672100825040864,
                "g8": 0.22622903692396862,
                "e8": 0.1984731132271535,
                "a3": 0.18960252354246868,
                "f3": 0.18876424678392953,
                "h7": 0.17998626010258859,
                "a4": 0.1758781730680044,
                "a1": 0.16984035666583794,
                "d5": 0.15433538158415636,
                "c4": 0.14756179455891386,
                "c2": 0.14687842487949174,
                "e6": 0.13303694255301526,
                "h2": 0.11405508979535484,
                "f4": 0.11127261912330735,
                "a5": 0.10559418781358147,
                "b7": 0.10376268594688348,
                "g7": 0.09236348549071824,
                "f5": 0.07284059452063002,
                "d1": 0.04070535841941813,
                "c3": 0.019033500162669015,
                "a7": 0.004424579085144007
            }
        }
    },
    "puzzle4": {
        "fen": "3rr1k1/pp3pp1/1qn2np1/8/3p4/PP1R1P2/2P1NQPP/R1B3K1 b - - ",
        "move": "c6e5",
        "sorted saliencies": {
            "above threshold": {
                "c6": 1,
                "c1": 0.5510387912204531,
                "b3": 0.5460788785069265,
                "b6": 0.5456960999149012,
                "e2": 0.5434345297326131,
                "e8": 0.5386002078540215,
                "f6": 0.5338903686118838,
                "d3": 0.5298315843320393,
                "d8": 0.4616272391678188
            },
            "below threshold": {
                "f2": 0.3531104616503353,
                "f3": 0.34836740315005615,
                "g2": 0.319193027354073,
                "d4": 0.3037241502101297,
                "a3": 0.25812913487288536,
                "a1": 0.23387981071767333,
                "g6": 0.13776127259897958,
                "g7": 0.11589911868327891
            }
        }
    },
    "puzzle5": {
        "fen": "r3r1k1/ppqb1ppp/8/4p1NQ/8/2P5/PP3PPP/R3R1K1 b - - ",
        "move": "d7f5",
        "sorted saliencies": {
            "above threshold": {
                "d7": 1,
                "g5": 0.6206026521173554,
                "h5": 0.6001547104425908,
                "e1": 0.43168545546755843
            },
            "below threshold": {
                "f2": 0.34368228587066857,
                "a1": 0.28590554465262713,
                "c7": 0.2762012264447228,
                "f7": 0.19785600872758524,
                "c3": 0.15218330696408225,
                "a7": 0.07421874759109442,
                "g2": 0.06605187976183581,
                "b2": 0.056987891210317276,
                "h7": 0.05222436032177889,
                "a2": 0.016195186051087725,
                "b7": 0.01430567211745739
            }
        }
    },
    "puzzle6": {
        "fen": "rnb2r1k/pp2p2p/2pp2p1/q2P1p2/8/1Pb2NP1/PB2PPBP/R2Q1RK1 w - - ",
        "move": "d1d2",
        "sorted saliencies": {
            "above threshold": {
                "d1": 1,
                "f1": 0.5634151020198352,
                "f3": 0.4350551263720281,
                "a2": 0.40184758870402365
            },
            "below threshold": {
                "d5": 0.2934709445559233,
                "e2": 0.29142789792879303,
                "f2": 0.23711539347937982,
                "a7": 0.21323185960684973,
                "b2": 0.16190115603868738,
                "a5": 0.13942611044359504,
                "g2": 0.08173986129287711,
                "h7": 0.07182734014955212,
                "f5": 0.06280131243651856,
                "d6": 0.060936560729832945,
                "c6": 0.05015490110192345,
                "a1": 0.04711617236264285
            }
        }
    },
    "puzzle7": {
        "fen": "2r3k1/1p2q1pp/2b1pr2/p1pp4/6Q1/1P1PP1R1/P1PN2PP/5RK1 w - - ",
        "move": "g4g7",
        "sorted saliencies": {
            "above threshold": {
                "g4": 1
            },
            "below threshold": {
                "h2": 0.22659476485512275,
                "f1": 0.22600579942699925,
                "f6": 0.21759896559183386,
                "g3": 0.21070218006551783,
                "e6": 0.15284399298103862,
                "h7": 0.08501210149131899,
                "c8": 0.07259029792340527,
                "c6": 0.043735643691324703
            }
        }
    },
    "puzzle8": {
        "fen": "r1bqkb1r/4npp1/p1p4p/1p1pP1B1/8/1B6/PPPN1PPP/R2Q1RK1 w kq - ",
        "move": "d2e4",
        "sorted saliencies": {
            "above threshold": {
                "d2": 1,
                "b3": 0.7328029803168432,
                "e5": 0.731209782500068,
                "f8": 0.7289514509857323,
                "d1": 0.7196604138439571,
                "c8": 0.7138495678560883,
                "d8": 0.6895148599565271,
                "f2": 0.5491720661325831,
                "d5": 0.5232011841704531,
                "h8": 0.5129711244468318,
                "f7": 0.49103985794413857,
                "e7": 0.4415238104031271,
                "g7": 0.4160888274087804,
                "g5": 0.40761009552709676
            },
            "below threshold": {
                "a8": 0.26304029257786804,
                "h6": 0.20442647331549343,
                "a2": 0.1738865711012261,
                "f1": 0.16728288392100255,
                "b5": 0.15255595444275655,
                "a1": 0.13879071841493823,
                "c2": 0.13804739591644496,
                "g2": 0.13756122804073706,
                "b2": 0.11852269905919316,
                "a6": 0.025428774126019606,
                "h2": 0.01161778851081061
            }
        }
    },
    "puzzle9": {
        "fen": "r1bq1rk1/pp2ppbp/2np2p1/2n5/P3PP2/N1P2N2/1PB3PP/R1B1QRK1 b - - ",
        "move": "c5b3",
        "sorted saliencies": {
            "above threshold": {
                "c5": 1
            },
            "below threshold": {
                "f7": 0.13643824380795438,
                "d8": 0.1356366330693326,
                "c3": 0.13550804320703824,
                "a1": 0.10717841940847844,
                "b2": 0.074536309689348,
                "c1": 0.059255739242127396,