{
    "move1": {
        "fen": "8/4k3/p1B4p/2K5/1P4bP/8/8/8 b - - 0 1",
        "move": "g4f5",
        "sorted saliencies": {
            "above threshold": {
                "a6": 1,
                "b4": 1,
                "c6": 1,
                "g4": 1,
                "h4": 1,
                "h6": 1,
                "f5": 0.6939434823283899,
                "h7": 0.399204254277467,
                "c3": 0.3906884026884128,
                "d4": 0.390625
            },
            "below threshold": {}
        }
    }
}