{
    "move1": {
        "fen": "8/4k3/p1B4p/2K5/1P4bP/8/8/8 b - - 0 1",
        "move": "g4f5",
        "sorted saliencies": {
            "above threshold": {
                "g4": 1,
                "a7": 0.5041582347206356,
                "b2": 0.49376644693968486,
                "b3": 0.4883140179214299,
                "f5": 0.390625
            },
            "below threshold": {
                "h6": 0.09769175710515861,
                "h4": 0.041602781188924166,
                "a6": 0.04134273064915161,
                "c6": 0.027531977940298536
            }
        }
    }
}