{
    "move1": {
        "fen": "8/4k3/p1B4p/2K5/1P4bP/8/8/8 b - - 0 1",
        "move": "g4f5",
        "sorted saliencies": {
            "above threshold": {
                "g4": 1,
                "f5": 0.6939434823283899,
                "h7": 0.399204254277467,
                "c3": 0.3906884026884128,
                "d4": 0.390625
            },
            "below threshold": {
                "h6": 0.09769175710515861,
                "h4": 0.041602781188924166,
                "a6": 0.034897721690129356,
                "c6": 0.027531977940298536
            }
        }
    }
}