{
    "move1": {
        "fen": "8/5b2/1k2p1p1/2NpP1P1/1K1P4/8/8/8 w - - 0 1",
        "move": "b4a4",
        "sorted saliencies": {
            "above threshold": {
                "b4": 1,
                "a4": 0.7,
                "e3": 0.7,
                "d6": 0.7,
                "g7": 0.7
            },
            "below threshold": {
                "d5": 0.22468033222594738,
                "g6": 0.19705286139718584,
                "f7": 0.12176815092128498,
                "e5": 0.08932611823906414,
                "d4": 0.08668673219754457,
                "g5": 0.0536523241556756
            }
        }
    }
}