{
    "move1": {
        "fen": "8/5b2/1k2p1p1/2NpP1P1/1K1P4/8/8/8 w - - 0 1",
        "move": "b4a4",
        "sorted saliencies": {
            "above threshold": {
                "b4": 1,
                "a4": 0.78125,
                "a2": 0.390625,
                "a3": 0.390625,
                "a6": 0.390625
            },
            "below threshold": {
                "g5": 1.291864056544131e-17,
                "e5": 1.231115547789817e-17
            }
        }
    }
}