{
    "move1": {
        "fen": "4b3/pp2kp1p/5bp1/8/8/4P3/PP2NPPP/3N2K1 w - - 0 1",
        "move": "d1c3",
        "sorted saliencies": {
            "above threshold": {
                "d1": 1,
                "e2": 0.45176167640708065,
                "c3": 0.6560189802596832,
                "b5": 0.39368910460327117,
                "b6": 0.39174675891644883,
                "b4": 0.390625
            },
            "below threshold": {
                "e8": 0.0472243279052334,
                "f6": 0.03778932007174006,
                "g6": 0.0359955304826471,
                "b2": 0.009388274139776191,
                "e3": 0.0027949175915631093
            }
        }
    }
}