{
    "move1": {
        "fen": "8/4k3/r4pp1/pR6/P4KP1/5P2/8/8 w - - 0 1",
        "move": "g4g5",
        "sorted saliencies": {
            "above threshold": {
                "g4": 1,
                "f6": 0.46472556772690504,
                "g5": 0.7,
                "d5": 0.7,
                "d4": 0.7,
                "e3": 0.7
            },
            "below threshold": {
                "g6": 0.08936097076119014,
                "a5": 0.0888904462140226,
                "a4": 0.05994543230521856,
                "f3": 0.015833526551719483
            }
        }
    }
}