{
    "move1": {
        "fen": "8/5pk1/r5pp/P7/3R3P/6P1/5PK1/8 w - - 0 1",
        "move": "d4d5",
        "sorted saliencies": {
            "above threshold": {
                "a5": 1,
                "a6": 1,
                "d4": 1,
                "f2": 1,
                "f7": 1,
                "g3": 1,
                "g6": 1,
                "h4": 1,
                "h6": 1,
                "d5": 0.390625,
                "b4": 0.5974186996117534,
                "c4": 0.5949321778181857,
                "g5": 0.4115409565029764
            },
            "below threshold": {}
        }
    }
}