{
    "move1": {
        "fen": "8/5pk1/r5pp/P7/3R3P/6P1/5PK1/8 w - - 0 1",
        "move": "d4d5",
        "sorted saliencies": {
            "above threshold": {
                "d4": 1,
                "f2": 0.4093653377978563,
                "h4": 0.40493925116258256,
                "g3": 0.4046480013534497,
                "d5": 0.390625,
                "b4": 0.5974186996117534,
                "c4": 0.5949321778181857,
                "g5": 0.4115409565029764
            },
            "below threshold": {
                "g6": 0.221409160052881,
                "a5": 0.11763166203336646,
                "a6": 0.1171172859037554,
                "f7": 0.11569325373288203
            }
        }
    }
}