{
    "move1": {
        "fen": "7k/pp4pp/2n5/8/8/P7/1P4PP/2K1B3 b - - 0 1",
        "move": "h8g8",
        "sorted saliencies": {
            "above threshold": {
                "a3": 1,
                "a7": 1,
                "b2": 1,
                "b7": 1,
                "c6": 1,
                "e1": 1,
                "g2": 1,
                "g7": 1,
                "h2": 1,
                "h7": 1,
                "h8": 1,
                "g8": 0.6962526536729441,
                "d4": 0.39073146903499756,
                "d3": 0.3907313235304712,
                "c5": 0.390625
            },
            "below threshold": {}
        }
    }
}