{
    "move1": {
        "fen": "8/8/p4Bp1/1pPb2P1/1P2kp2/P7/5K2/8 w - - 0 1",
        "move": "f6c3",
        "sorted saliencies": {
            "above threshold": {
                "f6": 1,
                "c3": 0.78125,
                "d4": 0.78125,
                "e5": 0.78125,
                "a5": 0.390625,
                "a4": 0.390625
            },
            "below threshold": {
                "a3": 1.1977889315792247e-18,
                "b4": 1.1968356859841524e-18
            }
        }
    }
}