{
    "move1": {
        "fen": "8/8/p4Bp1/1pPb2P1/1P2kp2/P7/5K2/8 w - - 0 1",
        "move": "f6c3",
        "sorted saliencies": {
            "above threshold": {
                "f6": 1,
                "a5": 0.5080886434786063,
                "d7": 0.5031734948408229,
                "d6": 0.4950334691859247,
                "c3": 0.390625,
                "d4": 0.390625,
                "e5": 0.390625
            },
            "below threshold": {
                "a3": 0.11719151601153813,
                "g5": 0.08181189998908177,
                "d5": 0.04388242173034852,
                "f4": 0.03232208077599576,
                "g6": 0.025690639208657134,
                "b5": 0.021611409437816663,
                "b4": 0.008147081115437473,
                "a6": 0.007342988239268044
            }
        }
    }
}