{
    "move1": {
        "fen": "8/5pk1/r5pp/P7/3R3P/6P1/5PK1/8 w - - 0 1",
        "move": "d4d5",
        "sorted saliencies": {
            "above threshold": {
                "d4": 1,
                "d5": 0.6466022153806252,
                "e2": 0.39147889859997986,
                "e7": 0.3906923019689187,
                "e5": 0.390625
            },
            "below threshold": {
                "a6": 0.21604100665119794,
                "a5": 0.18910772909749524,
                "f7": 0.028910596510138702,
                "f2": 0.006318734021548991
            }
        }
    }
}