{
    "move1": {
        "fen": "8/5pk1/r5pp/P7/3R3P/6P1/5PK1/8 w - - 0 1",
        "move": "d4d5",
        "sorted saliencies": {
            "above threshold": {
                "a5": 1,
                "a6": 1,
                "d4": 1,
                "f2": 1,
                "f7": 1,
                "g3": 1,
                "g6": 1,
                "h4": 1,
                "h6": 1,
                "d5": 0.6466022153806252,
                "e2": 0.39147889859997986,
                "e7": 0.3906923019689187,
                "e5": 0.390625
            },
            "below threshold": {}
        }
    }
}