{
    "move1": {
        "fen": "3R4/1p6/2b5/2P1k2p/p3p2P/P6r/1P2KB2/8 b - - 0 1",
        "move": "c6d5",
        "sorted saliencies": {
            "above threshold": {
                "c6": 1,
                "d5": 0.7,
                "h2": 0.7,
                "g3": 0.7,
                "g2": 0.7
            },
            "below threshold": {
                "f2": 0.1380699434264512,
                "d8": 0.10426113285761245,
                "b2": 0.04465070482892274,
                "a4": 0.013626814008928543,
                "h4": 0.013527417952691275
            }
        }
    }
}