{
    "move1": {
        "fen": "4b3/pp2kp1p/5bp1/8/8/4P3/PP2NPPP/3N2K1 w - - 0 1",
        "move": "d1c3",
        "sorted saliencies": {
            "above threshold": {
                "d1": 1,
                "c3": 0.7471930910232012,
                "b6": 0.4038849547177181,
                "b5": 0.3939771509301019,
                "b4": 0.390625
            },
            "below threshold": {
                "f6": 0.014659428190426219,
                "e3": 0.01357126513333663,
                "e8": 0.003654260010636047,
                "h7": 0.00229729386922574,
                "a7": 0.0005852997556927318
            }
        }
    }
}