{
    "move1": {
        "fen": "8/4k3/p1B4p/2K5/1P4bP/8/8/8 b - - 0 1",
        "move": "e7f7",
        "sorted saliencies": {
            "above threshold": {
                "g4": 0.14239451769123904,
                "a6": 0.14220377917079416,
                "b4": 0.08456182231092892
            },
            "below threshold": {
                "h4": 0.07781374951957316,
                "c6": 0.043908712002000076
            }
        }
    },
    "move2": {
        "fen": "8/5k2/p1B4p/2K5/1P4bP/8/8/8 w - - 1 2",
        "move": "c6b7",
        "sorted saliencies": {
            "above threshold": {
                "c6": 1
            },
            "below threshold": {
                "a6": 0.1474624278563067,
                "h6": 0.1266979525164251,
                "b4": 0.10273697272005082,
                "h4": 0.07099413691284424
            }
        }
    },
    "move3": {
        "fen": "8/1B3k2/p6p/2K5/1P4bP/8/8/8 b - - 2 2",
        "move": "f7g6",
        "sorted saliencies": {
            "above threshold": {
                "h4": 0.1265420854263666,
                "b4": 0.08109200505959076,
                "b7": 0.0755774811420191
            },
            "below threshold": {
                "a6": 0.07259436628244191,
                "g4": 0.017510248386770042
            }
        }
    },
    "move4": {
        "fen": "8/1B6/p5kp/2K5/1P4bP/8/8/8 w - - 3 3",
        "move": "b7a6",
        "sorted saliencies": {
            "above threshold": {
                "b7": 1
            },
            "below threshold": {
                "a6": 0.32109037386481903,
                "h4": 0.17275177963484536,
                "b4": 0.09588612638397659
            }
        }
    },
    "move5": {
        "fen": "8/8/B5kp/2K5/1P4bP/8/8/8 b - - 0 3",
        "move": "g6h5",
        "sorted saliencies": {
            "above threshold": {
                "h4": 0.22711879177717886,
                "b4": 0.15122009718104779
            },
            "below threshold": {
                "g4": 0.11548341440744113
            }
        }
    },
    "move6": {
        "fen": "8/8/B6p/2K4k/1P4bP/8/8/8 w - - 1 4",
        "move": "a6d3",
        "sorted saliencies": {
            "above threshold": {
                "a6": 1
            },
            "below threshold": {
                "h6": 0.1893334427218024,
                "g4": 0.14679454381533857,
                "h4": 0.12052131446302349,
                "b4": 0.08110177340430921
            }
        }
    },
    "move7": {
        "fen": "8/8/7p/2K4k/1P4bP/3B4/8/8 b - - 2 4",
        "move": "h5h4",
        "sorted saliencies": {
            "above threshold": {
                "h4": 0.2288069987139771
            },
            "below threshold": {
                "b4": 0.10549025981094397
            }
        }
    },
    "move8": {
        "fen": "8/8/7p/2K5/1P4bk/3B4/8/8 w - - 0 5",
        "move": "b4b5",
        "sorted saliencies": {
            "above threshold": {
                "b4": 1,
                "h6": 0.5639963295766836,
                "g4": 0.4456636814611555
            },
            "below threshold": {
                "d3": 0.25618683816044646
            }
        }
    },
    "move9": {
        "fen": "8/8/7p/1PK5/6bk/3B4/8/8 b - - 0 5",
        "move": "h4g5",
        "sorted saliencies": {
            "above threshold": {
                "b5": 0.4272599096377271
            },
            "below threshold": {
                "d3": 0.2940591200929434,
                "h6": 0.2740960539581119,
                "g4": 0.25951665388402345
            }
        }
    },
    "move10": {
        "fen": "8/8/7p/1PK3k1/6b1/3B4/8/8 w - - 1 6",
        "move": "b5b6",
        "sorted saliencies": {
            "above threshold": {
                "b5": 1,
                "h6": 0.7070124178480998,
                "g4": 0.6495172863899331
            },
            "below threshold": {
                "d3": 0.3882259467294414
            }
        }
    },
    "move11": {
        "fen": "8/8/1P5p/2K3k1/6b1/3B4/8/8 b - - 0 6",
        "move": "g4f3",
        "sorted saliencies": {
            "above threshold": {
                "g4": 1
            },
            "below threshold": {
                "b6": 0.3590995510500267
            }
        }
    },
    "move12": {
        "fen": "8/8/1P5p/2K3k1/8/3B1b2/8/8 w - - 1 7",
        "move": "d3b5",
        "sorted saliencies": {
            "above threshold": {
                "d3": 1,
                "b6": 0.673018578215665,
                "f3": 0.6292315194677892
            },
            "below threshold": {
                "h6": 0.03063404906896582
            }
        }
    },
    "move13": {
        "fen": "8/8/1P5p/1BK3k1/8/5b2/8/8 b - - 2 7",
        "move": "f3b7",
        "sorted saliencies": {
            "above threshold": {
                "f3": 1,
                "b5": 0.474741444213347,
                "b6": 0.46928717239127316
            },
            "below threshold": {}
        }
    },
    "move14": {
        "fen": "8/1b6/1P5p/1BK3k1/8/8/8/8 w - - 3 8",
        "move": "c5d6",
        "sorted saliencies": {
            "above threshold": {
                "b7": 0.6269827745272163,
                "b5": 0.5012997063782354
            },
            "below threshold": {
                "b6": 0.1565706630864131,
                "h6": 0.0021174038356255474
            }
        }
    },
    "move15": {
        "fen": "8/1b6/1P1K3p/1B4k1/8/8/8/8 b - - 4 8",
        "move": "g5f6",
        "sorted saliencies": {
            "above threshold": {
                "b6": 0.33033387031661915,
                "h6": 0.31111577875335866,
                "b5": 0.30625696610343267,
                "b7": 0.2769585553193376
            },
            "below threshold": {}
        }
    },
    "move16": {
        "fen": "8/1b6/1P1K1k1p/1B6/8/8/8/8 w - - 5 9",
        "move": "d6c7",
        "sorted saliencies": {
            "above threshold": {
                "b7": 0.6625595306716658,
                "b5": 0.6188091243558239,
                "b6": 0.5270351220701206
            },
            "below threshold": {
                "h6": 0.34905785072773055
            }
        }
    },
    "move17": {
        "fen": "8/1bK5/1P3k1p/1B6/8/8/8/8 b - - 6 9",
        "move": "b7e4",
        "sorted saliencies": {
            "above threshold": {
                "b7": 1
            },
            "below threshold": {
                "b6": 0.20047022658302105,
                "b5": 0.06140471645214441,
                "h6": 0.0041928104330473314
            }
        }
    },
    "move18": {
        "fen": "8/2K5/1P3k1p/1B6/4b3/8/8/8 w - - 7 10",
        "move": "b5c6",
        "sorted saliencies": {
            "above threshold": {
                "b5": 1,
                "b6": 0.4266516520489251,
                "e4": 0.40549506025351095
            },
            "below threshold": {
                "h6": 0.26725096564624695
            }
        }
    },
    "move19": {
        "fen": "8/2K5/1PB2k1p/8/4b3/8/8/8 b - - 8 10",
        "move": "e4f5",
        "sorted saliencies": {
            "above threshold": {
                "e4": 1
            },
            "below threshold": {
                "c6": 0.11430133355507775,
                "b6": 0.09796521751163385
            }
        }
    },
    "move20": {
        "fen": "8/2K5/1PB2k1p/5b2/8/8/8/8 w - - 9 11",
        "move": "b6b7",
        "sorted saliencies": {
            "above threshold": {
                "b6": 1
            },
            "below threshold": {
                "f5": 0.27306228765213203,
                "h6": 0.2070870570139447
            }
        }
    },
    "move21": {
        "fen": "8/1PK5/2B2k1p/5b2/8/8/8/8 b - - 0 11",
        "move": "h6h5",
        "sorted saliencies": {
            "above threshold": {
                "h6": 1
            },