{
    "move1": {
        "fen": "8/p3ppk1/1p4pp/3nN3/6PP/1P3P2/P3PK2/8 w - - 0 1",
        "move": "e5c6",
        "sorted saliencies": {
            "above threshold": {
                "e5": 1,
                "c6": 0.7,
                "a6": 0.7,
                "b2": 0.7,
                "b5": 0.7
            },
            "below threshold": {
                "a7": 0.08114696667922679,
                "f3": 0.021928408914960038,
                "g4": 0.010660701277636938,
                "b3": 0.006983661459973205,
                "e2": 0.0028478647099915394
            }
        }
    }
}