{
    "move1": {
        "fen": "4b3/5k2/4p1p1/3pP2p/2pP1P1P/2P5/6N1/2K5 w - - 0 1",
        "move": "g2e1",
        "sorted saliencies": {
            "above threshold": {
                "g2": 1,
                "d6": 0.6841802061587616,
                "d7": 0.6783032864301215,
                "e2": 0.6637854266335981,
                "e1": 0.390625
            },
            "below threshold": {
                "c3": 0.29333177689791173,
                "e5": 0.29042214548968587,
                "h5": 0.28617602667892805,
                "e6": 0.2538921586876647,
                "g6": 0.24951825906307679,
                "d4": 0.2443872472835829,
                "d5": 0.2201568812539285,
                "e8": 0.14911159161330384,
                "f4": 0.12358593945116764,
                "c4": 0.11095439364536043
            }
        }
    }
}