{
    "Air": {
        "fen": "3r2k1/pRp2pp1/7p/8/8/8/PPP2PPP/6K1 w - - 0 1",
        "best move": "g1f1",
        "sorted saliencies": {
            "above threshold": {
                "b2": 0.7088824318905527,
                "c2": 0.7005000313447479,
                "f2": 0.6744020818900317,
                "h2": 0.6593811675004552,
                "g2": 0.643728100107911,
                "a2": 0.6180020992132819,
                "b7": 0.5255798396752823
            },
            "below threshold": {
                "d8": 0.0737299829560229
            }
        }
    },
    "BlockExchange": {
        "fen": "3r1rk1/1pb1pppp/p1n2q2/8/3P2b1/1NP1PN2/PPQ2PPP/R3R1K1 w - - 1 1",
        "best move": "c2e4",
        "sorted saliencies": {
            "above threshold": {
                "c2": 1
            },
            "below threshold": {
                "d4": 0.004314009583179712,
                "f2": 0.003983181453560147,
                "c3": 0.00394865305074477,
                "h2": 0.003509698467920027
            }
        }
    },
    "ChangePawnStructure": {
        "fen": "r1bq1rk1/pp1nppbp/2p2np1/3p4/2PP1B2/2NBPN2/PP3PPP/R2QK2R w KQ - 3 8",
        "best move": "c4d5",
        "sorted saliencies": {
            "above threshold": {
                "c4": 1,
                "d5": 1
            },
            "below threshold": {
                "d1": 0.07593643783312681,
                "a1": 0.07573263515335851,
                "d3": 0.07531683471240692,
                "g2": 0.06478014619249436,
                "e3": 0.06027334712023937,
                "b2": 0.05208674765141377,
                "f2": 0.04797382248144342,
                "h2": 0.038914537199419875,
                "d4": 0.0383208654678959,
                "a2": 0.03701786894731433,
                "h1": 0.03567050200809508,
                "f3": 0.033888995354640225,
                "c3": 0.0329217600809206,
                "f4": 0.03189128672551851
            }
        }
    },
    "CreateWeakSquares": {
        "fen": "r1br1nk1/ppq1b1pp/2pp1p2/4p3/P2PP2N/1P2N3/1BP1RPPP/R1Q3K1 b - - 0 15",
        "best move": "f8e6",
        "sorted saliencies": {
            "above threshold": {
                "f8": 1
            },
            "below threshold": {
                "c7": 0.057374387237750304,
                "d8": 0.057180265076243894,
                "a8": 0.05715492251561638,
                "c8": 0.05640742520691145,
                "e2": 0.05031034205781903,
                "a1": 0.049865766640543735,
                "c1": 0.04594906447087915,
                "c6": 0.04382163059651762,
                "b2": 0.04322671784176273,
                "h7": 0.041506408484266746,
                "b7": 0.02728690420239844,
                "a7": 0.02062900807229089
            }
        }
    },
    "ImproveActivity": {
        "fen": "1r5k/ppp2pp1/2np3p/4p2P/4P3/3P4/PPP1BPP1/3R2K1 w - - 1 1",
        "best move": "c2c3",
        "sorted saliencies": {
            "above threshold": {
                "c2": 1
            },
            "below threshold": {
                "e2": 0.12972697922056273,
                "b2": 0.11576374460159532,
                "e4": 0.11504578478566226,
                "h5": 0.11351907005935334,
                "f2": 0.11294025676835742,
                "c6": 0.1116085149790201,
                "d3": 0.10942831686799523,
                "a2": 0.10837373834716406,
                "g2": 0.1075296792248032,
                "e5": 0.07146991592138414,
                "b7": 0.06202083965664674,
                "d1": 0.0280160577365757
            }
        }
    },
    "LongTermPlusses": {
        "fen": "r2qr1k1/1b1nbpp1/p4n1p/1p1p1B2/2pP3B/1PN1PN2/P1Q2PPP/2R2RK1 b - - 1 18",
        "best move": "b5b4",
        "sorted saliencies": {
            "above threshold": {
                "b5": 1
            },
            "below threshold": {
                "e8": 0.15003568747884458,
                "a8": 0.14988983275520606,
                "d7": 0.14787279977315915,
                "g7": 0.13090749035824817,
                "c3": 0.12556315038306712,
                "h6": 0.10516351273624493,
                "d5": 0.10101209145303496,
                "f7": 0.09534333621569242,
                "c4": 0.09389389746704586,
                "b7": 0.09097099665330516,
                "f6": 0.08932114443504409,
                "e7": 0.08422991780997313,
                "d8": 0.08332922125014933,
                "a6": 0.06822506039334479
            }
        }
    },
    "MaterialAdvantage": {
        "fen": "3q2k1/1Bnr1pb1/r3p1p1/pp5p/2PP4/1PBR3P/2Q2PP1/3R2K1 b - - 0 25",
        "best move": "a6b6",
        "sorted saliencies": {
            "above threshold": {
                "a6": 1
            },
            "below threshold": {
                "g7": 0.025536044330183746,
                "d3": 0.023846955478503185,
                "d1": 0.023790286836357765,
                "e6": 0.022994341320938177,
                "g6": 0.022830967637519243,
                "c2": 0.022296759167411338,
                "b7": 0.016725951158499612,
                "h5": 0.016687587186874353,
                "a5": 0.01513497555565884
            }
        }
    },
    "OfferExchange": {
        "fen": "r1n1nrk1/ppqbbppp/2p1p3/2PpP1B1/1P1P4/P1N2N2/1Q2BPPP/R4RK1 b - - 1 1",
        "best move": "e7g5",
        "sorted saliencies": {
            "above threshold": {
                "e7": 1
            },
            "below threshold": {
                "f8": 0.017810729720562992,
                "c8": 0.01741414650053232,
                "d7": 0.017376628195456253,
                "e8": 0.017261901412665134,
                "g7": 0.013103294820388084,
                "c6": 0.011811209171138058,
                "d5": 0.010757321625205688,
                "b7": 0.010137518801980543,
                "a7": 0.009149739674145358,
                "f7": 0.008036032472514661,
                "e6": 0.0013749842796514115
            }
        }
    },
    "Overprotection": {
        "fen": "r1b1nrk1/1p1pbppp/pqn1p3/4P3/8/1P4BB/P1P1QPPP/RN2K1NR w - - 0 1",
        "best move": "b1d2",
        "sorted saliencies": {
            "above threshold": {
                "b1": 1
            },
            "below threshold": {
                "e2": 0.02047106983524988,
                "g1": 0.02005102656176046,
                "b6": 0.01918007370332362,
                "c2": 0.014611594243150311,
                "g2": 0.012632435737399065,
                "f8": 0.005205695892600761
            }
        }
    },
    "PawnBreakthrough": {
        "fen": "2r2rk1/ppqnbppp/2p1p3/3pP3/3P4/2P2N2/PPB1QPPP/1R3RK1 b - - 0 1",
        "best move": "c6c5",
        "sorted saliencies": {
            "above threshold": {
                "c6": 1
            },
            "below threshold": {
                "f8": 0.03864256352303153,
                "d7": 0.0380156119264706,
                "h7": 0.026407461997104274,
                "a7": 0.022411066031667558,
                "b7": 0.021048216082563433
            }
        }
    },
    "PawnMajority": {
        "fen": "7k/p7/1p6/1P6/P1P5/8/4K3/8 w - - 0 1",
        "best move": "a4a5",
        "sorted saliencies": {
            "above threshold": {
                "a4": 1,
                "b5": 0.947421819731741
            },
            "below threshold": {
                "c4": 0.05727285267751726,
                "b6": 0.056563755829764605
            }
        }
    },
    "PawnRobbery": {
        "fen": "r4rk1/pp1b1pbp/2npp1p1/2p3NP/3P4/2PQP3/PqBBKPP1/R6R w - - 0 1",
        "best move": "h5g6",
        "sorted saliencies": {
            "above threshold": {
                "g6": 1,
                "h5": 1
            },
            "below threshold": {
                "a1": 0.1092095222829101,
                "g5": 0.10890672251753657,
                "c6": 0.09480188460663111,
                "h7": 0.09476860478001295,