{
    "move1": {
        "fen": "1n6/4k2p/p3ppp1/1pPp4/3P1PP1/3NP3/P3K2P/8 w - - 0 1",
        "move": "g4g5",
        "sorted saliencies": {
            "above threshold": {
                "g4": 1,
                "f6": 0.43788752702548633,
                "g5": 0.7,
                "f2": 0.7,
                "a5": 0.7,
                "e5": 0.7
            },
            "below threshold": {
                "e6": 0.10097223390542803,
                "g6": 0.06573713287080375,
                "b5": 0.0554303101315725,
                "d4": 0.04457418824599052,
                "c5": 0.037758205489828243,
                "d3": 0.03461588742289525,
                "f4": 0.026720020238961792,
                "e3": 0.01985842874483649,
                "h7": 0.019635538363901524,
                "b8": 0.007964027918354901
            }
        }
    }
}