{
    "move1": {
        "fen": "4b3/5k2/4p1p1/3pP2p/2pP1P1P/2P5/6N1/2K5 w - - 0 1",
        "move": "c1b2",
        "sorted saliencies": {
            "above threshold": {
                "c1": 1,
                "c3": 1,
                "c4": 1,
                "d4": 1,
                "d5": 1,
                "e5": 1,
                "e6": 1,
                "e8": 1,
                "f4": 1,
                "g2": 1,
                "g6": 1,
                "h4": 1,
                "h5": 1,
                "b2": 0.5986374112712634,
                "g3": 0.3912916426311728,
                "g4": 0.390625,
                "g5": 0.390625
            },
            "below threshold": {}
        }
    }
}