{
    "move1": {
        "fen": "4b3/5k2/4p1p1/3pP2p/2pP1P1P/2P5/6N1/2K5 w - - 0 1",
        "move": "c1b2",
        "sorted saliencies": {
            "above threshold": {
                "c1": 1,
                "b2": 0.5986374112712634,
                "g3": 0.3912916426311728,
                "g4": 0.390625,
                "g5": 0.390625
            },
            "below threshold": {
                "h4": 0.12021659308448814,
                "g6": 0.11208713392484064,
                "f4": 0.08374828706543035,
                "e8": 0.019825773170327923
            }
        }
    }
}