{
    "move1": {
        "fen": "4b3/5k2/4p1p1/3pP2p/2pP1P1P/2P5/6N1/2K5 w - - 0 1",
        "move": "c1b2",
        "sorted saliencies": {
            "above threshold": {
                "c4": 0.6983839676671769,
                "e8": 0.6295501972941943,
                "d5": 0.5692097380184606,
                "g2": 0.4096208979397525
            },
            "below threshold": {
                "d4": 0.3590644872095816,
                "c3": 0.28749956535619364,
                "h4": 0.2656777804596364,
                "f4": 0.25549192795828546,
                "e6": 0.21148207933913654,
                "e5": 0.17051164956543824,
                "g6": 0.15542433010754816,
                "h5": 0.13255898978502184
            }
        }
    }
}