{
    "move1": {
        "fen": "3r4/7p/Rp4k1/5p2/4p3/2P5/PP3P1P/5K2 b - - 0 1",
        "move": "d8b8",
        "sorted saliencies": {
            "above threshold": {
                "a2": 1,
                "a6": 1,
                "b2": 1,
                "b6": 1,
                "c3": 1,
                "d8": 1,
                "e4": 1,
                "f2": 1,
                "f5": 1,
                "h2": 1,
                "h7": 1,
                "b8": 0.6663582215104378,
                "c8": 0.6663582215104378,
                "a7": 0.42823243134177585,
                "g4": 0.39062526717961543,
                "g7": 0.390625
            },
            "below threshold": {}
        }
    }
}