{
    "move1": {
        "fen": "3r4/7p/Rp4k1/5p2/4p3/2P5/PP3P1P/5K2 b - - 0 1",
        "move": "d8b8",
        "sorted saliencies": {
            "above threshold": {
                "b6": 1,
                "d8": 1,
                "b8": 0.7,
                "c8": 0.7,
                "a7": 0.7,
                "g4": 0.7,
                "g2": 0.7
            },
            "below threshold": {
                "a6": 0.14192682785433497,
                "b2": 0.08079833020611887,
                "a2": 0.07502683921343832,
                "f2": 0.06941561686468958,
                "c3": 0.025974440048815488,
                "h2": 0.01772508389893603,
                "f5": 0.00755833554189001
            }
        }
    }
}