{
    "move1": {
        "fen": "6k1/2p3np/1p1p2p1/3P4/1PPK1R2/6PB/7P/4r3 w - - 0 1",
        "move": "f4f6",
        "sorted saliencies": {
            "above threshold": {
                "b4": 1,
                "b6": 1,
                "c4": 1,
                "c7": 1,
                "d5": 1,
                "d6": 1,
                "e1": 1,
                "f4": 1,
                "g3": 1,
                "g6": 1,
                "g7": 1,
                "h2": 1,
                "h3": 1,
                "h7": 1,
                "f5": 0.6641613221031565,
                "f6": 0.6641613221031565,
                "h4": 0.3915225483452064,
                "h5": 0.3906726391253548,
                "h6": 0.390625
            },
            "below threshold": {}
        }
    }
}