{
    "move1": {
        "fen": "6k1/2p3np/1p1p2p1/3P4/1PPK1R2/6PB/7P/4r3 w - - 0 1",
        "move": "f4f6",
        "sorted saliencies": {
            "above threshold": {
                "f4": 1,
                "h4": 0.5086112262420499,
                "h5": 0.5077613170221984,
                "h6": 0.5077136778968435,
                "f5": 0.390625,
                "f6": 0.390625
            },
            "below threshold": {
                "g7": 0.061982881037788526,
                "d5": 0.04953277809830151,
                "e1": 0.04572661657954764,
                "h3": 0.015556925304792548,
                "g6": 0.013323969760858319,
                "c4": 0.009395817696836055,
                "b6": 0.00813994133191379,
                "h7": 0.005852056526561808,
                "b4": 0.002217363826443405
            }
        }
    }
}