{
    "move1": {
        "fen": "4b3/pp2kp1p/5bp1/8/8/4P3/PP2NPPP/3N2K1 w - - 0 1",
        "move": "f2f4",
        "sorted saliencies": {
            "above threshold": {
                "f2": 1,
                "d1": 0.44230714638186497,
                "f3": 0.7,
                "f4": 0.7,
                "d2": 0.7,
                "d7": 0.7,
                "d3": 0.7
            },
            "below threshold": {
                "e8": 0.020234729969447706,
                "f7": 0.016298490735864663,
                "b7": 0.013030364851123374,
                "f6": 0.007181250872104373,
                "a7": 0.005806718243974859,
                "h7": 0.004472476750130268,
                "h2": 0.0023394855828635496,
                "g6": 0.0005252248334183697
            }
        }
    }
}