{
    "move1": {
        "fen": "3r4/7p/Rp4k1/5p2/4p3/2P5/PP3P1P/5K2 b - - 0 1",
        "move": "d8d1",
        "sorted saliencies": {
            "above threshold": {
                "b6": 1,
                "d1": 0.7,
                "d8": 1,
                "f1": 1,
                "d2": 0.7,
                "d3": 0.7,
                "d4": 0.7,
                "d5": 0.7,
                "d6": 0.7,
                "d7": 0.7,
                "f3": 0.7,
                "f4": 0.7,
                "h4": 0.7
            },
            "below threshold": {
                "f2": 0.2641232022298221,
                "h7": 0.2632228908910565,
                "h2": 0.2450594951778755,
                "a6": 0.23369524997352822,
                "a2": 0.21171241830078555,
                "e4": 0.2099014752671207,
                "c3": 0.20885609703135746,
                "b2": 0.19496152417562362,
                "f5": 0.1684240405372486
            }
        }
    }
}