{
    "puzzle1": {
        "fen": "2q1rr1k/3bbnnp/p2p1pp1/2pPp3/PpP1P1P1/1P2BNNP/2BQ1PRK/7R b - - ",
        "move": "f8g8",
        "sorted saliencies": {
            "above threshold": {
                "f8": 1,
                "e2": 0.48819735470301184,
                "h6": 0.46299277798547,
                "h5": 0.4599473964734682,
                "g8": 0.390625
            },
            "below threshold": {
                "g2": 0.036111159671690665,
                "f2": 0.03404830053747852,
                "c5": 0.03188930813866414,
                "h3": 0.021496777171287212,
                "d2": 0.020419310152912054,
                "e3": 0.0197624028306427,
                "d5": 0.01758623163542268,
                "e8": 0.013583330696705496,
                "b4": 0.007800966748626874,
                "b3": 0.005760955740208217,
                "a4": 0.005599900460348599,
                "h7": 0.0031985541596472825
            }
        }
    },
    "puzzle2": {
        "fen": "3r1k2/4npp1/1ppr3p/p6P/P2PPPP1/1NR5/5K2/2R5 w - - ",
        "move": "d4d5",
        "sorted saliencies": {
            "above threshold": {
                "d4": 1,
                "b7": 0.49824030687610216,
                "e6": 0.49096605533702076,
                "f6": 0.48994160615950383,
                "d5": 0.390625
            },
            "below threshold": {
                "b6": 0.1076940000889117,
                "f4": 0.09849772476719254,
                "e4": 0.09205699263769354,
                "e7": 0.08277430711967113,
                "a5": 0.07307414390971809,
                "d6": 0.060211365810210436,
                "c3": 0.058113823238386444,
                "d8": 0.03869444035648332,
                "c1": 0.031836314407515554,
                "h5": 0.026360551460028372,
                "h6": 0.010165345176823095
            }
        }
    },
    "puzzle3": {
        "fen": "rnbqkb1r/p3pppp/1p6/2ppP3/3N4/2P5/PPP1QPPP/R1B1KB1R w KQkq",
        "move": "e5e6",
        "sorted saliencies": {
            "above threshold": {
                "e5": 1,
                "c6": 0.8398958918969124,
                "g6": 0.8110415867491393,
                "g5": 0.8063591574177034,
                "e7": 0.6251191974997039,
                "f8": 0.6242616331097933,
                "d4": 0.6191047326117679,
                "e2": 0.5112154632529066,
                "c5": 0.42817457217846844,
                "c8": 0.39892704154978165,
                "e6": 0.390625,
                "f7": 0.390625
            },
            "below threshold": {
                "h8": 0.3487905660784388,
                "a8": 0.3441756213606759,
                "d5": 0.342191541988124,
                "g7": 0.30678725931272194,
                "b8": 0.2943626706831063,
                "h7": 0.2594364179815318,
                "g2": 0.23751290465931105
            }
        }
    },
    "puzzle4": {
        "fen": "2r3k1/pppR1pp1/4p3/4P1P1/5P2/1P4K1/P1P5/8 w - - ",
        "move": "g5g6",
        "sorted saliencies": {
            "above threshold": {
                "g5": 1,
                "f2": 0.561452248171928,
                "e7": 0.5607022942250299,
                "f3": 0.553820371018201,
                "g6": 0.390625
            },
            "below threshold": {
                "c8": 0.22425352678216226,
                "d7": 0.19761968886605774,
                "e6": 0.14955605454421944,
                "g7": 0.10093373443701328,
                "f7": 0.03746008497211777,
                "a2": 0.007653028357636012,
                "b3": 0.0014373713734846935
            }
        }
    },
    "puzzle5": {
        "fen": "4b3/p3kp2/6p1/3pP2p/2pP1P2/4K1P1/P3N2P/8 w - - ",
        "move": "f4f5",
        "sorted saliencies": {
            "above threshold": {
                "f4": 1,
                "g2": 0.6918895813922509,
                "h4": 0.6202954604691353,
                "d6": 0.6124173832183931,
                "f5": 0.390625,
                "g6": 0.390625
            },
            "below threshold": {
                "f7": 0.2848238686064771,
                "e2": 0.2645750863187892,
                "e8": 0.22389620591895545,
                "d5": 0.212762126210368,
                "h5": 0.20507518532736438,
                "h2": 0.19681346146498477,
                "d4": 0.13968409283120692,
                "e5": 0.13107339381374264
            }
        }
    },
    "puzzle6": {
        "fen": "2kr1bnr/pbpq4/2n1pp2/3p3p/3P1P1B/2N2N1Q/PPP3PP/2KR1B1R w - - ",
        "move": "f1b5",
        "sorted saliencies": {
            "above threshold": {
                "f1": 1,
                "c5": 0.5586147153821881,
                "h6": 0.5450397902634223,
                "h7": 0.5399929199228457,
                "c6": 0.45798316316030174,
                "c3": 0.4120299569076477,
                "b5": 0.390625,
                "c4": 0.390625,
                "d3": 0.390625,
                "e2": 0.390625
            },
            "below threshold": {
                "e6": 0.15494951653544076,
                "d7": 0.15327775507572808,
                "h5": 0.14748022149334314,
                "f8": 0.13969271591123458,
                "h3": 0.13527072647119642,
                "c7": 0.12328478297324116,
                "h8": 0.10142400100528709,
                "d8": 0.10043701515454151,
                "h4": 0.09965744603399221,
                "h1": 0.0995662319876839,
                "c2": 0.09080520207756933,
                "g2": 0.09079625258750286,
                "f6": 0.0855105958796555,
                "b2": 0.08466357957342643,
                "h2": 0.06917938600736667,
                "g8": 0.06474653897454823,
                "f4": 0.06255826769050274,
                "d1": 0.05525569378524368,
                "b7": 0.05294639584282993,
                "a7": 0.04867433746009702,
                "f3": 0.019662546652237718
            }
        }
    },
    "puzzle7": {
        "fen": "2r1nrk1/p2q1ppp/bp1p4/n1pPp3/P1P1P3/2PBB1N1/4QPPP/R4RK1 w - - ",
        "move": "f2f4",
        "sorted saliencies": {
            "above threshold": {
                "f2": 1,
                "g5": 0.48932398078908107,
                "g4": 0.48914346062391056,
                "g6": 0.48886518407806373,
                "e5": 0.4169314358231464,
                "f3": 0.390625,
                "f4": 0.390625
            },
            "below threshold": {
                "d3": 0.09053435615373118,
                "g3": 0.0798617493931466,
                "a1": 0.0731778520075752,
                "c5": 0.042332355148195826,
                "d7": 0.03857708924422572,
                "e2": 0.03567608035897878,
                "a5": 0.02791990893974075,
                "c8": 0.027118403866168046,
                "f8": 0.022745000482200753,
                "a6": 0.00959509929678927,
                "d5": 0.006691413837557237,
                "a4": 0.004797696635459515,
                "c3": 0.00231204006312599
            }
        }
    },
    "puzzle8": {
        "fen": "r2q1rk1/4bppp/p2p4/2pP4/3pP3/3Q4/PP1B1PPP/R3R1K1 w - - ",
        "move": "b2b4",
        "sorted saliencies": {
            "above threshold": {
                "b2": 1,
                "e2": 0.48331863159239197,
                "e3": 0.4829534819724159,
                "g6": 0.4385274651951691,
                "d2": 0.4238533677835593,
                "c5": 0.4047248619485271,
                "b3": 0.390625,
                "b4": 0.390625
            },
            "below threshold": {
                "d4": 0.06110710780492987,
                "d3": 0.051218523519144785,
                "e4": 0.04466880945238652,
                "a1": 0.039637641187531,
                "d5": 0.03104515500927123,
                "e1": 0.021055167414882437,
                "f8": 0.017987395363394526,
                "h7": 0.015279394037805375,
                "a8": 0.012175246556162029,