{
    "puzzle1": {
        "fen": "2q1rr1k/3bbnnp/p2p1pp1/2pPp3/PpP1P1P1/1P2BNNP/2BQ1PRK/7R b - - ",
        "move": "f8g8",
        "sorted saliencies": {
            "above threshold": {
                "f8": 1,
                "e8": 0.409835108486565,
                "g8": 0.6872890424403145,
                "e6": 0.42142110125284754,
                "c3": 0.40521373078619494,
                "d3": 0.390625
            },
            "below threshold": {
                "c5": 0.02986114686911689,
                "f2": 0.014224522530714673,
                "e3": 0.012902720451309526,
                "d2": 0.011903797291706819,
                "e5": 0.00599539404878989,
                "h1": 0.004298594017503531,
                "c4": 0.0025027729311381773
            }
        }
    },
    "puzzle2": {
        "fen": "3r1k2/4npp1/1ppr3p/p6P/P2PPPP1/1NR5/5K2/2R5 w - - ",
        "move": "d4d5",
        "sorted saliencies": {
            "above threshold": {
                "d4": 1,
                "d5": 0.704028655934617,
                "f6": 0.3930198069693668,
                "c2": 0.3916236607324572,
                "b4": 0.390625
            },
            "below threshold": {
                "b6": 0.08011587452267473,
                "e4": 0.06884841759476164,
                "f4": 0.0677670209720604,
                "e7": 0.060443471489726376,
                "a5": 0.05995746787506854,
                "c3": 0.04009607741721545,
                "d6": 0.03256361763766281,
                "c1": 0.025046998342492795,
                "h5": 0.015733812028900306,
                "d8": 0.004879801051516411
            }
        }
    },
    "puzzle3": {
        "fen": "rnbqkb1r/p3pppp/1p6/2ppP3/3N4/2P5/PPP1QPPP/R1B1KB1R w KQkq",
        "move": "e5e6",
        "sorted saliencies": {
            "above threshold": {
                "e5": 1,
                "d4": 0.7311716109061096,
                "f8": 0.7161166227793655,
                "e7": 0.7116092732444074,
                "e2": 0.6436170601082827,
                "f1": 0.5191266053557508,
                "c5": 0.47768544593406287,
                "a8": 0.4763310925650092,
                "c8": 0.4584958737269669,
                "d5": 0.4307420345377902,
                "h8": 0.4008084262614733,
                "b8": 0.39855223299712755,
                "f7": 0.39453995636480055,
                "g2": 0.39399704812687736,
                "e6": 0.390625,
                "c7": 0.7480425121696753,
                "d3": 0.7368258849555859,
                "b7": 0.7240755265285809
            },
            "below threshold": {
                "g7": 0.3635834358090866,
                "h7": 0.3488464462188764,
                "c1": 0.2542330215395545,
                "h1": 0.23449912921240698,
                "b6": 0.20269887374773532,
                "c2": 0.182811975811015,
                "h2": 0.10369254712767947,
                "a1": 0.09690691157265444,
                "c3": 0.09591630987714658,
                "a2": 0.039293166979492374
            }
        }
    },
    "puzzle4": {
        "fen": "2r3k1/pppR1pp1/4p3/4P1P1/5P2/1P4K1/P1P5/8 w - - ",
        "move": "g5g6",
        "sorted saliencies": {
            "above threshold": {
                "g5": 1,
                "g6": 0.4986740721585785,
                "e7": 0.4216119821928324,
                "e4": 0.39833359985417,
                "h6": 0.390625
            },
            "below threshold": {
                "c8": 0.2969460644970363,
                "e6": 0.2864162199695503,
                "d7": 0.2816146937224577,
                "g7": 0.24629206250998187,
                "f7": 0.17604040428257925,
                "c2": 0.17332388721717967,
                "a2": 0.15515991344755992,
                "b7": 0.15484959487936115,
                "f4": 0.11210795218430626,
                "a7": 0.08210246298071072,
                "e5": 0.06627878584961579
            }
        }
    },
    "puzzle5": {
        "fen": "4b3/p3kp2/6p1/3pP2p/2pP1P2/4K1P1/P3N2P/8 w - - ",
        "move": "f4f5",
        "sorted saliencies": {
            "above threshold": {
                "f4": 1,
                "f5": 0.48259954834468,
                "g6": 0.390625,
                "e6": 0.4576065987462401,
                "g5": 0.45494585695810874,
                "g7": 0.390625
            },
            "below threshold": {
                "f7": 0.3395902360073575,
                "e2": 0.29685029007739566,
                "h5": 0.27853880830710437,
                "e8": 0.26436733173626503,
                "d4": 0.26341128714541356,
                "e5": 0.25516002736757554,
                "h2": 0.23394356634835475,
                "d5": 0.21697384748532253,
                "a7": 0.08428752407191623,
                "g3": 0.062140234232382394
            }
        }
    },
    "puzzle6": {
        "fen": "2kr1bnr/pbpq4/2n1pp2/3p3p/3P1P1B/2N2N1Q/PPP3PP/2KR1B1R w - - ",
        "move": "f1b5",
        "sorted saliencies": {
            "above threshold": {
                "f1": 1,
                "c6": 0.4696054822092437,
                "c3": 0.4068334678225187,
                "b5": 0.6284260018365012,
                "c4": 0.6284260018365012,
                "d3": 0.6284260018365012,
                "e2": 0.6284260018365012,
                "a6": 0.44521757187225885,
                "b4": 0.40048564336262815,
                "f5": 0.390625
            },
            "below threshold": {
                "d7": 0.16058530698391776,
                "e6": 0.15132002052628826,
                "h5": 0.14897821526136454,
                "h3": 0.1436523658366943,
                "f8": 0.14284330074070245,
                "c7": 0.1073562710471899,
                "h8": 0.10652659515777023,
                "a2": 0.10484704240777559,
                "h4": 0.10141626441784607,
                "b2": 0.09894431615761876,
                "a7": 0.09734213443655129,
                "h2": 0.09062939686766339,
                "h1": 0.08864762013832553,
                "g8": 0.08252569532117875,
                "g2": 0.07737285431478336,
                "f6": 0.07114553687869679,
                "d8": 0.06598911096780266,
                "d5": 0.052124894732749665,
                "b7": 0.03696189185556471,
                "d1": 0.02204184008711058,
                "f4": 0.016577721196617465,
                "c2": 0.00847345880522871,
                "f3": 0.0067435562968294165
            }
        }
    },
    "puzzle7": {
        "fen": "2r1nrk1/p2q1ppp/bp1p4/n1pPp3/P1P1P3/2PBB1N1/4QPPP/R4RK1 w - - ",
        "move": "f2f4",
        "sorted saliencies": {
            "above threshold": {
                "f2": 1,
                "e3": 0.4684693867887819,
                "e5": 0.45573732210670326,
                "f1": 0.40575999171846694,
                "f3": 0.6506278626017777,
                "f4": 0.6506278626017777,
                "g5": 0.41366312421765095,
                "h4": 0.39202907697025285,
                "d4": 0.390625
            },
            "below threshold": {
                "d3": 0.12604700215047682,
                "a1": 0.11522438432058828,
                "e2": 0.11440123937340461,
                "c8": 0.08617288307975599,
                "a5": 0.08396683940216072,
                "c5": 0.08027725695154982,
                "g3": 0.08005230785377436,
                "d7": 0.07992292843250597,
                "a4": 0.07885333175503374,
                "f8": 0.057661067773637505,
                "g7": 0.05175979496324635,
                "d5": 0.04622007916471147,
                "a6": 0.04055912756226166,
                "c3": 0.04052448345918953,
                "c4": 0.03695547328938598,
                "a7": 0.019266412111187944
            }
        }
    },
    "puzzle8": {
        "fen": "r2q1rk1/4bppp/p2p4/2pP4/3pP3/3Q4/PP1B1PPP/R3R1K1 w - - ",
        "move": "b2b4",