{
    "move1": {
        "fen": "8/4k3/r4pp1/pR6/P4KP1/5P2/8/8 w - - 0 1",
        "move": "f4e4",
        "sorted saliencies": {
            "above threshold": {
                "a4": 1,
                "a5": 1,
                "a6": 1,
                "b5": 1,
                "f3": 1,
                "f4": 1,
                "f6": 1,
                "g4": 1,
                "g6": 1,
                "e4": 0.6691113524274059,
                "a7": 0.4237296805689558,
                "f7": 0.40065348552469565,
                "g2": 0.390625
            },
            "below threshold": {}
        }
    }
}