{
    "move1": {
        "fen": "8/4k3/r4pp1/pR6/P4KP1/5P2/8/8 w - - 0 1",
        "move": "f4e4",
        "sorted saliencies": {
            "above threshold": {
                "f4": 1,
                "e4": 0.390625
            },
            "below threshold": {
                "b5": 0.17854791502532655,
                "a5": 0.17005820552137152,
                "a6": 0.1539168282321692
            }
        }
    }
}