{
    "move1": {
        "fen": "6k1/p2b1ppp/8/8/3N4/1P5P/5PP1/6K1 b - - 0 1",
        "move": "a7a5",
        "sorted saliencies": {
            "above threshold": {
                "a7": 1,
                "b3": 1,
                "d4": 1,
                "d7": 1,
                "f2": 1,
                "f7": 1,
                "g2": 1,
                "g7": 1,
                "h3": 1,
                "h7": 1,
                "a5": 0.6563243490738865,
                "a6": 0.6563243490738865,
                "e2": 0.3921141321604941,
                "e6": 0.39205902957035,
                "e3": 0.390625
            },
            "below threshold": {}
        }
    }
}