{
    "move1": {
        "fen": "6k1/p2b1ppp/8/8/3N4/1P5P/5PP1/6K1 b - - 0 1",
        "move": "a7a5",
        "sorted saliencies": {
            "above threshold": {
                "a7": 1,
                "a5": 0.6563243490738865,
                "a6": 0.6563243490738865,
                "e2": 0.3921141321604941,
                "e6": 0.39205902957035,
                "e3": 0.390625
            },
            "below threshold": {
                "d7": 0.0586642139192264,
                "g2": 0.04049092825201226,
                "h3": 0.02745394213081716,
                "f2": 0.020849328718427443,
                "b3": 0.003635097501187859
            }
        }
    }
}