{
    "move1": {
        "fen": "8/5b2/1k2p1p1/2NpP1P1/1K1P4/8/8/8 w - - 0 1",
        "move": "c5a4",
        "sorted saliencies": {
            "above threshold": {
                "a4": 1,
                "b6": 1,
                "c5": 1,
                "h2": 0.5581557696014766,
                "h3": 0.5581557696014766,
                "h4": 0.5581557696014766
            },
            "below threshold": {
                "g6": 0.1621205239158928,
                "d5": 0.12365515966637937,
                "f7": 0.112861401244109,
                "e5": 0.10784878983818015,
                "g5": 0.05110694894183446
            }
        }
    }
}