{
    "puzzle1": {
        "fen": "1k1r4/pp1b1R2/3q2pp/4p3/2B5/4Q3/PPP2B2/2K5 b - - ",
        "move": "d6d1",
        "sorted saliencies": {
            "above threshold": {
                "c3": 1.257764322749744,
                "c1": 1,
                "d1": 1,
                "d6": 1,
                "b5": 0.9746747220320955,
                "b3": 0.9712911048084542,
                "c2": 0.8543337802908387,
                "b2": 0.6038822496247324,
                "d2": 0.390625,
                "d3": 0.390625,
                "d4": 0.390625,
                "d5": 0.390625
            },
            "below threshold": {
                "f2": 0.3243598329541975,
                "d8": 0.13756481037748558,
                "e3": 3.0670914109507975e-07,
                "f7": 2.2204460492503087e-15
            }
        }
    },
    "puzzle2": {
        "fen": "r1b2rk1/2q1b1pp/p2ppn2/1p6/3QP3/1BN1B3/PPP3PP/R4RK1 w - - ",
        "move": "a2a4",
        "sorted saliencies": {
            "above threshold": {
                "a2": 1,
                "b4": 0.5767265829756842,
                "f5": 0.5758403932372687,
                "f4": 0.575681797700369,
                "b3": 0.5265925749445812,
                "a3": 0.49131418857411874,
                "a4": 0.49131418857411874
            },
            "below threshold": {
                "d6": 0.07794009261229012,
                "b5": 0.049150754055533034,
                "a6": 0.04905259932385453,
                "c2": 0.03499032666167348,
                "c7": 0.020798974918370187,
                "e7": 0.01679545001152552,
                "a1": 0.008207129210505076,
                "e4": 0.002272800020360357
            }
        }
    },
    "puzzle3": {
        "fen": "1nk1r1r1/pp2n1pp/4p3/q2pPp1N/b1pP1P2/B1P2R2/2P1B1PP/R2Q2K1 w - - ",
        "move": "h5f6",
        "sorted saliencies": {
            "above threshold": {
                "h5": 1,
                "g3": 0.5041295986367962,
                "g4": 0.5040004908415179,
                "g5": 0.5036202555737673,
                "g8": 0.5017207200509535,
                "e8": 0.4857307526144264,
                "f6": 0.390625
            },
            "below threshold": {
                "g2": 0.11366512574292523,
                "e5": 0.1126047832588254,
                "e7": 0.10542157045381977,
                "c2": 0.08817244856826342,
                "d5": 0.07932359304467416,
                "a4": 0.07464339247604776,
                "f3": 0.07206105005480655,
                "h7": 0.06618468089902317,
                "a3": 0.055219454448609505,
                "a1": 0.03573059159194725,
                "f4": 0.03219192949260564,
                "f5": 0.026927654521751564,
                "c4": 0.016552752766193897
            }
        }
    },
    "puzzle4": {
        "fen": "3rr1k1/pp3pp1/1qn2np1/8/3p4/PP1R1P2/2P1NQPP/R1B3K1 b - - ",
        "move": "c6e5",
        "sorted saliencies": {
            "above threshold": {
                "c6": 1,
                "b5": 0.9434558832962306,
                "b4": 0.9434558516797837,
                "e4": 0.7589230720242409,
                "c1": 0.5608096857938895,
                "b6": 0.5532708242525519,
                "f6": 0.5452245657800895,
                "e8": 0.5416300825209781,
                "b3": 0.5368772000715454,
                "d3": 0.5363361274850981,
                "d8": 0.46426585475567256,
                "e5": 0.390625
            },
            "below threshold": {
                "g2": 0.3755776859618692,
                "f2": 0.36769284882376946,
                "e2": 0.3509265162628065,
                "f3": 0.34050811419456395,
                "d4": 0.307869419065453,
                "a1": 0.1830348485076473,
                "g6": 0.17805970438912513,
                "g7": 0.12788448375531353,
                "a3": 0.11835157555524192
            }
        }
    },
    "puzzle5": {
        "fen": "r3r1k1/ppqb1ppp/8/4p1NQ/8/2P5/PP3PPP/R3R1K1 b - - ",
        "move": "d7f5",
        "sorted saliencies": {
            "above threshold": {
                "h6": 1.040663102859364,
                "d7": 1,
                "g6": 0.9959006343294665,
                "e2": 0.8347603236884781,
                "g5": 0.602315754965778,
                "h5": 0.5923606739065461,
                "f7": 0.5544714080956707,
                "e1": 0.40571325360731963,
                "e6": 0.390625,
                "f5": 0.390625
            },
            "below threshold": {
                "f2": 0.3288409487902706,
                "a1": 0.2922772291364379,
                "c7": 0.2513761884261587,
                "h7": 0.05231531398829356,
                "a7": 0.05089801958342484,
                "c3": 0.03914233126205001,
                "g2": 0.029014894062375594,
                "a2": 0.021654724081429086,
                "b2": 0.018043530100334645,
                "h2": 0.0080617795813843
            }
        }
    },
    "puzzle6": {
        "fen": "rnb2r1k/pp2p2p/2pp2p1/q2P1p2/8/1Pb2NP1/PB2PPBP/R2Q1RK1 w - - ",
        "move": "d1d2",
        "sorted saliencies": {
            "above threshold": {
                "d1": 1,
                "d3": 0.891827991877822,
                "f4": 0.8870025125665951,
                "d4": 0.8755943950173345,
                "f1": 0.5650136437576939,
                "f3": 0.45817069374566505,
                "a2": 0.4133177779351559,
                "d2": 0.40650902455443905
            },
            "below threshold": {
                "e2": 0.31427944175266653,
                "d5": 0.302550664258276,
                "f2": 0.23899105843433133,
                "a7": 0.21349488031458777,
                "h7": 0.1892685459082093,
                "b2": 0.1610315388494455,
                "a1": 0.13750865946149854,
                "a5": 0.13652350368914196,
                "d6": 0.12468823952864821,
                "f5": 0.11158358344984107,
                "b3": 0.054413298969333924,
                "g2": 0.050583433089342815,
                "h2": 0.009703800923093042
            }
        }
    },
    "puzzle7": {
        "fen": "2r3k1/1p2q1pp/2b1pr2/p1pp4/6Q1/1P1PP1R1/P1PN2PP/5RK1 w - - ",
        "move": "g4g7",
        "sorted saliencies": {
            "above threshold": {
                "g4": 1,
                "h3": 0.6278970699678614,
                "h4": 0.6257770472588811,
                "h5": 0.6243963753915943,
                "e7": 0.390625,
                "g5": 0.390625,
                "g6": 0.390625,
                "g8": 0.390625
            },
            "below threshold": {
                "h2": 0.23723942352399408,
                "f1": 0.2364043068869027,
                "f6": 0.2260807640107012,
                "g3": 0.2209206015486369,
                "e6": 0.15867931665974655,
                "c8": 0.08944315309318743,
                "h7": 0.07582884228119588,
                "c6": 0.03401421272425315,
                "a2": 0.01665303027102589,
                "d3": 0.012036156514565362,
                "a5": 0.010862975422419959,
                "e3": 0.008646851178674026,
                "c5": 0.004780656053294619
            }
        }
    },
    "puzzle8": {
        "fen": "r1bqkb1r/4npp1/p1p4p/1p1pP1B1/8/1B6/PPPN1PPP/R2Q1RK1 w kq - ",
        "move": "d2e4",
        "sorted saliencies": {
            "above threshold": {
                "e6": 1.040667972262653,
                "e2": 1.0186185919061241,
                "d2": 1,
                "e3": 0.9880974499444031,
                "g5": 0.7725803590018401,
                "e5": 0.6480391140121461,
                "b3": 0.6457721313683877,
                "f8": 0.6439783289906997,
                "d1": 0.6398392793773294,
                "c8": 0.6337095403334874,
                "d8": 0.597383897852574,
                "f2": 0.5058261090453697,
                "d5": 0.46787293195112223,
                "h8": 0.4354104340921036,