{
    "puzzle1": {
        "fen": "1k1r4/pp1b1R2/3q2pp/4p3/2B5/4Q3/PPP2B2/2K5 b - - ",
        "move": "d6d1",
        "sorted saliencies": {
            "above threshold": {
                "c1": 1,
                "d6": 1,
                "d5": 0.6907330539275229,
                "d4": 0.6907330539275229,
                "d3": 0.6907330539275229,
                "d2": 0.6907330539275229,
                "d1": 0.6907330539275229,
                "e2": 0.39081597872106183,
                "g4": 0.3907942742937636,
                "f3": 0.390625
            },
            "below threshold": {
                "b2": 0.0903352079939049,
                "c2": 0.07167780672227511,
                "f2": 0.06102404256166647,
                "b7": 0.03701604191435035,
                "d8": 0.03195885881583959,
                "d7": 0.020774215566367545,
                "a7": 0.015102053460131298,
                "e5": 0.008145069878938947
            }
        }
    },
    "puzzle2": {
        "fen": "r1b2rk1/2q1b1pp/p2ppn2/1p6/3QP3/1BN1B3/PPP3PP/R4RK1 w - - ",
        "move": "a2a4",
        "sorted saliencies": {
            "above threshold": {
                "a2": 1,
                "d4": 0.4699632679068425,
                "c3": 0.43177199716347525,
                "b3": 0.4078669419423143,
                "a4": 0.6484398775479335,
                "a3": 0.6484398775479335,
                "b4": 0.39324176172893666,
                "b7": 0.3927837772076558,
                "f4": 0.390625
            },
            "below threshold": {
                "d6": 0.1355851581445722,
                "b5": 0.11731647627329472,
                "a6": 0.11310727725764143,
                "c2": 0.10804098140523817,
                "e7": 0.08804425306184467,
                "c7": 0.08543104554065113,
                "f6": 0.08350337945172315,
                "e3": 0.07984012266233848,
                "c8": 0.07273483079149629,
                "e4": 0.06731769364291858,
                "h2": 0.06658190465229578,
                "a1": 0.06041877948938667,
                "g2": 0.053518303301234096,
                "a8": 0.04530821832234292,
                "b2": 0.03965971691642343,
                "g7": 0.038745061823780146,
                "f8": 0.03240817071496261,
                "h7": 0.001727453714310148
            }
        }
    },
    "puzzle3": {
        "fen": "1nk1r1r1/pp2n1pp/4p3/q2pPp1N/b1pP1P2/B1P2R2/2P1B1PP/R2Q2K1 w - - ",
        "move": "h5f6",
        "sorted saliencies": {
            "above threshold": {
                "h5": 1,
                "g8": 0.4974360160949668,
                "e8": 0.4850016315143866,
                "f6": 0.686460009450322,
                "f7": 0.4043532068620844,
                "h3": 0.40218555130192624,
                "g4": 0.390625
            },
            "below threshold": {
                "g2": 0.10943847086531075,
                "e5": 0.10846771763883285,
                "e7": 0.10167821383750054,
                "c2": 0.08552277078498621,
                "d5": 0.07347333433319374,
                "f3": 0.07062560765794951,
                "h7": 0.06043523485319143,
                "a4": 0.05728852507865133,
                "a3": 0.05047246051845193,
                "a1": 0.03076073413779264,
                "f4": 0.017129800165090033,
                "c4": 0.014505175432746485,
                "c3": 0.0017511409856750695
            }
        }
    },
    "puzzle4": {
        "fen": "3rr1k1/pp3pp1/1qn2np1/8/3p4/PP1R1P2/2P1NQPP/R1B3K1 b - - ",
        "move": "c6e5",
        "sorted saliencies": {
            "above threshold": {
                "c6": 1,
                "e8": 0.5563771159402112,
                "c1": 0.5555661364208497,
                "b6": 0.5488289512505414,
                "b3": 0.5453619029174118,
                "e2": 0.5446212558963812,
                "d3": 0.5397843885713288,
                "f6": 0.5378144459432345,
                "d8": 0.46816036239527764,
                "e5": 0.390625,
                "f4": 0.5795001046086915,
                "e6": 0.57201464780131,
                "e7": 0.570864918453109
            },
            "below threshold": {
                "f3": 0.3511989658973855,
                "g2": 0.34530978326307343,
                "d4": 0.3108599914039014,
                "f2": 0.3045242709852452,
                "a3": 0.297016740458745,
                "g6": 0.1661565724083169,
                "g7": 0.15725377864197385,
                "a1": 0.1417602834609798
            }
        }
    },
    "puzzle5": {
        "fen": "r3r1k1/ppqb1ppp/8/4p1NQ/8/2P5/PP3PPP/R3R1K1 b - - ",
        "move": "d7f5",
        "sorted saliencies": {
            "above threshold": {
                "d7": 1,
                "f7": 0.390625,
                "e6": 0.78125,
                "f5": 0.78125,
                "d6": 0.390625,
                "b6": 0.390625,
                "g6": 0.390625
            },
            "below threshold": {
                "a8": 1.8207436237217995e-18,
                "e8": 1.8199692198067956e-18,
                "g7": 1.7682195617338097e-18,
                "e5": 1.7268857924198497e-18,
                "h7": 1.5382068311895794e-18,
                "b7": 1.1718920296852595e-18,
                "a7": 1.0198456965086738e-18
            }
        }
    },
    "puzzle6": {
        "fen": "rnb2r1k/pp2p2p/2pp2p1/q2P1p2/8/1Pb2NP1/PB2PPBP/R2Q1RK1 w - - ",
        "move": "d1d2",
        "sorted saliencies": {
            "above threshold": {
                "d1": 1,
                "f3": 0.7438933757484021,
                "f1": 0.5623046225537244,
                "d2": 0.390625,
                "e3": 0.7612186211524284,
                "c7": 0.5456517159420186,
                "h3": 0.5129958730071053
            },
            "below threshold": {
                "a2": 0.3802668848170739,
                "d5": 0.3396953366905096,
                "e2": 0.23530899413911527,
                "f2": 0.2321969369640972,
                "a7": 0.20914323520357436,
                "b2": 0.1601493466367623,
                "a5": 0.14214748019746948,
                "f5": 0.1154033958462177,
                "d6": 0.07441647747823726,
                "b3": 0.06060951312317427,
                "g2": 0.056964648392953544,
                "c6": 0.05252565244695274,
                "h7": 0.03801292793559139
            }
        }
    },
    "puzzle7": {
        "fen": "2r3k1/1p2q1pp/2b1pr2/p1pp4/6Q1/1P1PP1R1/P1PN2PP/5RK1 w - - ",
        "move": "g4g7",
        "sorted saliencies": {
            "above threshold": {
                "g4": 1,
                "e7": 0.390625,
                "g8": 0.390625,
                "g7": 0.5647136254209405,
                "g5": 0.5647136254209405,
                "g6": 0.5647136254209405,
                "f4": 0.39158425283999687,
                "f5": 0.390625,
                "f7": 0.390625
            },
            "below threshold": {
                "h2": 0.22044088881573787,
                "f1": 0.2195195339157864,
                "f6": 0.21146457167000357,
                "g3": 0.20708864213427058,
                "e6": 0.14972737445233444,
                "c8": 0.06929315315907272,
                "h7": 0.056243488677670726,
                "d2": 0.0405192606575165,
                "c6": 0.03251625647995661
            }
        }
    },
    "puzzle8": {
        "fen": "r1bqkb1r/4npp1/p1p4p/1p1pP1B1/8/1B6/PPPN1PPP/R2Q1RK1 w kq - ",
        "move": "d2e4",
        "sorted saliencies": {
            "above threshold": {
                "d2": 1,
                "b3": 0.7139906225011865,
                "e5": 0.7134765648108192,
                "f8": 0.7130829795853298,
                "d1": 0.7069887563923851,
                "c8": 0.7063104732927542,
                "d8": 0.6708492673492725,
                "f2": 0.5881401184041305,
                "d5": 0.5336431482549093,
                "h8": 0.5119273566619061,