{
    "puzzle1": {
        "fen": "2q1rr1k/3bbnnp/p2p1pp1/2pPp3/PpP1P1P1/1P2BNNP/2BQ1PRK/7R b - - ",
        "move": "c8d8",
        "sorted saliencies": {
            "above threshold": {
                "c8": 1
            },
            "below threshold": {
                "h3": 0.08638038342879933,
                "g4": 0.05876742480312652,
                "d5": 0.054326773102696374,
                "d2": 0.04999133225119075,
                "c5": 0.042632067369948345,
                "e4": 0.040381908572804076,
                "c4": 0.032241584911021096,
                "e7": 0.027311931514212656,
                "d6": 0.02628619572394239,
                "f3": 0.022419079033573933,
                "b4": 0.02140584914591799,
                "e3": 0.02139565252945979,
                "f7": 0.020031584741904283,
                "g2": 0.018448277058056302,
                "e5": 0.01826437374583764,
                "f6": 0.017515477560274398,
                "f2": 0.01675309096348002,
                "c2": 0.0129439986396614,
                "h1": 0.01211848399381005,
                "g3": 0.010776328247603677,
                "a6": 0.004838300304515869,
                "d7": 0.003520398529621039,
                "h7": 0.0008543816154220115
            }
        }
    },
    "puzzle2": {
        "fen": "3r1k2/4npp1/1ppr3p/p6P/P2PPPP1/1NR5/5K2/2R5 w - - ",
        "move": "d4d5",
        "sorted saliencies": {
            "above threshold": {
                "d4": 1
            },
            "below threshold": {
                "b6": 0.06492306278867367,
                "f4": 0.057485086825400586,
                "e7": 0.05018034840146456,
                "e4": 0.04992482435912374,
                "a5": 0.04909451397666629,
                "h5": 0.047825434923975854,
                "c3": 0.04237141441624736,
                "c1": 0.028373108200596808,
                "d6": 0.02327579512096673,
                "d8": 0.0224857128995038,
                "h6": 0.021455751387864028,
                "g7": 0.003846307106644485
            }
        }
    },
    "puzzle3": {
        "fen": "rnbqkb1r/p3pppp/1p6/2ppP3/3N4/2P5/PPP1QPPP/R1B1KB1R w KQkq",
        "move": "e5e6",
        "sorted saliencies": {
            "above threshold": {
                "e5": 1
            },
            "below threshold": {
                "d4": 0.2846435086965938,
                "e7": 0.2787951613706529,
                "f8": 0.2570498833810347,
                "d5": 0.24022027896162398,
                "a8": 0.16967028327398725,
                "c5": 0.1681651095005033,
                "f7": 0.1305614148257979,
                "h7": 0.11619368331742926,
                "c8": 0.11399047325672437,
                "h8": 0.1062804454248145,
                "e2": 0.10130740131565548,
                "f2": 0.027515021752098297,
                "b8": 0.013385733514906337,
                "b2": 0.011279590115619622,
                "c1": 0.006253537964447765,
                "b6": 0.006041112474419891,
                "a1": 0.00284868112236042
            }
        }
    },
    "puzzle4": {
        "fen": "2r3k1/pppR1pp1/4p3/4P1P1/5P2/1P4K1/P1P5/8 w - - ",
        "move": "g5g6",
        "sorted saliencies": {
            "above threshold": {
                "g5": 1
            },
            "below threshold": {
                "c8": 0.1488383242904716,
                "d7": 0.13509077070091652,
                "g7": 0.12970581494633313,
                "f7": 0.05181527998061769,
                "e6": 0.04948943182891263,
                "e5": 0.03710466423002359,
                "c7": 0.02839842652204185,
                "b3": 0.018225057881437478,
                "f4": 0.017392958860119944,
                "a2": 0.0026160680273244414
            }
        }
    },
    "puzzle5": {
        "fen": "4b3/p3kp2/6p1/3pP2p/2pP1P2/4K1P1/P3N2P/8 w - - ",
        "move": "f4f5",
        "sorted saliencies": {
            "above threshold": {
                "f4": 1
            },
            "below threshold": {
                "f7": 0.26682971232390745,
                "h5": 0.2633821216577255,
                "d4": 0.2609853878587366,
                "e5": 0.2427977630976309,
                "g3": 0.20573290068859823,
                "h2": 0.1929274279402369,
                "e2": 0.17764805132826905,
                "d5": 0.17555611819657568,
                "a7": 0.14970668158601858,
                "a2": 0.11535914219308202,
                "c4": 0.06140150478367262,
                "e8": 0.008855527441302892
            }
        }
    },
    "puzzle6": {
        "fen": "2kr1bnr/pbpq4/2n1pp2/3p3p/3P1P1B/2N2N1Q/PPP3PP/2KR1B1R w - - ",
        "move": "d1e1",
        "sorted saliencies": {
            "above threshold": {
                "d1": 1
            },
            "below threshold": {
                "d5": 0.07853685617779121,
                "f3": 0.061514070069175746,
                "d4": 0.04366049008091518,
                "d7": 0.039489742551209926,
                "e6": 0.033253665540454454,
                "c3": 0.016598840633776285,
                "f6": 0.011940968624635994,
                "h8": 0.010694141168331216,
                "f8": 0.008952615213926443,
                "h3": 0.008830242577732449,
                "d8": 0.004991096240570689,
                "a2": 0.004567718637905832,
                "b7": 0.003231957475865738,
                "g2": 0.0023213074244515333
            }
        }
    },
    "puzzle7": {
        "fen": "2r1nrk1/p2q1ppp/bp1p4/n1pPp3/P1P1P3/2PBB1N1/4QPPP/R4RK1 w - - ",
        "move": "f2f4",
        "sorted saliencies": {
            "above threshold": {
                "f2": 1
            },
            "below threshold": {
                "d3": 0.07291423194766526,
                "e2": 0.0418740472218493,
                "e5": 0.035769647496417055,
                "e3": 0.02482397940414619,
                "a6": 0.02181540203702314,
                "c5": 0.021529683796946805,
                "e8": 0.020674556096974966,
                "g7": 0.018111118007306297,
                "d5": 0.01567934298252717,
                "c3": 0.013153388386463804,
                "h2": 0.009886623759326672,
                "d7": 0.0094797384407095,
                "a5": 0.00910927638852664,
                "c4": 0.005198979206866807,
                "a4": 0.0017614617990800079
            }
        }
    },
    "puzzle8": {
        "fen": "r2q1rk1/4bppp/p2p4/2pP4/3pP3/3Q4/PP1B1PPP/R3R1K1 w - - ",
        "move": "b2b4",
        "sorted saliencies": {
            "above threshold": {
                "b2": 1
            },
            "below threshold": {
                "c5": 0.03202540196657203,
                "d5": 0.02736978228105027,
                "g7": 0.02518601041309298,
                "d3": 0.02197998470545706,
                "d4": 0.02155957784039113,
                "h7": 0.015235690340519357,
                "e4": 0.01473329335142025,
                "a6": 0.013816629988214292,
                "d6": 0.0064080143621889525,
                "d2": 0.005746858118072425,
                "g2": 0.00042138762706000837
            }
        }
    },
    "puzzle9": {
        "fen": "r2q1rk1/1ppnbppp/p2p1nb1/3Pp3/2P1P1P1/2N2N1P/PPB1QP2/R1B2RK1 b - - ",
        "move": "d7c5",
        "sorted saliencies": {
            "above threshold": {
                "d7": 1
            },
            "below threshold": {
                "d6": 0.09295367303297984,
                "f3": 0.05608686762279079,
                "g6": 0.04366073344399147,
                "f6": 0.04311345805859742,
                "g4": 0.04253731890840918,
                "g7": 0.040499638932613186,
                "a2": 0.03692112077324806,
                "c1": 0.03409450443797932,
                "e7": 0.03102149401339948,
                "e4": 0.027701595452235644,
                "f7": 0.0271571702508936,
                "d5": 0.02651766225684228,