{
    "puzzle1": {
        "fen": "2q1rr1k/3bbnnp/p2p1pp1/2pPp3/PpP1P1P1/1P2BNNP/2BQ1PRK/7R b - - ",
        "move": "a6a5",
        "sorted saliencies": {
            "above threshold": {
                "a6": 1,
                "d3": 0.4227071849827494,
                "d4": 0.4226092574646262,
                "c3": 0.41892671522675756,
                "a5": 0.390625
            },
            "below threshold": {
                "c8": 0.0375078046994904,
                "e8": 0.03731786820694027,
                "d7": 0.037138224396081235,
                "e7": 0.03667005306925085,
                "d2": 0.032121479944957954,
                "c2": 0.02714648479052362,
                "c5": 0.027077203176486028,
                "g2": 0.01971969526743892,
                "f6": 0.019262105547620763,
                "f3": 0.01123229055954948,
                "e3": 0.006242146451375808
            }
        }
    },
    "puzzle2": {
        "fen": "3r1k2/4npp1/1ppr3p/p6P/P2PPPP1/1NR5/5K2/2R5 w - - ",
        "move": "d4d5",
        "sorted saliencies": {
            "above threshold": {
                "d4": 1,
                "b5": 0.6531038429793403,
                "b4": 0.6530906228017497,
                "b2": 0.6140601224912837,
                "d5": 0.390625
            },
            "below threshold": {
                "b3": 0.2623910239222313,
                "h6": 0.22323464864459336,
                "a5": 0.22306694740229485,
                "h5": 0.21559474359490186,
                "b6": 0.21538451315029875,
                "a4": 0.2147561649646498,
                "g4": 0.21444474684188125,
                "f4": 0.21313930809434894,
                "e4": 0.21232123718949242,
                "c1": 0.19270927005222774,
                "c3": 0.18917545585363818,
                "e7": 0.14028013155879054,
                "d6": 0.1364849345474235,
                "d8": 0.13400762134622862
            }
        }
    },
    "puzzle3": {
        "fen": "rnbqkb1r/p3pppp/1p6/2ppP3/3N4/2P5/PPP1QPPP/R1B1KB1R w KQkq",
        "move": "e5e6",
        "sorted saliencies": {
            "above threshold": {
                "e5": 1,
                "g6": 0.5293696948456632,
                "d6": 0.5282371229275057,
                "d7": 0.5282371229275057,
                "f7": 0.52703960086974,
                "d4": 0.4968621873679442,
                "e6": 0.390625
            },
            "below threshold": {
                "h1": 0.16225815392587636,
                "a1": 0.16211969267329204,
                "f1": 0.16098236863024715,
                "c1": 0.16034497737420603,
                "g2": 0.1373735797984424,
                "d5": 0.13693533971116933,
                "f8": 0.13602296283770363,
                "g7": 0.13537398455457617,
                "e7": 0.12072149840527102,
                "b2": 0.11561066354020652,
                "c3": 0.11408910385292109,
                "h8": 0.1114135817186456,
                "e2": 0.09805927268488691,
                "c2": 0.08322017196217907,
                "h2": 0.021741014791945724
            }
        }
    },
    "puzzle4": {
        "fen": "2r3k1/pppR1pp1/4p3/4P1P1/5P2/1P4K1/P1P5/8 w - - ",
        "move": "g5g6",
        "sorted saliencies": {
            "above threshold": {
                "g5": 1,
                "c5": 0.8282924790726361,
                "c6": 0.8282924790726361,
                "a6": 0.8278027567846105,
                "c7": 0.43766747907263615,
                "e5": 0.4371777567846105,
                "f4": 0.4354534011451931,
                "b3": 0.43442538914903167,
                "c2": 0.4330308752413872,
                "a2": 0.43249558653656794,
                "g6": 0.390625
            },
            "below threshold": {
                "d7": 0.3378971292336331,
                "e6": 0.2878925016027735,
                "g7": 0.25862152736885574,
                "f7": 0.2546359726040173,
                "c8": 0.05408991892428748
            }
        }
    },
    "puzzle5": {
        "fen": "4b3/p3kp2/6p1/3pP2p/2pP1P2/4K1P1/P3N2P/8 w - - ",
        "move": "f4f5",
        "sorted saliencies": {
            "above threshold": {
                "f4": 1,
                "h4": 0.8237225992256667,
                "h3": 0.8199288336661701,
                "g5": 0.775227807595918,
                "h2": 0.41483972934270597,
                "f5": 0.390625,
                "g6": 0.390625
            },
            "below threshold": {
                "g3": 0.36718068886509014,
                "d4": 0.3430487419871588,
                "d5": 0.3430487419871588,
                "a2": 0.3357480873823864,
                "f7": 0.3262274049639872,
                "e5": 0.3248451855846436,
                "h5": 0.26729643539427816,
                "e2": 0.25449342625975285
            }
        }
    },
    "puzzle6": {
        "fen": "2kr1bnr/pbpq4/2n1pp2/3p3p/3P1P1B/2N2N1Q/PPP3PP/2KR1B1R w - - ",
        "move": "c1b1",
        "sorted saliencies": {
            "above threshold": {
                "c1": 1,
                "c3": 0.6802129078328643,
                "b1": 0.390625
            },
            "below threshold": {
                "d4": 0.3004877078338403,
                "h2": 0.30048393658073,
                "c2": 0.30035859400405096,
                "f4": 0.29958280823545774,
                "e6": 0.2995450018005728,
                "f6": 0.2995450018005728,
                "h5": 0.298737417439891,
                "g2": 0.2986321184457497,
                "a2": 0.2986230386975854,
                "b2": 0.29777612504807727,
                "h1": 0.2944730973593303,
                "f1": 0.293760745283814,
                "d1": 0.29158270385768426,
                "f3": 0.2909718990584343,
                "h4": 0.2904949995365947,
                "a7": 0.2900721554533461,
                "c7": 0.2860347996056832,
                "h3": 0.2831923188320545,
                "d5": 0.2650673231317813,
                "c6": 0.21158992246896738,
                "f8": 0.20194237872584786,
                "g8": 0.18952099935506087,
                "b7": 0.18883364923762366,
                "h8": 0.18679918433770165,
                "d8": 0.1848054000938502,
                "d7": 0.10754909601139512
            }
        }
    },
    "puzzle7": {
        "fen": "2r1nrk1/p2q1ppp/bp1p4/n1pPp3/P1P1P3/2PBB1N1/4QPPP/R4RK1 w - - ",
        "move": "f2f4",
        "sorted saliencies": {
            "above threshold": {
                "f2": 1,
                "e3": 0.5561319679295073,
                "f6": 0.5117799508890544,
                "f5": 0.5115916494909016,
                "a3": 0.510450739782797,
                "e5": 0.390625,
                "f3": 0.390625,
                "f4": 0.390625
            },
            "below threshold": {
                "d5": 0.14779970400463938,
                "e8": 0.14174504043795227,
                "g7": 0.13826826936984618,
                "c8": 0.13534189258801624,
                "a5": 0.11982573978279695,
                "c4": 0.11982573978279695,
                "c5": 0.11982573978279695,
                "e4": 0.11982573978279695,
                "d3": 0.1146733232124249,
                "g3": 0.11321975279943809,
                "f1": 0.11117080567399942,
                "a1": 0.10716098411111054,
                "g2": 0.09916252231192346,
                "e2": 0.09868902845744508,
                "h2": 0.08899842496389804,
                "c3": 0.08065953638194949,
                "a4": 0.06961976371373084
            }
        }
    },
    "puzzle8": {
        "fen": "r2q1rk1/4bppp/p2p4/2pP4/3pP3/3Q4/PP1B1PPP/R3R1K1 w - - ",
        "move": "b2b4",
        "sorted saliencies": {
            "above threshold": {
                "b2": 1,
                "f6": 0.46422024170469467,
                "g6": 0.4639816817277692,
                "g5": 0.4639028746375178,
                "c5": 0.4411660268442635,