{
    "move1": {
        "fen": "8/5pk1/r5pp/P7/3R3P/6P1/5PK1/8 w - - 0 1",
        "move": "d4d5",
        "sorted saliencies": {
            "above threshold": {
                "d4": 1,
                "d5": 0.4779058002112963,
                "b4": 0.3911258692717647,
                "b2": 0.390625,
                "b3": 0.390625
            },
            "below threshold": {
                "a5": 0.2522628152897372,
                "a6": 0.10498681578358598,
                "g6": 0.04951207488758464,
                "h6": 0.04950514489410715,
                "f7": 0.026956262748179118,
                "g3": 0.022111183194459455,
                "h4": 0.008109201967631484,
                "f2": 0.007635964852265068
            }
        }
    }
}