{
    "move1": {
        "fen": "8/5pk1/r5pp/P7/3R3P/6P1/5PK1/8 w - - 0 1",
        "move": "d4d5",
        "sorted saliencies": {
            "above threshold": {
                "a5": 1,
                "a6": 1,
                "d4": 1,
                "f2": 1,
                "f7": 1,
                "g3": 1,
                "g6": 1,
                "h4": 1,
                "h6": 1,
                "d5": 0.4779058002112963,
                "b4": 0.3911258692717647,
                "b2": 0.390625,
                "b3": 0.390625
            },
            "below threshold": {}
        }
    }
}