{
    "move1": {
        "fen": "7k/pp4pp/2n5/8/8/P7/1P4PP/2K1B3 b - - 0 1",
        "move": "h8g8",
        "sorted saliencies": {
            "above threshold": {
                "e1": 0.018146412222217117
            },
            "below threshold": {}
        }
    },
    "move2": {
        "fen": "6k1/pp4pp/2n5/8/8/P7/1P4PP/2K1B3 w - - 1 2",
        "move": "c1c2",
        "sorted saliencies": {
            "above threshold": {
                "c6": 0.023775223156393674,
                "b7": 0.00921631016445318,
                "g7": 0.007153748306253735
            },
            "below threshold": {
                "a7": 0.004358199355088532,
                "h7": 0.003326231484637887,
                "a3": 0.00026269542820134284
            }
        }
    },
    "move3": {
        "fen": "6k1/pp4pp/2n5/8/8/P7/1PK3PP/4B3 b - - 2 2",
        "move": "c6e7",
        "sorted saliencies": {
            "above threshold": {
                "c6": 1
            },
            "below threshold": {
                "e1": 0.024043531752682114,
                "h2": 0.015268478364114093,
                "b2": 0.006208267632398037,
                "a3": 0.0026134036143667257
            }
        }
    },
    "move4": {
        "fen": "6k1/pp2n1pp/8/8/8/P7/1PK3PP/4B3 w - - 3 3",
        "move": "e1f2",
        "sorted saliencies": {
            "above threshold": {
                "e1": 1
            },
            "below threshold": {
                "a7": 0.007274571773356238,
                "a3": 0.005777705390130264,
                "h7": 0.003623734123571157,
                "g7": 0.00048623723699129024
            }
        }
    },
    "move5": {
        "fen": "6k1/pp2n1pp/8/8/8/P7/1PK2BPP/8 b - - 4 3",
        "move": "e7c8",
        "sorted saliencies": {
            "above threshold": {
                "e7": 1
            },
            "below threshold": {
                "f2": 0.12786070403183206,
                "h2": 0.08544087429734591,
                "a7": 0.08024939114503231,
                "b2": 0.07619334688378726,
                "h7": 0.02505039252114435,
                "g7": 0.015346621648154098,
                "g2": 0.011384901252730516,
                "a3": 0.00415811319078237
            }
        }
    },
    "move6": {
        "fen": "2n3k1/pp4pp/8/8/8/P7/1PK2BPP/8 w - - 5 4",
        "move": "h2h4",
        "sorted saliencies": {
            "above threshold": {
                "h2": 1
            },
            "below threshold": {
                "c8": 0.031018367467754417,
                "b7": 0.021652179347074352,
                "f2": 0.02134768603914609,
                "g7": 0.016714595359370796,
                "b2": 0.0064949927521196155,
                "a7": 0.004962543559809776
            }
        }
    },
    "move7": {
        "fen": "2n3k1/pp4pp/8/8/7P/P7/1PK2BP1/8 b - - 0 4",
        "move": "g8f7",
        "sorted saliencies": {
            "above threshold": {
                "c8": 0.03018587954955273
            },
            "below threshold": {
                "a3": 0.0025724632156805733
            }
        }
    },
    "move8": {
        "fen": "2n5/pp3kpp/8/8/7P/P7/1PK2BP1/8 w - - 1 5",
        "move": "g2g4",
        "sorted saliencies": {
            "above threshold": {
                "g2": 1
            },
            "below threshold": {
                "c8": 0.0392923783687356,
                "b7": 0.025615376884614415,
                "a7": 0.022382380383463577,
                "g7": 0.018941444114068402,
                "f2": 0.018898217320703414,
                "h4": 0.01254552585808322,
                "b2": 0.007829350590000474,
                "h7": 0.0001336417822941196
            }
        }
    },
    "move9": {
        "fen": "2n5/pp3kpp/8/8/6PP/P7/1PK2B2/8 b - - 0 5",
        "move": "g7g6",
        "sorted saliencies": {
            "above threshold": {
                "g7": 1
            },
            "below threshold": {
                "f2": 0.07241171234794049,
                "c8": 0.06761676131485983,
                "h7": 0.012152646518002495,
                "a3": 0.007897246919349019,
                "h4": 0.0006069257785285051
            }
        }
    },
    "move10": {
        "fen": "2n5/pp3k1p/6p1/8/6PP/P7/1PK2B2/8 w - - 0 6",
        "move": "f2e3",
        "sorted saliencies": {
            "above threshold": {
                "f2": 1
            },
            "below threshold": {
                "c8": 0.03161440150950445,
                "g6": 0.023390494556516265,
                "b7": 0.012672945379691625,
                "a3": 0.012119259928483448,
                "a7": 0.010963508475811574,
                "b2": 0.008622808953421483
            }
        }
    },
    "move11": {
        "fen": "2n5/pp3k1p/6p1/8/6PP/P3B3/1PK5/8 b - - 1 6",
        "move": "f7e6",
        "sorted saliencies": {
            "above threshold": {
                "g4": 0.017511280985081215,
                "e3": 0.0077059485103690645
            },
            "below threshold": {
                "c8": 0.0041426798124903665,
                "h4": 0.0018226233157972649
            }
        }
    },
    "move12": {
        "fen": "2n5/pp5p/4k1p1/8/6PP/P3B3/1PK5/8 w - - 2 7",
        "move": "b2b4",
        "sorted saliencies": {
            "above threshold": {
                "b2": 1
            },
            "below threshold": {
                "c8": 0.03165737864489295,
                "a7": 0.02689950678693163,
                "g6": 0.02139522354693499,
                "h7": 0.017745941318158185,
                "h4": 0.015241655046682885,
                "g4": 0.011042652050959108,
                "a3": 0.008110018557096435
            }
        }
    },
    "move13": {
        "fen": "2n5/pp5p/4k1p1/8/1P4PP/P3B3/2K5/8 b - - 0 7",
        "move": "e6d5",
        "sorted saliencies": {
            "above threshold": {
                "e3": 0.053901167198512775,
                "g4": 0.027624225244384175
            },
            "below threshold": {
                "h7": 0.020154388155394606,
                "h4": 0.01116450803988988
            }
        }
    },
    "move14": {
        "fen": "2n5/pp5p/6p1/3k4/1P4PP/P3B3/2K5/8 w - - 1 8",
        "move": "c2d3",
        "sorted saliencies": {
            "above threshold": {
                "g6": 0.010225049567568492
            },
            "below threshold": {
                "a7": 0.007248655678904639
            }
        }
    },
    "move15": {
        "fen": "2n5/pp5p/6p1/3k4/1P4PP/P2KB3/8/8 b - - 2 8",
        "move": "b7b6",
        "sorted saliencies": {
            "above threshold": {
                "b7": 1
            },
            "below threshold": {
                "a7": 0.10668996335829004,
                "e3": 0.10404940628058386,
                "h4": 0.0358220470665015,
                "g4": 0.02618652500065985,
                "g6": 0.01581009180677612
            }
        }
    },
    "move16": {
        "fen": "2n5/p6p/1p4p1/3k4/1P4PP/P2KB3/8/8 w - - 0 9",
        "move": "e3d4",
        "sorted saliencies": {
            "above threshold": {
                "e3": 1
            },
            "below threshold": {
                "h7": 0.01108815253474766,
                "g6": 0.005755445510554155
            }
        }
    },
    "move17": {
        "fen": "2n5/p6p/1p4p1/3k4/1P1B2PP/P2K4/8/8 b - - 1 9",
        "move": "c8d6",
        "sorted saliencies": {
            "above threshold": {
                "c8": 1
            },
            "below threshold": {
                "g4": 0.005201179751251536
            }
        }
    },
    "move18": {
        "fen": "8/p6p/1p1n2p1/3k4/1P1B2PP/P2K4/8/8 w - - 2 10",
        "move": "h4h5",
        "sorted saliencies": {
            "above threshold": {
                "h4": 1
            },
            "below threshold": {
                "g4": 0.13706707422066286,
                "a7": 0.1211567153557514,