{
    "puzzle1": {
        "fen": "1k1r4/pp1b1R2/3q2pp/4p3/2B5/4Q3/PPP2B2/2K5 b - - ",
        "move": "d6d1",
        "sorted saliencies": {
            "above threshold": {
                "c1": 1,
                "d6": 1,
                "d5": 0.5433095678791481,
                "d4": 0.5433095678791481,
                "d3": 0.5433095678791481,
                "d2": 0.5433095678791481,
                "d1": 0.5433095678791481,
                "f5": 0.39259420150261504,
                "g4": 0.39259420150261504,
                "e2": 0.390625
            },
            "below threshold": {
                "b2": 0.23794043212085192,
                "c2": 0.2379404321208519,
                "d7": 0.23436127486501016,
                "f2": 0.1422669928178608,
                "f7": 0.13715875920104964,
                "c4": 0.1365404086220673,
                "e3": 0.11770656885594478,
                "d8": 0.047781180526072026
            }
        }
    },
    "puzzle2": {
        "fen": "r1b2rk1/2q1b1pp/p2ppn2/1p6/3QP3/1BN1B3/PPP3PP/R4RK1 w - - ",
        "move": "c3d5",
        "sorted saliencies": {
            "above threshold": {
                "c3": 1,
                "b3": 0.4962382380010442,
                "e7": 0.48189647080146086,
                "d4": 0.4788832212272962,
                "c7": 0.4415509505112961,
                "d5": 0.6846075976280532,
                "c4": 0.3955244294257907,
                "b7": 0.39302564731329115,
                "f7": 0.390625
            },
            "below threshold": {
                "c8": 0.10733399333797163,
                "a8": 0.10507282365703281,
                "f1": 0.10260191944665852,
                "a1": 0.10091878992367588,
                "d6": 0.053214370284663554,
                "g7": 0.031907052206211546,
                "c2": 0.024721917690513073,
                "e4": 0.014866604181334784,
                "a2": 0.0011691293566052402
            }
        }
    },
    "puzzle3": {
        "fen": "1nk1r1r1/pp2n1pp/4p3/q2pPp1N/b1pP1P2/B1P2R2/2P1B1PP/R2Q2K1 w - - ",
        "move": "h5f6",
        "sorted saliencies": {
            "above threshold": {
                "h5": 1,
                "g8": 0.46371804249206205,
                "e8": 0.4573004218664961,
                "f6": 0.6913099441120527,
                "g4": 0.3959700796664302,
                "b2": 0.39585690328507395,
                "h6": 0.390625
            },
            "below threshold": {
                "g2": 0.10549363566913975,
                "e5": 0.1048519932258371,
                "e7": 0.09520125150528602,
                "e6": 0.09358046200284707,
                "a5": 0.09322576676907661,
                "d5": 0.08743263076303409,
                "f5": 0.0790978177484872,
                "c4": 0.07814471069320986,
                "f3": 0.07521481054127767,
                "a1": 0.07359798405944219,
                "a4": 0.05920344930371693,
                "h7": 0.05607732944332881,
                "b7": 0.044965646255696566,
                "c2": 0.04414918079242289,
                "h2": 0.010282358893622338
            }
        }
    },
    "puzzle4": {
        "fen": "3rr1k1/pp3pp1/1qn2np1/8/3p4/PP1R1P2/2P1NQPP/R1B3K1 b - - ",
        "move": "c6e5",
        "sorted saliencies": {
            "above threshold": {
                "c6": 1,
                "d3": 0.6029424546854881,
                "b3": 0.5749536992579224,
                "c1": 0.4930961146231156,
                "a3": 0.42918399651982075,
                "e5": 0.390625,
                "h3": 0.7019606589303646,
                "d6": 0.6747040201573316,
                "d2": 0.671538314686054
            },
            "below threshold": {
                "c2": 0.30218750153039725,
                "a1": 0.26549179318784044,
                "f2": 0.20993884772559424,
                "f3": 0.2084845179198544,
                "b7": 0.12574007527151448,
                "d4": 0.12356337294180421,
                "h2": 0.01200371484404871
            }
        }
    },
    "puzzle5": {
        "fen": "r3r1k1/ppqb1ppp/8/4p1NQ/8/2P5/PP3PPP/R3R1K1 b - - ",
        "move": "d7f5",
        "sorted saliencies": {
            "above threshold": {
                "d7": 1,
                "h5": 0.8859459721041816,
                "g5": 0.4427830615941526,
                "f7": 0.43345364251444973,
                "e6": 0.390625,
                "f5": 0.390625,
                "g3": 0.6465595292467277,
                "g6": 0.5783042089286876,
                "e2": 0.5553895754034055
            },
            "below threshold": {
                "g7": 0.3366200916227052,
                "c3": 0.30638834029007994,
                "a2": 0.26698837350470467,
                "e1": 0.20682935966038626,
                "b2": 0.20206396798826926,
                "h2": 0.1411986361743323,
                "a1": 0.1349813856065901,
                "f2": 0.09814141420688037,
                "a7": 0.040620092228205375,
                "h7": 0.039763122900840234,
                "b7": 0.03970066139290493,
                "e5": 0.038152103963354146,
                "e8": 0.0350442126721781,
                "a8": 0.032967477522305784,
                "c7": 0.026545084532721218,
                "g2": 0.016286061702686174
            }
        }
    },
    "puzzle6": {
        "fen": "rnb2r1k/pp2p2p/2pp2p1/q2P1p2/8/1Pb2NP1/PB2PPBP/R2Q1RK1 w - - ",
        "move": "d1e1",
        "sorted saliencies": {
            "above threshold": {
                "d1": 1,
                "g3": 0.9090559101292919,
                "g2": 0.9007173985220441,
                "f3": 0.7478878355649099,
                "a1": 0.7298049597243826,
                "f2": 0.6972706810793201,
                "f1": 0.5825285943649484,
                "d6": 0.5766459268279344,
                "a7": 0.5247097227178132,
                "e1": 0.390625,
                "d2": 0.9596929700936905,
                "c2": 0.9503839675237504,
                "d3": 0.938938982515124
            },
            "below threshold": {
                "a2": 0.38590515832529043,
                "h7": 0.2927589521249091,
                "b3": 0.24003223143650285,
                "h2": 0.1996684842578635,
                "f5": 0.18962780431745357,
                "a5": 0.10071676409370642,
                "d5": 0.09934746690175555,
                "b2": 0.054524977210905136,
                "c6": 0.03079073855630545
            }
        }
    },
    "puzzle7": {
        "fen": "2r3k1/1p2q1pp/2b1pr2/p1pp4/6Q1/1P1PP1R1/P1PN2PP/5RK1 w - - ",
        "move": "g4g7",
        "sorted saliencies": {
            "above threshold": {
                "g4": 1,
                "e7": 0.42098828876769306,
                "g8": 0.390625,
                "g7": 0.5597363263078381,
                "g5": 0.5597363263078381,
                "g6": 0.5597363263078381,
                "f3": 0.3922248653332987,
                "f4": 0.39089747863556445,
                "f5": 0.390625
            },
            "below threshold": {
                "f1": 0.19896195493268362,
                "h2": 0.1928993487315636,
                "c6": 0.19197371204431948,
                "h7": 0.16875988285594962,
                "f6": 0.16253494223379994,
                "c8": 0.13244771289444424,
                "g3": 0.11709782954249509,
                "c2": 0.0988649939599542,
                "e6": 0.0718346259029055,
                "d2": 0.0347621600321831,
                "e3": 0.008105149615136812
            }
        }
    },
    "puzzle8": {
        "fen": "r1bqkb1r/4npp1/p1p4p/1p1pP1B1/8/1B6/PPPN1PPP/R2Q1RK1 w kq - ",
        "move": "d2e4",
        "sorted saliencies": {
            "above threshold": {
                "d2": 1,
                "e5": 0.5684532569611259,
                "f7": 0.5474407347692892,
                "f8": 0.4652623838763788,
                "f2": 0.4615696551495832,