{
    "puzzle1": {
        "fen": "1k1r4/pp1b1R2/3q2pp/4p3/2B5/4Q3/PPP2B2/2K5 b - - ",
        "move": "d6d1",
        "sorted saliencies": {
            "above threshold": {
                "c1": 1,
                "d1": 1,
                "d6": 1,
                "d7": 0.7893179768510772,
                "g5": 0.44599131577191864,
                "g2": 0.4459911217281493,
                "g3": 0.4459911217281493,
                "d2": 0.390625,
                "d3": 0.390625,
                "d4": 0.390625,
                "d5": 0.390625
            },
            "below threshold": {
                "c4": 0.0544143135682553,
                "f7": 0.050239770150730466,
                "c2": 0.045387753079082604,
                "d8": 0.044502273973190454,
                "e3": 0.04362410348851747,
                "b2": 0.041304040451946085,
                "f2": 0.03272946622555363,
                "e5": 2.2204460492503116e-16,
                "b7": 2.220446049250311e-16
            }
        }
    },
    "puzzle2": {
        "fen": "r1b2rk1/2q1b1pp/p2ppn2/1p6/3QP3/1BN1B3/PPP3PP/R4RK1 w - - ",
        "move": "c3d5",
        "sorted saliencies": {
            "above threshold": {
                "c3": 1,
                "d4": 0.4583464847588579,
                "b3": 0.4551719216099986,
                "d2": 0.4545807696254887,
                "d3": 0.4544114430799506,
                "b4": 0.4434421498438915,
                "e7": 0.4401828630465259,
                "c7": 0.390625,
                "d5": 0.390625
            },
            "below threshold": {
                "c8": 0.06441700811510122,
                "a8": 0.06337997461339258,
                "f1": 0.06318818854345555,
                "a1": 0.06065047331761084,
                "e4": 0.037658573856481276,
                "d6": 0.030704184720697997,
                "g2": 0.02217017449704353,
                "c2": 0.008354677294974317,
                "a6": 0.0040151762703553385,
                "g7": 0.0007672826812557247,
                "h2": 0.00030374207034790086
            }
        }
    },
    "puzzle3": {
        "fen": "1nk1r1r1/pp2n1pp/4p3/q2pPp1N/b1pP1P2/B1P2R2/2P1B1PP/R2Q2K1 w - - ",
        "move": "h5f6",
        "sorted saliencies": {
            "above threshold": {
                "h5": 1,
                "g4": 0.497500182275924,
                "g5": 0.49747122960294865,
                "g6": 0.49747122960294865,
                "g8": 0.46258999756513497,
                "e8": 0.45629673946780863,
                "f6": 0.390625
            },
            "below threshold": {
                "g2": 0.10691751768966766,
                "e5": 0.10627398024193732,
                "e6": 0.10060028319634336,
                "e7": 0.09541116864694286,
                "a5": 0.09141036765704195,
                "d5": 0.08749390686746725,
                "h7": 0.07962653125959647,
                "a1": 0.07410953777467505,
                "f5": 0.07246460683206589,
                "c4": 0.07202048837442852,
                "a4": 0.056467996442324725,
                "c2": 0.044268617863420026,
                "h2": 0.008360917839533282,
                "f3": 0.0021594272755319573,
                "a3": 0.0007616744911499745
            }
        }
    },
    "puzzle4": {
        "fen": "3rr1k1/pp3pp1/1qn2np1/8/3p4/PP1R1P2/2P1NQPP/R1B3K1 b - - ",
        "move": "c6e5",
        "sorted saliencies": {
            "above threshold": {
                "c6": 1,
                "b4": 0.6078014511971181,
                "b5": 0.6007308569099418,
                "a4": 0.5441528051528595,
                "d3": 0.4761829145119755,
                "e5": 0.390625
            },
            "below threshold": {
                "a7": 0.20884117942019478,
                "a3": 0.14721488939375424,
                "b7": 0.12935461977850968,
                "c2": 0.11426995034735687,
                "b3": 0.10395851713866838,
                "c1": 0.10177450320911186,
                "a1": 0.08850481645308175,
                "d4": 0.07933766986926036,
                "f2": 0.07404566472324366
            }
        }
    },
    "puzzle5": {
        "fen": "r3r1k1/ppqb1ppp/8/4p1NQ/8/2P5/PP3PPP/R3R1K1 b - - ",
        "move": "d7f5",
        "sorted saliencies": {
            "above threshold": {
                "h6": 1.1074585701322666,
                "d7": 1,
                "h5": 0.8552397882231277,
                "g6": 0.8494239495353859,
                "f7": 0.7355335200504225,
                "c4": 0.6690579059476683,
                "g5": 0.45612813848702055,
                "e6": 0.390625,
                "f5": 0.390625
            },
            "below threshold": {
                "c3": 0.3326729235038876,
                "e8": 0.30961646707156815,
                "a2": 0.26693030867421413,
                "a8": 0.2303122656060787,
                "c7": 0.20421954217331423,
                "b2": 0.17612097423355186,
                "h2": 0.1547240938631794,
                "a1": 0.1331304966336306,
                "f2": 0.09008310716364884,
                "e1": 0.00011280803904143765
            }
        }
    },
    "puzzle6": {
        "fen": "rnb2r1k/pp2p2p/2pp2p1/q2P1p2/8/1Pb2NP1/PB2PPBP/R2Q1RK1 w - - ",
        "move": "d1e1",
        "sorted saliencies": {
            "above threshold": {
                "g4": 1.3394177009566157,
                "g5": 1.3392856897038303,
                "f4": 1.110641684961323,
                "d1": 1,
                "g2": 0.9278735565712327,
                "f3": 0.765800702334075,
                "a1": 0.7588484481204786,
                "a2": 0.7492338414502346,
                "f2": 0.6985443959458425,
                "g3": 0.6970545651039504,
                "f1": 0.5625931382348955,
                "a7": 0.5325663893561481,
                "b3": 0.4931080441990559,
                "e1": 0.4326010039579166
            },
            "below threshold": {
                "h2": 0.297514951734725,
                "e2": 0.23764925206359488,
                "b8": 0.12490994191751043,
                "a5": 0.09756377899823097,
                "b2": 0.051524377901334226,
                "d6": 0.04602096915105068,
                "d5": 0.04526313063048243
            }
        }
    },
    "puzzle7": {
        "fen": "2r3k1/1p2q1pp/2b1pr2/p1pp4/6Q1/1P1PP1R1/P1PN2PP/5RK1 w - - ",
        "move": "g4g7",
        "sorted saliencies": {
            "above threshold": {
                "g4": 1,
                "e7": 0.7391432216837324,
                "h5": 0.7342085754026456,
                "h6": 0.7342085754026456,
                "h4": 0.7334284503631612,
                "g5": 0.523210039436178,
                "g6": 0.523210039436178,
                "g8": 0.523210039436178
            },
            "below threshold": {
                "f1": 0.2026744748731229,
                "c6": 0.1973586956004402,
                "h2": 0.19381402087782426,
                "f6": 0.1711655957294208,
                "c8": 0.13931340839726208,
                "d2": 0.134099185070874,
                "g3": 0.10912307609977033,
                "c2": 0.09257183268414085,
                "e6": 0.06948181920581836,
                "e3": 0.012619525649837055
            }
        }
    },
    "puzzle8": {
        "fen": "r1bqkb1r/4npp1/p1p4p/1p1pP1B1/8/1B6/PPPN1PPP/R2Q1RK1 w kq - ",
        "move": "d2e4",
        "sorted saliencies": {
            "above threshold": {
                "d2": 1,
                "e6": 0.9760566665864643,
                "f3": 0.844073079235472,
                "f5": 0.8440598762907309,
                "e5": 0.5804184261493037,
                "f7": 0.5626730001304738,
                "b3": 0.5412862031293044,
                "f2": 0.46558004478013876,
                "d5": 0.4376590983517883,
                "c8": 0.4287956222505024,
                "e4": 0.390625,
                "g5": 0.390625
            },