{
    "Air": {
        "fen": "3r2k1/pRp2pp1/7p/8/8/8/PPP2PPP/6K1 w - - 0 1",
        "best move": "g1f1",
        "sorted saliencies": {
            "above threshold": {
                "g1": 1,
                "f1": 0.390625,
                "e3": 0.7,
                "e4": 0.7,
                "e5": 0.7
            },
            "below threshold": {
                "d8": 0.23797282994329058,
                "g2": 0.2236580739801414,
                "h2": 0.2166282403542114,
                "f2": 0.18915734259832706,
                "c2": 0.13555909632046573,
                "b7": 0.11703793026768337,
                "b2": 0.10267301625978295,
                "a7": 0.05519837300654484,
                "a2": 0.05086593965795552,
                "h6": 0.0419270245153143,
                "f7": 0.028467949516282606
            }
        }
    },
    "BlockExchange": {
        "fen": "3r1rk1/1pb1pppp/p1n2q2/8/3P2b1/1NP1PN2/PPQ2PPP/R3R1K1 w - - 1 1",
        "best move": "f3d2",
        "sorted saliencies": {
            "above threshold": {
                "f3": 1,
                "d2": 0.390625,
                "b5": 0.7,
                "b6": 0.7,
                "b4": 0.7
            },
            "below threshold": {
                "f7": 0.12513229977806692,
                "f6": 0.09174754946300684,
                "g4": 0.08821538381473451,
                "d8": 0.0399175901376293,
                "f2": 0.03964709958840964,
                "g7": 0.021735935175664266,
                "c6": 0.020829082258084157,
                "f8": 0.01883701183026645,
                "a6": 0.004402349434049577,
                "b2": 0.0026356422327489864
            }
        }
    },
    "ChangePawnStructure": {
        "fen": "r1bq1rk1/pp1nppbp/2p2np1/3p4/2PP1B2/2NBPN2/PP3PPP/R2QK2R w KQ - 3 8",
        "best move": "c4d5",
        "sorted saliencies": {
            "above threshold": {
                "c4": 1,
                "d5": 1,
                "c3": 0.40986841928801293,
                "c6": 0.390625,
                "f5": 0.7,
                "d6": 0.7,
                "h5": 0.7
            },
            "below threshold": {
                "f4": 0.015394542904503953,
                "d4": 0.015032917137305162,
                "f3": 0.014888396264982381,
                "c8": 0.012280308338047972,
                "b7": 0.012219036385007072,
                "d8": 0.011826617152621814,
                "f7": 0.010321825383305758,
                "d7": 0.009925628593649557,
                "h1": 0.008263855604908419,
                "g7": 0.0020205962716379317,
                "e7": 0.0007480190103091785,
                "a1": 0.0005480371421819972,
                "g2": 0.0002509050215204448
            }
        }
    },
    "CreateWeakSquares": {
        "fen": "r1br1nk1/ppq1b1pp/2pp1p2/4p3/P2PP2N/1P2N3/1BP1RPPP/R1Q3K1 b - - 0 15",
        "best move": "f8e6",
        "sorted saliencies": {
            "above threshold": {
                "f8": 1,
                "e6": 0.390625,
                "e7": 0.390625,
                "d2": 0.7,
                "d3": 0.7
            },
            "below threshold": {
                "e5": 0.009619338086748792,
                "e2": 0.004224445270497312,
                "f6": 0.0021568995233775846
            }
        }
    },
    "ImproveActivity": {
        "fen": "1r5k/ppp2pp1/2np3p/4p2P/4P3/3P4/PPP1BPP1/3R2K1 w - - 1 1",
        "best move": "c2c3",
        "sorted saliencies": {
            "above threshold": {
                "c2": 1,
                "c3": 0.390625,
                "d2": 0.7,
                "e3": 0.7,
                "b6": 0.7
            },
            "below threshold": {
                "c6": 0.031112348933679822,
                "b7": 0.021112099862405125,
                "e5": 0.01242777606586383,
                "d3": 0.011623538355356776,
                "h6": 0.00624430878167675,
                "b8": 0.005886278349590917,
                "e4": 0.0036679531068655354,
                "a7": 0.0020364965483620095,
                "h5": 0.0011843869448286172,
                "f7": 0.001038146015303469,
                "a2": 0.0006820326007744386,
                "c7": 0.0005696659881271067
            }
        }
    },
    "LongTermPlusses": {
        "fen": "r2qr1k1/1b1nbpp1/p4n1p/1p1p1B2/2pP3B/1PN1PN2/P1Q2PPP/2R2RK1 b - - 1 18",
        "best move": "b5b4",
        "sorted saliencies": {
            "above threshold": {
                "b5": 1,
                "b4": 0.390625,
                "e2": 0.7,
                "b2": 0.7,
                "c6": 0.7
            },
            "below threshold": {
                "c3": 0.05215712101980818,
                "c2": 0.02515384321460053,
                "c4": 0.024762054409794808,
                "f5": 0.016265137631057185,
                "f7": 0.012457491141890561,
                "b3": 0.008046781624376591,
                "h4": 0.005051054875804601,
                "h6": 0.004717146281588179,
                "d4": 0.004375129593169458,
                "f3": 0.0030813270837104683,
                "a2": 0.001663632109168476,
                "f2": 0.0010966907201357488
            }
        }
    },
    "MaterialAdvantage": {
        "fen": "3q2k1/1Bnr1pb1/r3p1p1/pp5p/2PP4/1PBR3P/2Q2PP1/3R2K1 b - - 0 25",
        "best move": "a6b6",
        "sorted saliencies": {
            "above threshold": {
                "a6": 1,
                "b7": 0.533829160640183,
                "b6": 0.390625,
                "c7": 0.390625,
                "h2": 0.7,
                "d6": 0.7,
                "d5": 0.7
            },
            "below threshold": {
                "d4": 0.1378741697278156,
                "c2": 0.09309013087174232,
                "d1": 0.07664370885451238,
                "d3": 0.06527713767019755,
                "f2": 0.06368015277136825,
                "g2": 0.06093741622673788,
                "c3": 0.05121624359061777,
                "h3": 0.010684738711833355,
                "f7": 0.00066800992970801
            }
        }
    },
    "OfferExchange": {
        "fen": "r1n1nrk1/ppqbbppp/2p1p3/2PpP1B1/1P1P4/P1N2N2/1Q2BPPP/R4RK1 b - - 1 1",
        "best move": "e7g5",
        "sorted saliencies": {
            "above threshold": {
                "e7": 1,
                "g5": 0.529978108287412,
                "c8": 0.390625,
                "f6": 0.390625,
                "g6": 0.7,
                "d2": 0.7,
                "d3": 0.7
            },
            "below threshold": {
                "c5": 0.026450913600467665,
                "f8": 0.01980624375464943,
                "e2": 0.018415634702406973,
                "d5": 0.003181561466855573,
                "a3": 0.002226802447964833
            }
        }
    },
    "Overprotection": {
        "fen": "r1b1nrk1/1p1pbppp/pqn1p3/4P3/8/1P4BB/P1P1QPPP/RN2K1NR w - - 0 1",
        "best move": "g1f3",
        "sorted saliencies": {
            "above threshold": {
                "g1": 1,
                "f3": 0.390625,
                "h1": 0.390625,
                "b5": 0.7,
                "b4": 0.7,
                "g5": 0.7
            },
            "below threshold": {
                "b3": 0.10891170079991835,
                "b6": 0.046882069813083356,
                "a1": 0.03294109259230977,
                "g7": 0.031441188853183824,
                "c6": 0.024736188665785124,
                "e6": 0.023607009439764255,
                "e5": 0.018440651195680842,
                "h7": 0.01645200121884276,
                "h2": 0.014047639964111968,
                "e8": 0.012818847141035235,
                "g3": 0.010096718592094045,
                "f8": 0.0030622427061257067,
                "a8": 0.003015540529092491,
                "b7": 0.0021851727970694785,
                "a6": 0.0005941481497811327
            }
        }
    },