{
    "Air": {
        "fen": "3r2k1/pRp2pp1/7p/8/8/8/PPP2PPP/6K1 w - - 0 1",
        "best move": "g1f1",
        "sorted saliencies": {
            "above threshold": {
                "c7": 0.6177757482348398,
                "g7": 0.5732115067526996,
                "h6": 0.5730043121387179,
                "a7": 0.5421271645941773,
                "f7": 0.5385295272035779,
                "c2": 0.47829089064814434,
                "a2": 0.47532487664938344,
                "b2": 0.4750429766029465
            },
            "below threshold": {
                "f2": 0.2705823305210746,
                "h2": 0.235913204010858,
                "g2": 0.23183127085951075,
                "d8": 0.1489691407260469
            }
        }
    },
    "BlockExchange": {
        "fen": "3r1rk1/1pb1pppp/p1n2q2/8/3P2b1/1NP1PN2/PPQ2PPP/R3R1K1 w - - 1 1",
        "best move": "b3d2",
        "sorted saliencies": {
            "above threshold": {
                "b3": 1,
                "g4": 0.4260509838870926,
                "f2": 0.40232463314120476,
                "a2": 0.39934101605326494,
                "b2": 0.3900423745956958,
                "h2": 0.38488150755831024,
                "g7": 0.35049770989749196,
                "c3": 0.34512154443320325,
                "e3": 0.3133297811582238,
                "a1": 0.3085095438634558,
                "e1": 0.3015358516538317,
                "c7": 0.28699558597519226,
                "d8": 0.2754137676125792,
                "d4": 0.25798644501484064
            },
            "below threshold": {
                "f6": 0.23961195747924247,
                "c6": 0.20961693641508908,
                "f3": 0.20894361704605174,
                "b7": 0.17290714512286803,
                "e7": 0.17211578210448747,
                "c2": 0.16134638776442145,
                "h7": 0.15458728267492958,
                "g2": 0.12842814408925476,
                "f8": 0.11384407806789448,
                "f7": 0.05314790321848471
            }
        }
    },
    "ChangePawnStructure": {
        "fen": "r1bq1rk1/pp1nppbp/2p2np1/3p4/2PP1B2/2NBPN2/PP3PPP/R2QK2R w KQ - 3 8",
        "best move": "c4d5",
        "sorted saliencies": {
            "above threshold": {
                "c4": 1,
                "d5": 1
            },
            "below threshold": {
                "d4": 0.003643591253758387
            }
        }
    },
    "CreateWeakSquares": {
        "fen": "r1br1nk1/ppq1b1pp/2pp1p2/4p3/P2PP2N/1P2N3/1BP1RPPP/R1Q3K1 b - - 0 15",
        "best move": "f8e6",
        "sorted saliencies": {
            "above threshold": {
                "f8": 1
            },
            "below threshold": {
                "c7": 0.081767576334037,
                "e2": 0.0641692800884796,
                "a1": 0.05516338389311107,
                "e3": 0.046377818250071416,
                "c1": 0.042458991222032394,
                "b2": 0.020194908789849517
            }
        }
    },
    "ImproveActivity": {
        "fen": "1r5k/ppp2pp1/2np3p/4p2P/4P3/3P4/PPP1BPP1/3R2K1 w - - 1 1",
        "best move": "c2c3",
        "sorted saliencies": {
            "above threshold": {
                "c2": 1
            },
            "below threshold": {}
        }
    },
    "LongTermPlusses": {
        "fen": "r2qr1k1/1b1nbpp1/p4n1p/1p1p1B2/2pP3B/1PN1PN2/P1Q2PPP/2R2RK1 b - - 1 18",
        "best move": "b5b4",
        "sorted saliencies": {
            "above threshold": {
                "b5": 1
            },
            "below threshold": {
                "c3": 0.09147127393300601,
                "d7": 0.074557122536108,
                "c2": 0.07278433742339951,
                "e7": 0.05112137288876816,
                "f6": 0.045348204778312334,
                "c4": 0.044737450481269675,
                "d8": 0.04306156447769083,
                "a8": 0.024661216200517307,
                "f7": 0.015654605087301814
            }
        }
    },
    "MaterialAdvantage": {
        "fen": "3q2k1/1Bnr1pb1/r3p1p1/pp5p/2PP4/1PBR3P/2Q2PP1/3R2K1 b - - 0 25",
        "best move": "a6b6",
        "sorted saliencies": {
            "above threshold": {
                "a6": 1
            },
            "below threshold": {
                "b3": 0.27099470215329,
                "b7": 0.2688671860876891,
                "b5": 0.25360657844475926,
                "d1": 0.25299369944121936,
                "g2": 0.2450943029300993,
                "f2": 0.24263962791064395,
                "d3": 0.23025321500845503,
                "c3": 0.1843638643149106,
                "c2": 0.18398558670488904,
                "f7": 0.17205227066324685,
                "h3": 0.15131962318314884,
                "d8": 0.12035400500553814,
                "a5": 0.11208837010712476,
                "c7": 0.08283026658555927,
                "d4": 0.04488884774188246
            }
        }
    },
    "OfferExchange": {
        "fen": "r1n1nrk1/ppqbbppp/2p1p3/2PpP1B1/1P1P4/P1N2N2/1Q2BPPP/R4RK1 b - - 1 1",
        "best move": "e7g5",
        "sorted saliencies": {
            "above threshold": {
                "e7": 1
            },
            "below threshold": {
                "g5": 0.3073282607420724,
                "c5": 0.1801828756207715,
                "e5": 0.1247390541666357,
                "b4": 0.09645066813951299,
                "a3": 0.08147214371300446,
                "g2": 0.07680328992260563,
                "h2": 0.05942801529421062,
                "f2": 0.03616103039967371
            }
        }
    },
    "Overprotection": {
        "fen": "r1b1nrk1/1p1pbppp/pqn1p3/4P3/8/1P4BB/P1P1QPPP/RN2K1NR w - - 0 1",
        "best move": "g1f3",
        "sorted saliencies": {
            "above threshold": {
                "g1": 1
            },
            "below threshold": {
                "e2": 0.2149519158279158,
                "b3": 0.18628470082295143,
                "e8": 0.1831197721531406,
                "e7": 0.16180749214071274,
                "a1": 0.15919698921382552,
                "c8": 0.15894092910390817,
                "h3": 0.14984583186987294,
                "g7": 0.14624653726919323,
                "e5": 0.1420030172033158,
                "f8": 0.13325428174373138,
                "b1": 0.1278730346210539,
                "f7": 0.12458499196626427,
                "g3": 0.12140975645071976,
                "e6": 0.11967529838980681,
                "h1": 0.10543269411897063,
                "b7": 0.09969529568508699,
                "h7": 0.08467715255583186,
                "c6": 0.07236183425701403,
                "a8": 0.06112378570962813,
                "d7": 0.05666011624334165
            }
        }
    },
    "PawnBreakthrough": {
        "fen": "2r2rk1/ppqnbppp/2p1p3/3pP3/3P4/2P2N2/PPB1QPPP/1R3RK1 b - - 0 1",
        "best move": "c6c5",
        "sorted saliencies": {
            "above threshold": {
                "c6": 1
            },
            "below threshold": {
                "c7": 0.06344894448553044,
                "d4": 0.016907042996522775
            }
        }
    },
    "PawnMajority": {
        "fen": "7k/p7/1p6/1P6/P1P5/8/4K3/8 w - - 0 1",
        "best move": "c4c5",
        "sorted saliencies": {
            "above threshold": {
                "c4": 1,
                "a4": 0.9679925035722342,
                "b6": 0.8073844746462624,
                "b5": 0.465299710966201
            },
            "below threshold": {
                "a7": 0.19990983247312769
            }
        }
    },
    "PawnRobbery": {
        "fen": "r4rk1/pp1b1pbp/2npp1p1/2p3NP/3P4/2PQP3/PqBBKPP1/R6R w - - 0 1",
        "best move": "h5g6",
        "sorted saliencies": {
            "above threshold": {
                "g6": 1,
                "h5": 1
            },
            "below threshold": {
                "g7": 0.05703253145363353,
                "a8": 0.041163525447727584,
                "f8": 0.03070596833084058,