{
    "move1": {
        "fen": "6k1/2p3np/1p1p2p1/3P4/1PPK1R2/6PB/7P/4r3 w - - 0 1",
        "move": "f4f6",
        "sorted saliencies": {
            "above threshold": {
                "f4": 1,
                "h4": 0.5156381752839191,
                "h5": 0.5135885134005432,
                "h6": 0.5124189023632837,
                "f5": 0.390625,
                "f6": 0.390625
            },
            "below threshold": {
                "g7": 0.10415246171705336,
                "h3": 0.07123539876389826,
                "e1": 0.05075328806088577,
                "g6": 0.04234404550300534,
                "b4": 0.03989120420144933,
                "d5": 0.013822729725961422
            }
        }
    }
}