{
    "move1": {
        "fen": "8/p3ppk1/1p4pp/3nN3/6PP/1P3P2/P3PK2/8 w - - 0 1",
        "move": "g4g5",
        "sorted saliencies": {
            "above threshold": {
                "g4": 1,
                "h6": 0.4354625906398317,
                "g5": 0.7,
                "e6": 0.7,
                "h3": 0.7,
                "h2": 0.7
            },
            "below threshold": {
                "g6": 0.10758849716173756,
                "h4": 0.09419413216864915,
                "b6": 0.07079937423569013,
                "a7": 0.06321818747664101,
                "f3": 0.05658543020316117,
                "e7": 0.05562116421047388,
                "d5": 0.039202040299618476,
                "e2": 0.03749823293724293,
                "b3": 0.007800541580426151,
                "a2": 0.0011006595941917385
            }
        }
    }
}