{
    "move1": {
        "fen": "8/6b1/4k2p/p1p1p1p1/2P1K1P1/PP3N1P/8/8 w - - 0 1",
        "move": "f3e1",
        "sorted saliencies": {
            "above threshold": {
                "f3": 1,
                "b4": 0.705456747308103,
                "b5": 0.6985570868900447,
                "b6": 0.6983411052938916,
                "e1": 0.390625
            },
            "below threshold": {
                "b3": 0.32280255908492644,
                "c4": 0.3005501124087266,
                "h3": 0.24636457943742665,
                "a3": 0.213983247063956,
                "c5": 0.140330817468621,
                "g5": 0.12722612220171092,
                "a5": 0.11304810686576816,
                "h6": 0.10648125036916538,
                "g7": 0.07723506818778733,
                "g4": 0.061701077933009454
            }
        }
    }
}