{
    "move1": {
        "fen": "8/6b1/4k2p/p1p1p1p1/2P1K1P1/PP3N1P/8/8 w - - 0 1",
        "move": "f3e1",
        "sorted saliencies": {
            "above threshold": {
                "a3": 1,
                "a5": 1,
                "b3": 1,
                "c4": 1,
                "c5": 1,
                "e5": 1,
                "f3": 1,
                "g4": 1,
                "g5": 1,
                "g7": 1,
                "h3": 1,
                "h6": 1,
                "e1": 0.4735338947061084,
                "b4": 0.3977406420142114,
                "b5": 0.3908409815961531,
                "b6": 0.390625
            },
            "below threshold": {}
        }
    }
}