{
    "move1": {
        "fen": "7k/pp4pp/2n5/8/8/P7/1P4PP/2K1B3 b - - 0 1",
        "move": "h8g8",
        "sorted saliencies": {
            "above threshold": {
                "h8": 1,
                "g8": 0.390625
            },
            "below threshold": {
                "h7": 0.09260730175016484,
                "h2": 0.020493077425885072,
                "g2": 0.01671302964983795,
                "b2": 0.012614177221701366
            }
        }
    }
}