{
    "move1": {
        "fen": "8/p1p1k3/1p1p2p1/3Pq2p/2P1P3/1P3QPK/P7/8 w - - 0 1",
        "move": "f3e3",
        "sorted saliencies": {
            "above threshold": {
                "f3": 1,
                "e3": 0.7386522373570432,
                "g5": 0.4260752412548724,
                "h7": 0.3906289312140003,
                "h6": 0.390625
            },
            "below threshold": {
                "e4": 0.13561896730883272,
                "h5": 0.04258950973643295,
                "g6": 0.03369830089183448,
                "d6": 0.02322928395591873,
                "e5": 0.019071410778603463,
                "c7": 0.012505655724628775,
                "a7": 0.006780330020653323,
                "b6": 0.0031908366357450133
            }
        }
    }
}