{
    "move1": {
        "fen": "3r4/7p/Rp4k1/5p2/4p3/2P5/PP3P1P/5K2 b - - 0 1",
        "move": "d8d2",
        "sorted saliencies": {
            "above threshold": {
                "b6": 1,
                "d8": 1,
                "e4": 0.5386566101688396,
                "h2": 0.49554474978916907,
                "f5": 0.4651327813288483,
                "a6": 0.41838678761203424
            },
            "below threshold": {
                "a2": 0.3719042070221004,
                "f2": 0.3325464774004237,
                "b2": 0.2919963732821655,
                "c3": 0.2768894337167515,
                "h7": 0.19368896811862554
            }
        }
    }
}