{
    "move1": {
        "fen": "8/4k3/p1B4p/2K5/1P4bP/8/8/8 b - - 0 1",
        "move": "g4e2",
        "sorted saliencies": {
            "above threshold": {
                "a6": 1,
                "b4": 1,
                "c6": 1,
                "g4": 1,
                "h4": 1,
                "h6": 1,
                "e2": 0.6628201636207907,
                "f3": 0.6628201636207907,
                "b2": 0.39068750014732256,
                "a7": 0.3906460515862624,
                "b3": 0.390625
            },
            "below threshold": {}
        }
    }
}