{
    "move1": {
        "fen": "8/4k3/p1B4p/2K5/1P4bP/8/8/8 b - - 0 1",
        "move": "g4e2",
        "sorted saliencies": {
            "above threshold": {
                "g4": 1,
                "b2": 0.5091173365265319,
                "a7": 0.5090758879654718,
                "b3": 0.5090548363792093,
                "e2": 0.390625,
                "f3": 0.390625
            },
            "below threshold": {
                "h4": 0.09221730263539943,
                "h6": 0.05827235117659168,
                "c6": 0.039060027902483765,
                "b4": 0.029294422351377355
            }
        }
    }
}