{
    "move1": {
        "fen": "2r3k1/4pp1p/3p2p1/p2R4/1r6/1P4P1/P3PP1P/R5K1 b - - 0 1",
        "move": "a5a4",
        "sorted saliencies": {
            "above threshold": {
                "a5": 1,
                "b4": 0.5053483743002958,
                "a4": 0.6313041391905463,
                "a3": 0.4400783419972284,
                "d4": 0.39451713169082936,
                "d2": 0.390625
            },
            "below threshold": {
                "a2": 0.19926388745861073,
                "d5": 0.13628783008275833,
                "e7": 0.10577986006913317,
                "b3": 0.055799230378949356,
                "d6": 0.043054781320620676,
                "e2": 0.00819174169790103,
                "g3": 0.004400437401423083
            }
        }
    }
}