{
    "puzzle1": {
        "fen": "1k1r4/pp1b1R2/3q2pp/4p3/2B5/4Q3/PPP2B2/2K5 b - - ",
        "move": "d6d1",
        "sorted saliencies": {
            "above threshold": {
                "d6": 1,
                "c2": 0.7602974339446407,
                "f2": 0.6924696178849092,
                "d8": 0.5725710119908329,
                "b2": 0.41018682538318885
            },
            "below threshold": {
                "e3": 4.219091741997036e-11,
                "f7": 7.993605777301078e-15
            }
        }
    },
    "puzzle2": {
        "fen": "r1b2rk1/2q1b1pp/p2ppn2/1p6/3QP3/1BN1B3/PPP3PP/R4RK1 w - - ",
        "move": "c3e2",
        "sorted saliencies": {
            "above threshold": {
                "c3": 1
            },
            "below threshold": {
                "g7": 0.09028873909059548,
                "d6": 0.08070788345075637,
                "e7": 0.0765022153681135,
                "b3": 0.06889399227849076,
                "a6": 0.06778605407973193,
                "b5": 0.061889239701014974,
                "e3": 0.0616160925238487,
                "c8": 0.057998211892799495,
                "f6": 0.05643319680499332,
                "e4": 0.055967183345122754,
                "a2": 0.05428852904341501,
                "g2": 0.053635055139717856,
                "c7": 0.05189203177229577,
                "f8": 0.051254638299596464,
                "d4": 0.04084450203494645,
                "a8": 0.03785712485514545,
                "h2": 0.028628332368483733,
                "f1": 0.01893736787076218,
                "b2": 0.008405893645036067,
                "c2": 0.004352750272218713,
                "a1": 0.004010066112018724
            }
        }
    },
    "puzzle3": {
        "fen": "1nk1r1r1/pp2n1pp/4p3/q2pPp1N/b1pP1P2/B1P2R2/2P1B1PP/R2Q2K1 w - - ",
        "move": "a3d6",
        "sorted saliencies": {
            "above threshold": {
                "a3": 1
            },
            "below threshold": {
                "c2": 0.09951321696221618,
                "f5": 0.09949292985572526,
                "e8": 0.09279974990503954,
                "c4": 0.06676227239333794,
                "d1": 0.06340616461192783,
                "h5": 0.06113202220045104,
                "e2": 0.061054805394438076,
                "b8": 0.055604332887125706,
                "a7": 0.050396714478368417,
                "e7": 0.046133778610646624,
                "a4": 0.04344716169559866,
                "e5": 0.03473272360944563,
                "c3": 0.032877936166868696,
                "g8": 0.02333384307912117,
                "h2": 0.020750331960871896,
                "d5": 0.015257049378402911,
                "g7": 0.015186378578854838,
                "d4": 0.011141327723759798,
                "f3": 0.0044053138448184575
            }
        }
    },
    "puzzle4": {
        "fen": "3rr1k1/pp3pp1/1qn2np1/8/3p4/PP1R1P2/2P1NQPP/R1B3K1 b - - ",
        "move": "c6e5",
        "sorted saliencies": {
            "above threshold": {
                "c6": 1,
                "b6": 0.7971373408954071,
                "b3": 0.7956413076685471,
                "e8": 0.7862702835132999,
                "f6": 0.7860874633426623,
                "d8": 0.7666352492555917,
                "c1": 0.7563247229132235,
                "d3": 0.7456816060795927,
                "h2": 0.7178979490394832,
                "a1": 0.7098987233825292,
                "f3": 0.6997828219269129,
                "e2": 0.6670043135455388,
                "d4": 0.6433276963372114,
                "g2": 0.641495456140894,
                "f2": 0.6372564953063415,
                "a3": 0.5114188174794279,
                "c2": 0.5032173045299219
            },
            "below threshold": {}
        }
    },
    "puzzle5": {
        "fen": "r3r1k1/ppqb1ppp/8/4p1NQ/8/2P5/PP3PPP/R3R1K1 b - - ",
        "move": "d7f5",
        "sorted saliencies": {
            "above threshold": {
                "d7": 1,
                "f7": 0.6769909074981508,
                "f2": 0.6213621881196354,
                "c7": 0.612733816661913,
                "h5": 0.6066073003082847,
                "g5": 0.5997532852467444,
                "e1": 0.5869135419428574
            },
            "below threshold": {
                "a8": 0.1474932207674541,
                "a7": 0.04104855834298728,
                "e8": 0.02596857801930436,
                "h7": 0.016714024638422142,
                "g7": 0.012862562477329432,
                "a2": 0.008771870336757524
            }
        }
    },
    "puzzle6": {
        "fen": "rnb2r1k/pp2p2p/2pp2p1/q2P1p2/8/1Pb2NP1/PB2PPBP/R2Q1RK1 w - - ",
        "move": "d1e1",
        "sorted saliencies": {
            "above threshold": {
                "d1": 1,
                "a7": 0.7728530048037441,
                "c8": 0.7399395240206126,
                "g2": 0.6640007404392314,
                "h7": 0.6520004144608667,
                "a5": 0.6104012404781908,
                "a1": 0.5885641497010362,
                "b2": 0.5356818100140947,
                "f2": 0.4561927786518051,
                "a2": 0.42416312835287906
            },
            "below threshold": {
                "f3": 0.3754137988023451,
                "b8": 0.25304183375439077,
                "d6": 0.24271116660913425,
                "f1": 0.2329396811257961,
                "a8": 0.185243150172719,
                "d5": 0.16878822126487067,
                "g6": 0.16761295449935035,
                "b7": 0.167133130254687,
                "h2": 0.16065203234778316,
                "e2": 0.11057950929100438,
                "c6": 0.0734522671623358,
                "f5": 0.06652610752563534,
                "e7": 0.04477146139429547
            }
        }
    },
    "puzzle7": {
        "fen": "2r3k1/1p2q1pp/2b1pr2/p1pp4/6Q1/1P1PP1R1/P1PN2PP/5RK1 w - - ",
        "move": "g4g7",
        "sorted saliencies": {
            "above threshold": {
                "g4": 1,
                "g3": 0.7740029180484242,
                "f6": 0.7554162430678769,
                "h7": 0.6843366180123429,
                "d2": 0.6686124665255906,
                "e6": 0.6191033507889024
            },
            "below threshold": {
                "c8": 0.33432729531648786,
                "c6": 0.2605473235875254,
                "b3": 0.23654081215121595,
                "c2": 0.2099512055000919,
                "e3": 0.18507658926584494,
                "a2": 0.15310845309334065,
                "d5": 0.03767661338327584,
                "e7": 0.013465932606820552,
                "d3": 0.0125843022507037
            }
        }
    },
    "puzzle8": {
        "fen": "r1bqkb1r/4npp1/p1p4p/1p1pP1B1/8/1B6/PPPN1PPP/R2Q1RK1 w kq - ",
        "move": "d2e4",
        "sorted saliencies": {
            "above threshold": {
                "d2": 1,
                "f2": 0.7729176796181108,
                "d5": 0.7255083374379994,
                "e7": 0.70989645294173,
                "h8": 0.6877355816034332,
                "g5": 0.6683336156817413,
                "h6": 0.5812607169476447
            },
            "below threshold": {
                "c8": 0.33368654585751134,
                "f7": 0.31876559231430185,
                "a8": 0.1325882033488487,
                "f1": 0.05237495390190492
            }
        }
    },
    "puzzle9": {
        "fen": "r1bq1rk1/pp2ppbp/2np2p1/2n5/P3PP2/N1P2N2/1PB3PP/R1B1QRK1 b - - ",
        "move": "c5b3",
        "sorted saliencies": {
            "above threshold": {
                "c5": 1
            },
            "below threshold": {
                "c3": 0.14287999444542807,
                "d8": 0.14268897121449184,
                "f7": 0.1425271600057411,
                "e7": 0.09303699532544918,
                "a1": 0.08743259873229539,
                "g7": 0.07261714136245402,
                "c1": 0.07261595578993123,
                "c6": 0.06926490399205988,