{
    "pawnPromotion": {
        "fen": "8/3P3k/n2K3p/2p3n1/1b4N1/2p1p1P1/8/3B4 w - - 0 4",
        "best move": "g4e3",
        "sorted saliencies": {
            "above threshold": {
                "c5": 1,
                "g4": 1,
                "e3": 0.5130707152803662,
                "e4": 0.7,
                "f6": 0.7,
                "c6": 0.7
            },
            "below threshold": {
                "a6": 0.14750354833363946,
                "c3": 0.1464741670637771,
                "g5": 0.06846470026521381,
                "b4": 0.03515665220696106
            }
        }
    },
    "littleSalient": {
        "fen": "rnbqkb1r/pp1ppp1p/5np1/2p5/2P5/1P6/PB1PPPPP/RN1QKBNR w KQkq - 0 4",
        "best move": "b2f6",
        "sorted saliencies": {
            "above threshold": {
                "b2": 1,
                "f6": 0.5282332763119009,
                "h8": 0.41516658246611665,
                "c3": 0.390625,
                "d4": 0.390625,
                "e5": 0.390625,
                "f5": 0.7,
                "f4": 0.7,
                "e6": 0.7
            },
            "below threshold": {
                "d8": 0.08796998224230977,
                "g1": 0.0737410219026117,
                "b1": 0.07341379913014445,
                "c4": 0.06371405235860239,
                "a8": 0.06149773698787282,
                "d7": 0.061485584000282034,
                "b7": 0.05327412535745898,
                "a1": 0.041025016008835354,
                "b8": 0.03056874107088846,
                "f1": 0.025001472161766094,
                "f8": 0.02424533866037121,
                "h1": 0.02404382460328175,
                "e7": 0.015153460209817308,
                "d1": 0.009917371310852248,
                "c8": 0.007624546648171314,
                "h7": 0.0061183202826737655
            }
        }
    },
    "kingSaliency": {
        "fen": "r1b4k/3q3r/8/2pP1Q2/1pB3n1/8/PP4PP/3R2K1 w - - 0 2",
        "best move": "f5f8",
        "sorted saliencies": {
            "above threshold": {
                "f5": 1,
                "f8": 1,
                "h8": 1,
                "c8": 0.7830096226044054,
                "f6": 0.390625,
                "f7": 0.390625,
                "e7": 0.7,
                "f3": 0.7,
                "e6": 0.7
            },
            "below threshold": {
                "h7": 0.001152813281750327,
                "d7": 2.1405099914751652e-13
            }
        }
    },
    "manySalient": {
        "fen": "2r1r1k1/b4ppp/p3p3/Pp2Nq2/1Pbp1B2/R7/2PQ1PP1/4R1K1 w - - 0 1",
        "best move": "g2g4",
        "sorted saliencies": {
            "above threshold": {
                "g2": 1,
                "f5": 0.8852279987393811,
                "h7": 0.8488897289028065,
                "f7": 0.8040045265445744,
                "e8": 0.7628234152365939,
                "f2": 0.740075000792344,
                "e5": 0.7220483668377072,
                "a7": 0.7126759737606347,
                "c4": 0.5805978635266719,
                "c8": 0.5630254139558405,
                "e1": 0.5528811134247491,
                "e6": 0.5407364434762364,
                "d2": 0.5011491458220508,
                "g7": 0.47679909131124537,
                "g3": 0.390625,
                "g4": 0.390625,
                "f6": 0.8728339340385981,
                "f3": 0.6534956354016237,
                "b2": 0.6514213685899145
            },
            "below threshold": {
                "f4": 0.35127581063075985,
                "d4": 0.244741804086439,
                "a3": 0.226922766089156,
                "a6": 0.03848031382842026,
                "c2": 0.03661350495274129,
                "b5": 0.018851982313782947,
                "a5": 0.005285973150811041
            }
        }
    }
}