{
    "puzzle1": {
        "fen": "1k1r4/pp1b1R2/3q2pp/4p3/2B5/4Q3/PPP2B2/2K5 b - - ",
        "move": "d6d1",
        "sorted saliencies": {
            "above threshold": {
                "d6": 1,
                "c2": 0.8316198232620923,
                "b2": 0.6129604317588313
            },
            "below threshold": {
                "f2": 0.3898833567835549,
                "d8": 0.1550361643861203,
                "e3": 7.570299916640962e-10,
                "f7": 1.1102230246251556e-15
            }
        }
    },
    "puzzle2": {
        "fen": "r1b2rk1/2q1b1pp/p2ppn2/1p6/3QP3/1BN1B3/PPP3PP/R4RK1 w - - ",
        "move": "c3d5",
        "sorted saliencies": {
            "above threshold": {
                "c3": 1
            },
            "below threshold": {
                "c8": 0.10154629290215998,
                "a8": 0.09895593222318254,
                "b3": 0.07029138741393891,
                "d4": 0.04904512554660162,
                "a1": 0.04526342861895742,
                "g2": 0.039881041918331826,
                "a6": 0.021964563875811267,
                "e7": 0.021131853748530247,
                "f1": 0.019893814494765648,
                "b5": 0.016556859347097382,
                "c2": 0.013184065801906515,
                "g7": 0.011876298981434004,
                "b2": 0.005297892793660793,
                "h2": 0.0010417299778609913
            }
        }
    },
    "puzzle3": {
        "fen": "1nk1r1r1/pp2n1pp/4p3/q2pPp1N/b1pP1P2/B1P2R2/2P1B1PP/R2Q2K1 w - - ",
        "move": "h5f6",
        "sorted saliencies": {
            "above threshold": {
                "h5": 1
            },
            "below threshold": {
                "g2": 0.20241011018230393,
                "e5": 0.2020018502150784,
                "g8": 0.1966081025349891,
                "e7": 0.19506285130158507,
                "e8": 0.18069019426004576,
                "f3": 0.16458110425796263,
                "a3": 0.14592285108438086,
                "c2": 0.1438048500816159,
                "a4": 0.13515968725423905,
                "a1": 0.1293916808715582,
                "h7": 0.1284387373339269,
                "c4": 0.11860538828115962,
                "b7": 0.11262998090718104,
                "e6": 0.11082383753164347,
                "c3": 0.10621253051585106,
                "d5": 0.10199140707033255,
                "a5": 0.06059883576447498,
                "d1": 0.050702288331693234,
                "b8": 0.033645471641898926,
                "g7": 0.03142031192265676,
                "f4": 0.02317670135455018,
                "d4": 0.022252993060165437,
                "f5": 0.019394996614787215,
                "a7": 0.014784783419045962,
                "h2": 0.0060000172364764095
            }
        }
    },
    "puzzle4": {
        "fen": "3rr1k1/pp3pp1/1qn2np1/8/3p4/PP1R1P2/2P1NQPP/R1B3K1 b - - ",
        "move": "c6e5",
        "sorted saliencies": {
            "above threshold": {
                "c6": 1,
                "d3": 0.4734668733453347,
                "e8": 0.4659899569661392,
                "b6": 0.4651912771328999,
                "f6": 0.46361701380179327,
                "b3": 0.45631700667688657,
                "c1": 0.45073035516281307,
                "a1": 0.39194597219140936
            },
            "below threshold": {
                "e2": 0.3901504107103687,
                "f2": 0.3372188469848958,
                "d4": 0.3345419480584234,
                "d8": 0.28112320636148175,
                "f3": 0.2783903319207259,
                "g6": 0.17004807646339928,
                "a3": 0.16268802712606287,
                "g7": 0.14117689933589053,
                "g2": 0.10434972707562112,
                "f7": 0.07613077111813066,
                "h2": 0.042294916440711934,
                "b7": 0.013020451976187484,
                "c2": 0.0005825611180228132
            }
        }
    },
    "puzzle5": {
        "fen": "r3r1k1/ppqb1ppp/8/4p1NQ/8/2P5/PP3PPP/R3R1K1 b - - ",
        "move": "d7f5",
        "sorted saliencies": {
            "above threshold": {
                "d7": 1,
                "h5": 0.6041600381607377,
                "g5": 0.581132400750276,
                "e1": 0.47023472966647256
            },
            "below threshold": {
                "f2": 0.3531171953434248,
                "c7": 0.3365686631492022,
                "a1": 0.2691037295278845,
                "f7": 0.2235258093580224,
                "g2": 0.0745037148146177,
                "b2": 0.06622426826951378,
                "c3": 0.01664961860604942,
                "b7": 0.01281607569671769
            }
        }
    },
    "puzzle6": {
        "fen": "rnb2r1k/pp2p2p/2pp2p1/q2P1p2/8/1Pb2NP1/PB2PPBP/R2Q1RK1 w - - ",
        "move": "d1d2",
        "sorted saliencies": {
            "above threshold": {
                "d1": 1,
                "f1": 0.579293934643302,
                "a2": 0.43842606471222495
            },
            "below threshold": {
                "e2": 0.33769667317597185,
                "h7": 0.3220895294238918,
                "f2": 0.293127058878524,
                "f3": 0.29250014381423656,
                "d5": 0.28947994442961883,
                "a7": 0.2630025275206555,
                "c8": 0.25675934852746185,
                "f5": 0.20928061411408524,
                "b2": 0.20103790508954578,
                "a5": 0.1798577492822649,
                "b3": 0.15010181771220538,
                "a1": 0.13040030759560203,
                "g2": 0.11271165991334205,
                "d6": 0.09666712757702747,
                "b8": 0.09159327804796563,
                "b7": 0.07902209076648682,
                "g3": 0.07374195882831229,
                "h2": 0.011124243083380014,
                "c6": 0.007232006620475158
            }
        }
    },
    "puzzle7": {
        "fen": "2r3k1/1p2q1pp/2b1pr2/p1pp4/6Q1/1P1PP1R1/P1PN2PP/5RK1 w - - ",
        "move": "g4g7",
        "sorted saliencies": {
            "above threshold": {
                "g4": 1
            },
            "below threshold": {
                "h2": 0.1678464502141694,
                "f1": 0.16734144668895662,
                "f6": 0.1641853924671715,
                "g3": 0.16401885461681964,
                "e6": 0.13167302759082972,
                "h7": 0.05205237934963061,
                "c6": 0.03633971518058776,
                "b3": 0.03170700132092498,
                "a2": 0.031341864503685375,
                "c5": 0.023955871610865664,
                "e3": 0.014824062940375997,
                "c8": 0.005153610891800877
            }
        }
    },
    "puzzle8": {
        "fen": "r1bqkb1r/4npp1/p1p4p/1p1pP1B1/8/1B6/PPPN1PPP/R2Q1RK1 w kq - ",
        "move": "d2e4",
        "sorted saliencies": {
            "above threshold": {
                "d2": 1,
                "b3": 0.48113020787989524,
                "e5": 0.4762731907624699,
                "f8": 0.4753876330689417,
                "d1": 0.4674672095420058,
                "d8": 0.4613217991813092,
                "c8": 0.4292757631578002,
                "f2": 0.40669201908797836
            },
            "below threshold": {
                "e7": 0.39002801976403295,
                "d5": 0.3766334221761132,
                "h8": 0.3718919589407538,
                "g5": 0.3585172789526125,
                "f7": 0.32212511693500584,
                "h6": 0.20851802464628985,
                "g2": 0.10165644761534581,
                "c2": 0.07387447936106356,
                "f1": 0.0538067625054922,
                "a8": 0.05124895462619555,
                "a1": 0.012559880508713856,
                "h2": 0.011835611001266705
            }
        }
    },
    "puzzle9": {
        "fen": "r1bq1rk1/pp2ppbp/2np2p1/2n5/P3PP2/N1P2N2/1PB3PP/R1B1QRK1 b - - ",
        "move": "c5b3",
        "sorted saliencies": {
            "above threshold": {
                "c5": 1
            },