{
    "move1": {
        "fen": "4b3/5k2/4p1p1/3pP2p/2pP1P1P/2P5/6N1/2K5 w - - 0 1",
        "move": "c1b2",
        "sorted saliencies": {
            "above threshold": {
                "c1": 1,
                "b2": 0.5947458740503239,
                "f5": 0.3961748525929132,
                "f2": 0.39396523131560757,
                "f3": 0.390625
            },
            "below threshold": {
                "e8": 0.18916292464439402,
                "h4": 0.1728034642170749,
                "d5": 0.15321636646964995,
                "f4": 0.11511559878930447,
                "e6": 0.09863484034650671,
                "g6": 0.08328753795666106,
                "d4": 0.01655059684307665
            }
        }
    }
}