{
    "Air": {
        "fen": "3r2k1/pRp2pp1/7p/8/8/8/PPP2PPP/6K1 w - - 0 1",
        "best move": "g1f1",
        "sorted saliencies": {
            "above threshold": {
                "d8": 0.22971949582187706,
                "g2": 0.2117046558157192,
                "h2": 0.19598857247889262,
                "f2": 0.18245512128834285,
                "b2": 0.09072128432326197
            },
            "below threshold": {
                "c2": 0.08549549804464199,
                "b7": 0.07384862141608425,
                "a2": 0.042677833408484425,
                "a7": 0.04048828867568551,
                "h6": 0.03324470391955938,
                "f7": 0.007012516394181459
            }
        }
    },
    "BlockExchange": {
        "fen": "3r1rk1/1pb1pppp/p1n2q2/8/3P2b1/1NP1PN2/PPQ2PPP/R3R1K1 w - - 1 1",
        "best move": "f3d2",
        "sorted saliencies": {
            "above threshold": {
                "f3": 1,
                "f7": 0.1239500333208837,
                "f6": 0.09857859294438874,
                "g4": 0.09556043383141515
            },
            "below threshold": {
                "f2": 0.04995527386935453,
                "d8": 0.047633542036708165,
                "c6": 0.03205157245576584,
                "g7": 0.03023992219253192,
                "f8": 0.029467996682905305,
                "c3": 0.018278092277582824,
                "a6": 0.009202136819927932,
                "b2": 0.007376857118614992,
                "e1": 0.004105863874717715,
                "c7": 0.0022501302282106317,
                "h7": 0.0022412265966149677
            }
        }
    },
    "ChangePawnStructure": {
        "fen": "r1bq1rk1/pp1nppbp/2p2np1/3p4/2PP1B2/2NBPN2/PP3PPP/R2QK2R w KQ - 3 8",
        "best move": "c4d5",
        "sorted saliencies": {
            "above threshold": {
                "c4": 1,
                "d5": 1
            },
            "below threshold": {
                "c3": 0.02299868947751635,
                "f7": 0.019374605940634847,
                "f3": 0.019173398522909838,
                "f4": 0.017136347586886015,
                "d4": 0.015214400291587719,
                "d7": 0.014834757625333659,
                "b7": 0.014722492007666364,
                "c8": 0.014042234377702089,
                "d8": 0.013924321769231739,
                "h2": 0.011703443803688741,
                "g7": 0.007402329653054627,
                "e7": 0.004973073210572623,
                "h1": 0.004627502988401632,
                "f8": 0.004579972277894015,
                "g2": 0.00329658233156079,
                "f6": 0.00285533928060757,
                "d1": 0.0009594834757470738
            }
        }
    },
    "CreateWeakSquares": {
        "fen": "r1br1nk1/ppq1b1pp/2pp1p2/4p3/P2PP2N/1P2N3/1BP1RPPP/R1Q3K1 b - - 0 15",
        "best move": "f8e6",
        "sorted saliencies": {
            "above threshold": {
                "f8": 1
            },
            "below threshold": {
                "e5": 0.014613244940611865,
                "e7": 0.006874245153890751,
                "e3": 0.006800635935742334
            }
        }
    },
    "ImproveActivity": {
        "fen": "1r5k/ppp2pp1/2np3p/4p2P/4P3/3P4/PPP1BPP1/3R2K1 w - - 1 1",
        "best move": "c2c3",
        "sorted saliencies": {
            "above threshold": {
                "c2": 1
            },
            "below threshold": {
                "c6": 0.02513754754830474,
                "b7": 0.016805449872703118,
                "e5": 0.009796706391546514,
                "b8": 0.005460647794671735,
                "d3": 0.0033339680218091154,
                "e4": 0.0018753388119247551
            }
        }
    },
    "LongTermPlusses": {
        "fen": "r2qr1k1/1b1nbpp1/p4n1p/1p1p1B2/2pP3B/1PN1PN2/P1Q2PPP/2R2RK1 b - - 1 18",
        "best move": "b5b4",
        "sorted saliencies": {
            "above threshold": {
                "b5": 1
            },
            "below threshold": {
                "c3": 0.049109460741867686,
                "c2": 0.023441623117939594,
                "c4": 0.02329004919888404,
                "f5": 0.018228057868528248,
                "f7": 0.009010212572787618,
                "d4": 0.006936522797883674,
                "b3": 0.006626347914131596,
                "f3": 0.006561368899291723,
                "h2": 0.004264723805887216,
                "g2": 0.0037111263331902574,
                "a2": 0.003667398403224339,
                "h4": 0.003438713964703577,
                "h6": 0.0010646844220555147
            }
        }
    },
    "MaterialAdvantage": {
        "fen": "3q2k1/1Bnr1pb1/r3p1p1/pp5p/2PP4/1PBR3P/2Q2PP1/3R2K1 b - - 0 25",
        "best move": "a6b6",
        "sorted saliencies": {
            "above threshold": {
                "a6": 1
            },
            "below threshold": {
                "b7": 0.15298399158314044,
                "d4": 0.14300858910836062,
                "c2": 0.10456606380285477,
                "d1": 0.0862078559189128,
                "g2": 0.08378295447281722,
                "f2": 0.07539945785813287,
                "c3": 0.06983658809516845,
                "d3": 0.04513968064383445,
                "h3": 0.02935815331056077,
                "f7": 0.013174762450748806,
                "c4": 0.008625246354696884,
                "h5": 0.00737894114821726,
                "e6": 0.00608521363916413,
                "b5": 0.002157007400075556
            }
        }
    },
    "OfferExchange": {
        "fen": "r1n1nrk1/ppqbbppp/2p1p3/2PpP1B1/1P1P4/P1N2N2/1Q2BPPP/R4RK1 b - - 1 1",
        "best move": "e7g5",
        "sorted saliencies": {
            "above threshold": {
                "e7": 1
            },
            "below threshold": {
                "g5": 0.13856779848587247,
                "c5": 0.028669324754450307,
                "e2": 0.014708455309152383,
                "f8": 0.01441853142046556,
                "a3": 0.0029135654688442958,
                "e8": 0.002353696937111437,
                "d5": 0.0016516908201964883
            }
        }
    },
    "Overprotection": {
        "fen": "r1b1nrk1/1p1pbppp/pqn1p3/4P3/8/1P4BB/P1P1QPPP/RN2K1NR w - - 0 1",
        "best move": "g1f3",
        "sorted saliencies": {
            "above threshold": {
                "g1": 1
            },
            "below threshold": {
                "b3": 0.11414075735910531,
                "b6": 0.05240702254097003,
                "a1": 0.042160263489865756,
                "e6": 0.03697922065451102,
                "c6": 0.03140783473884418,
                "g7": 0.030939677019607318,
                "f8": 0.029704217824371684,
                "c8": 0.020524472069539668,
                "g3": 0.018243192156572965,
                "h7": 0.018180681708251524,
                "e7": 0.015409552097222706,
                "a8": 0.014291455533625923,
                "d7": 0.014088270121827446,
                "a6": 0.013483237241420153,
                "h2": 0.009962967364512665,
                "e5": 0.00974124099292131,
                "e8": 0.009571794799118379,
                "g2": 0.0010047653228509549
            }
        }
    },
    "PawnBreakthrough": {
        "fen": "2r2rk1/ppqnbppp/2p1p3/3pP3/3P4/2P2N2/PPB1QPPP/1R3RK1 b - - 0 1",
        "best move": "c6c5",
        "sorted saliencies": {
            "above threshold": {
                "c6": 1
            },
            "below threshold": {
                "e6": 0.02182587250379451,
                "d4": 0.009179394907679531,
                "d5": 0.006788387263453841,
                "e5": 0.006646925480927829,
                "c2": 0.006499013316535681,
                "h2": 0.0019154927827561056
            }
        }
    },
    "PawnMajority": {
        "fen": "7k/p7/1p6/1P6/P1P5/8/4K3/8 w - - 0 1",
        "best move": "c4c5",
        "sorted saliencies": {
            "above threshold": {
                "c4": 1,