{
    "Air": {
        "fen": "3r2k1/pRp2pp1/7p/8/8/8/PPP2PPP/6K1 w - - 0 1",
        "best move": "g2g3",
        "sorted saliencies": {
            "above threshold": {
                "g2": 1
            },
            "below threshold": {
                "f2": 0.2556030293022659,
                "d8": 0.24907866875339418,
                "h2": 0.22104379533842722,
                "h6": 0.09729242599043013,
                "b7": 0.09120725603121506,
                "a7": 0.05724983069883678,
                "c7": 0.0530917543935071,
                "f7": 0.04956502676470092,
                "g7": 0.015428438926418354
            }
        }
    },
    "BlockExchange": {
        "fen": "3r1rk1/1pb1pppp/p1n2q2/8/3P2b1/1NP1PN2/PPQ2PPP/R3R1K1 w - - 1 1",
        "best move": "c2e4",
        "sorted saliencies": {
            "above threshold": {
                "c2": 1
            },
            "below threshold": {
                "g4": 0.13683584633385376,
                "g2": 0.10981358319776376,
                "f6": 0.10205883350753114,
                "f3": 0.08559527746046994,
                "d8": 0.055054635223132656,
                "c7": 0.051897025163566424,
                "f2": 0.03217842615896168
            }
        }
    },
    "ChangePawnStructure": {
        "fen": "r1bq1rk1/pp1nppbp/2p2np1/3p4/2PP1B2/2NBPN2/PP3PPP/R2QK2R w KQ - 3 8",
        "best move": "c4d5",
        "sorted saliencies": {
            "above threshold": {
                "c4": 1,
                "d5": 1
            },
            "below threshold": {
                "f3": 0.057276716720038486,
                "c3": 0.057261522571560274,
                "f7": 0.04686238115685125,
                "g7": 0.04577807037990678,
                "f4": 0.04431983505068795,
                "d7": 0.043098909548820855,
                "d4": 0.04119228012025707,
                "e7": 0.036115348144012745,
                "h2": 0.030865562063836668,
                "a2": 0.030033126978535545,
                "g2": 0.029758101349591937,
                "e3": 0.024199525539623377,
                "g6": 0.02181494095398648,
                "c8": 0.019689176269920627,
                "b7": 0.017300715296441393,
                "h1": 0.016896244411097026,
                "d8": 0.01674253732020471,
                "f2": 0.014455810015084449,
                "f8": 0.014185605823177478,
                "h7": 0.012471213250743615,
                "a1": 0.008079339258471492
            }
        }
    },
    "CreateWeakSquares": {
        "fen": "r1br1nk1/ppq1b1pp/2pp1p2/4p3/P2PP2N/1P2N3/1BP1RPPP/R1Q3K1 b - - 0 15",
        "best move": "g7g6",
        "sorted saliencies": {
            "above threshold": {
                "g7": 1
            },
            "below threshold": {
                "d6": 0.10192999394119336,
                "f6": 0.0969685066319736,
                "h4": 0.08171006239032479,
                "e7": 0.06012607835665374,
                "c6": 0.058694676211816406,
                "e3": 0.05823714340410981,
                "e2": 0.04682712640267842,
                "e5": 0.04423243012351308,
                "b2": 0.04414151814536765,
                "d4": 0.04235749970277156,
                "h2": 0.03113195880832374,
                "f2": 0.023600395251448855,
                "h7": 0.022715386702995496,
                "c1": 0.021979591678225215,
                "c8": 0.016851885572467473,
                "b7": 0.012929224375823493,
                "a1": 0.0109855184095873,
                "a4": 0.008768544032687405,
                "f8": 0.0033338628871302164,
                "b3": 0.0009518241848873922
            }
        }
    },
    "ImproveActivity": {
        "fen": "1r5k/ppp2pp1/2np3p/4p2P/4P3/3P4/PPP1BPP1/3R2K1 w - - 1 1",
        "best move": "c2c3",
        "sorted saliencies": {
            "above threshold": {
                "c2": 1
            },
            "below threshold": {
                "c6": 0.01535056391901409,
                "e5": 0.011515646709789395,
                "b7": 0.00958598332571254,
                "h6": 0.009128386825894463,
                "a2": 0.004724748925720809,
                "h5": 0.00280542533958807,
                "d3": 0.002276564598854946
            }
        }
    },
    "LongTermPlusses": {
        "fen": "r2qr1k1/1b1nbpp1/p4n1p/1p1p1B2/2pP3B/1PN1PN2/P1Q2PPP/2R2RK1 b - - 1 18",
        "best move": "b5b4",
        "sorted saliencies": {
            "above threshold": {
                "b5": 1
            },
            "below threshold": {
                "c3": 0.08214791068457936,
                "f7": 0.030861495657641715,
                "c4": 0.027796306899778432,
                "f5": 0.0046284331911965685
            }
        }
    },
    "MaterialAdvantage": {
        "fen": "3q2k1/1Bnr1pb1/r3p1p1/pp5p/2PP4/1PBR3P/2Q2PP1/3R2K1 b - - 0 25",
        "best move": "a6b6",
        "sorted saliencies": {
            "above threshold": {
                "a6": 1
            },
            "below threshold": {
                "b7": 0.26803983441084445,
                "c2": 0.16963440395349802,
                "g2": 0.14453523939050394,
                "c3": 0.1369066932920713,
                "f2": 0.13434499692626956,
                "d4": 0.13185709258615752,
                "d1": 0.10258156258107007,
                "d3": 0.09135593824228927,
                "a5": 0.06000230399925985,
                "d8": 0.05521572287712605,
                "b5": 0.05361796067568754,
                "f7": 0.034140716573901095,
                "b3": 0.014414726380236604,
                "h3": 0.01191058392397635
            }
        }
    },
    "OfferExchange": {
        "fen": "r1n1nrk1/ppqbbppp/2p1p3/2PpP1B1/1P1P4/P1N2N2/1Q2BPPP/R4RK1 b - - 1 1",
        "best move": "e7g5",
        "sorted saliencies": {
            "above threshold": {
                "e7": 1
            },
            "below threshold": {
                "g5": 0.22369387424851928,
                "c5": 0.08138706562554428,
                "e2": 0.04622372897378589,
                "b4": 0.04506742054794589,
                "e8": 0.03163737663370406,
                "h2": 0.012715922021512682,
                "g2": 0.011193346512603638,
                "f8": 0.008128570640789663
            }
        }
    },
    "Overprotection": {
        "fen": "r1b1nrk1/1p1pbppp/pqn1p3/4P3/8/1P4BB/P1P1QPPP/RN2K1NR w - - 0 1",
        "best move": "e1f1",
        "sorted saliencies": {
            "above threshold": {
                "e2": 0.15545051411985536,
                "c2": 0.147421190978861,
                "b3": 0.1423115558341169,
                "f2": 0.100958075081188,
                "e6": 0.0676427096129391
            },
            "below threshold": {
                "b6": 0.05985852810434854,
                "g7": 0.030498077883591667,
                "b7": 0.024681412382021,
                "e8": 0.019746099429155003,
                "g1": 0.018229886767738936,
                "g2": 0.014925890531945336,
                "g3": 0.014596992004182189,
                "a1": 0.014034082542585834,
                "e7": 0.013092518736439076,
                "f8": 0.012327158656850207,
                "h2": 0.010756149797118704,
                "h7": 0.007586386275790568,
                "c6": 0.00047881727866517994
            }
        }
    },
    "PawnBreakthrough": {
        "fen": "2r2rk1/ppqnbppp/2p1p3/3pP3/3P4/2P2N2/PPB1QPPP/1R3RK1 b - - 0 1",
        "best move": "c6c5",
        "sorted saliencies": {
            "above threshold": {
                "c6": 1,
                "e7": 0.08730203321861194,
                "g7": 0.07604337556302354
            },
            "below threshold": {
                "d5": 0.03885778318080449,
                "d4": 0.032883730645934556,
                "e6": 0.010701482407874533,
                "c2": 0.008777693346136586,
                "a7": 0.004874593662296244,