{
    "move1": {
        "fen": "8/6b1/4k2p/p1p1p1p1/2P1K1P1/PP3N1P/8/8 w - - 0 1",
        "move": "f3e1",
        "sorted saliencies": {
            "above threshold": {
                "h5": 1.0712110111939275,
                "a4": 1.06573301361366,
                "h4": 1.0656755401498397,
                "f3": 1,
                "g4": 0.6912868243619577,
                "a3": 0.6750505401498398,
                "h3": 0.6749313867161859,
                "c4": 0.5709482993236414,
                "b3": 0.4346844998266954,
                "e1": 0.390625
            },
            "below threshold": {
                "e5": 0.37739216884617705,
                "c5": 0.18030339735493173,
                "a5": 0.17260165554768547,
                "h6": 0.1652799166989673,
                "g7": 0.10509361521420556
            }
        }
    }
}