{
    "move1": {
        "fen": "3R4/1p6/2b5/2P1k2p/p3p2P/P6r/1P2KB2/8 b - - 0 1",
        "move": "e5f5",
        "sorted saliencies": {
            "above threshold": {
                "e5": 1,
                "f5": 0.7120433315886403,
                "e3": 0.4649082526045356,
                "g7": 0.4451492849214574,
                "g3": 0.390625
            },
            "below threshold": {
                "f2": 0.15072515984944915,
                "d8": 0.10957804897954412,
                "c6": 0.036161846781996,
                "h4": 0.03592591726569364,
                "h3": 0.03462449369251415,
                "a4": 0.024907400469631257,
                "h5": 0.02103665496821226,
                "e4": 0.0037924038510797993
            }
        }
    }
}