{
    "move1": {
        "fen": "3r4/7p/Rp4k1/5p2/4p3/2P5/PP3P1P/5K2 b - - 0 1",
        "move": "d8b8",
        "sorted saliencies": {
            "above threshold": {
                "b6": 1,
                "d8": 1,
                "b8": 0.7,
                "c8": 0.7,
                "a7": 0.7,
                "g7": 0.7,
                "g3": 0.7
            },
            "below threshold": {
                "a6": 0.12125227731470123,
                "a2": 0.06845614661211823,
                "b2": 0.039939219665192975,
                "c3": 0.03939962919001828,
                "f2": 0.0362419658502488
            }
        }
    }
}