{
    "move1": {
        "fen": "8/4k3/p1B4p/2K5/1P4bP/8/8/8 b - - 0 1",
        "move": "e7f6",
        "sorted saliencies": {
            "above threshold": {
                "a6": 1,
                "b4": 1,
                "c6": 1,
                "e7": 1,
                "g4": 1,
                "h4": 1,
                "h6": 1,
                "f6": 0.6520829694721348,
                "b3": 0.3956906816247811,
                "a7": 0.3921271334821028,
                "b2": 0.390625
            },
            "below threshold": {}
        }
    }
}