{
    "move1": {
        "fen": "8/4k3/p1B4p/2K5/1P4bP/8/8/8 b - - 0 1",
        "move": "e7f6",
        "sorted saliencies": {
            "above threshold": {
                "e7": 1,
                "f6": 0.6520829694721348,
                "b3": 0.3956906816247811,
                "a7": 0.3921271334821028,
                "b2": 0.390625
            },
            "below threshold": {
                "h4": 0.10045469244654942,
                "a6": 0.07505623745692125,
                "c6": 0.0738513377631775,
                "b4": 0.040715858460323766,
                "g4": 0.03351560753151153
            }
        }
    }
}