{
    "move1": {
        "fen": "8/1p1b2k1/p1p1p1p1/2P1P2p/1P3P1P/P2B4/5K2/8 w - - 0 1",
        "move": "f2f3",
        "sorted saliencies": {
            "above threshold": {
                "f2": 1,
                "f3": 0.7,
                "d4": 0.7,
                "d5": 0.7,
                "d6": 0.7
            },
            "below threshold": {
                "b7": 0.02243088870168611,
                "e6": 0.012934924519219165,
                "c6": 0.004777566279905629,
                "a6": 0.004201026260046729,
                "h4": 0.001122397913142956,
                "d7": 3.870453813299685e-05
            }
        }
    }
}