{
    "move1": {
        "fen": "3r4/7p/Rp4k1/5p2/4p3/2P5/PP3P1P/5K2 b - - 0 1",
        "move": "d8b8",
        "sorted saliencies": {
            "above threshold": {
                "b6": 1,
                "d8": 1,
                "g4": 0.4243425543502458,
                "g3": 0.424324399660652,
                "f7": 0.4242859499032423,
                "b8": 0.390625,
                "c8": 0.390625
            },
            "below threshold": {
                "f5": 0.03340947779902919,
                "e4": 0.03330885410119221,
                "a6": 0.026248062469813028,
                "f2": 0.01664425891563883
            }
        }
    }
}