{
    "move1": {
        "fen": "7k/pp4pp/2n5/8/8/P7/1P4PP/2K1B3 b - - 0 1",
        "move": "h8g8",
        "sorted saliencies": {
            "above threshold": {
                "h8": 1,
                "g8": 0.390625
            },
            "below threshold": {
                "b2": 0.014214284126954113,
                "e1": 0.013894665184108281,
                "a3": 0.010250996207416423,
                "g2": 0.00014520849660533245
            }
        }
    }
}