{
    "move1": {
        "fen": "8/1pk3pp/p7/3p1p2/8/3K2P1/PP2PP1P/8 w - - 0 1",
        "move": "d3d4",
        "sorted saliencies": {
            "above threshold": {
                "d3": 1,
                "d4": 0.6920824153119349,
                "h5": 0.39134021016437137,
                "h6": 0.39134021016437137,
                "h4": 0.390625
            },
            "below threshold": {}
        }
    }
}