{
    "puzzle1": {
        "fen": "1k1r4/pp1b1R2/3q2pp/4p3/2B5/4Q3/PPP2B2/2K5 b - - ",
        "move": "d6d1",
        "sorted saliencies": {
            "above threshold": {
                "d6": 1,
                "c2": 0.843618577838991,
                "f2": 0.4083644046092989
            },
            "below threshold": {
                "b2": 0.3476362468236039,
                "d8": 0.0848642806905136,
                "e3": 4.719412953199203e-09,
                "f7": 1.3322676295501863e-15
            }
        }
    },
    "puzzle2": {
        "fen": "r1b2rk1/2q1b1pp/p2ppn2/1p6/3QP3/1BN1B3/PPP3PP/R4RK1 w - - ",
        "move": "a2a4",
        "sorted saliencies": {
            "above threshold": {
                "a2": 1
            },
            "below threshold": {
                "d6": 0.08355752913474998,
                "e7": 0.055363206330729324,
                "c7": 0.047289575633574596,
                "a6": 0.041544683844474496,
                "a1": 0.03570351654629055,
                "c8": 0.031388047310615404,
                "f8": 0.029344944015081295,
                "b5": 0.026264018498618123,
                "c2": 0.020901852218516207,
                "a8": 0.019709744489419954,
                "f6": 0.01346028066675615
            }
        }
    },
    "puzzle3": {
        "fen": "1nk1r1r1/pp2n1pp/4p3/q2pPp1N/b1pP1P2/B1P2R2/2P1B1PP/R2Q2K1 w - - ",
        "move": "a3b4",
        "sorted saliencies": {
            "above threshold": {
                "a3": 1
            },
            "below threshold": {
                "c3": 0.14205636678116168,
                "a4": 0.11994683728020779,
                "c2": 0.1131004848353577,
                "a5": 0.09027927255658955,
                "b7": 0.08260987255950752,
                "d5": 0.07976885612963702,
                "b8": 0.0760361839618378,
                "f5": 0.06794840475361509,
                "e5": 0.06552906125497789,
                "a7": 0.0651079856616825,
                "h2": 0.06433404134544146,
                "g2": 0.06049787277768367,
                "h5": 0.057186807345600964,
                "d4": 0.04907769419345234,
                "e7": 0.04771708035522301,
                "a1": 0.04606539724168089,
                "g8": 0.04456028213125829,
                "e6": 0.04013797716698471,
                "f4": 0.03427011031221297,
                "g7": 0.03148277344221513,
                "h7": 0.016685500324005908,
                "e2": 0.014302791668589873
            }
        }
    },
    "puzzle4": {
        "fen": "3rr1k1/pp3pp1/1qn2np1/8/3p4/PP1R1P2/2P1NQPP/R1B3K1 b - - ",
        "move": "c6e5",
        "sorted saliencies": {
            "above threshold": {
                "c6": 1
            },
            "below threshold": {
                "c1": 0.15428571193941235,
                "d3": 0.14721903183610185,
                "a3": 0.14546744861578967,
                "d4": 0.14369352542141867,
                "b3": 0.13838151619776354,
                "e8": 0.13347428269970682,
                "e2": 0.1165091182636151,
                "b6": 0.09669048298093358,
                "d8": 0.09173602834807135,
                "f6": 0.05879164526754832,
                "f2": 0.031150520315568243
            }
        }
    },
    "puzzle5": {
        "fen": "r3r1k1/ppqb1ppp/8/4p1NQ/8/2P5/PP3PPP/R3R1K1 b - - ",
        "move": "d7f5",
        "sorted saliencies": {
            "above threshold": {
                "d7": 1,
                "g5": 0.6016627609560254,
                "h5": 0.5924267508310465
            },
            "below threshold": {
                "c7": 0.37891031654632873,
                "f2": 0.3316238031888444,
                "g2": 0.3003515495230107,
                "e1": 0.29866852765042834,
                "f7": 0.20659515673236062,
                "a1": 0.16552779234818793,
                "a7": 0.07386473822525852,
                "a2": 0.054781740704487686,
                "b2": 0.02743945356684477
            }
        }
    },
    "puzzle6": {
        "fen": "rnb2r1k/pp2p2p/2pp2p1/q2P1p2/8/1Pb2NP1/PB2PPBP/R2Q1RK1 w - - ",
        "move": "d1d2",
        "sorted saliencies": {
            "above threshold": {
                "d1": 1,
                "f1": 0.5200699831208719,
                "a2": 0.40262056289382514,
                "e2": 0.3913445274497017
            },
            "below threshold": {
                "d6": 0.39005822872803747,
                "c6": 0.3554139934179831,
                "e7": 0.34109697227154095,
                "h2": 0.2889198494927181,
                "f2": 0.24845509137829358,
                "a7": 0.22101885046638203,
                "d5": 0.21676449318114355,
                "b7": 0.19069845231184185,
                "b2": 0.1800737588526022,
                "c8": 0.14539242481662104,
                "a5": 0.1451642364350413,
                "b3": 0.1045741672425219,
                "f5": 0.10083406145351999,
                "g3": 0.09925260316250549,
                "b8": 0.09739964856342861,
                "f3": 0.0784234656171886,
                "h7": 0.04327622526351085,
                "g6": 0.016897249558924
            }
        }
    },
    "puzzle7": {
        "fen": "2r3k1/1p2q1pp/2b1pr2/p1pp4/6Q1/1P1PP1R1/P1PN2PP/5RK1 w - - ",
        "move": "g4g7",
        "sorted saliencies": {
            "above threshold": {
                "g4": 1
            },
            "below threshold": {
                "h2": 0.18456332797078806,
                "f1": 0.18408312852842837,
                "f6": 0.17722617957972828,
                "g3": 0.17311820697942445,
                "e6": 0.1407334821976359,
                "b3": 0.10406453462765351,
                "h7": 0.07281009541543344,
                "c5": 0.06286284789351657,
                "c6": 0.02357306443428414,
                "b7": 0.006388260710620623
            }
        }
    },
    "puzzle8": {
        "fen": "r1bqkb1r/4npp1/p1p4p/1p1pP1B1/8/1B6/PPPN1PPP/R2Q1RK1 w kq - ",
        "move": "d2e4",
        "sorted saliencies": {
            "above threshold": {
                "d2": 1,
                "b3": 0.5764723480204424,
                "d1": 0.5723465861631016,
                "e5": 0.5713674618771077,
                "f8": 0.5702628876703807,
                "c8": 0.5346482789391348,
                "d8": 0.5208707966280545,
                "e7": 0.43345086268635175,
                "h8": 0.433194944569985,
                "d5": 0.4168545308936408,
                "f2": 0.4034521348434375,
                "f7": 0.3997802092243017,
                "g5": 0.3982127820480194
            },
            "below threshold": {
                "g7": 0.35170231852654826,
                "f1": 0.26126213017752953,
                "h6": 0.23945157358986724,
                "c6": 0.16040924878547919,
                "h2": 0.15159699477238386,
                "c2": 0.14928645172267802,
                "a6": 0.14768605699353224,
                "a1": 0.12878944704756815
            }
        }
    },
    "puzzle9": {
        "fen": "r1bq1rk1/pp2ppbp/2np2p1/2n5/P3PP2/N1P2N2/1PB3PP/R1B1QRK1 b - - ",
        "move": "c5b3",
        "sorted saliencies": {
            "above threshold": {
                "c5": 1
            },
            "below threshold": {
                "f7": 0.11137226446659834,
                "c3": 0.11049478278545824,
                "d8": 0.11038073482630548,
                "e7": 0.06637165034911814,
                "c2": 0.055270164262093115,
                "a1": 0.047857916078897104,
                "c1": 0.03772968146276175,
                "c6": 0.029396072782122303,
                "f4": 0.02769497169554476,
                "a3": 0.01514625772515525,
                "b2": 0.008092267548268231,
                "a4": 0.0033523018442504515
            }
        }
    },
    "puzzle10": {
        "fen": "3rr3/2pq2pk/p2p1pnp/8/2QBPP2/1P6/P5PP/4RRK1 b - - ",
        "move": "e8e4",