{
    "move1": {
        "fen": "3R4/1p6/2b5/2P1k2p/p3p2P/P6r/1P2KB2/8 b - - 0 1",
        "move": "c6d5",
        "sorted saliencies": {
            "above threshold": {
                "c6": 1,
                "d5": 0.5557275458182549,
                "a2": 0.3949003477541586,
                "e7": 0.390625,
                "f3": 0.390625
            },
            "below threshold": {
                "a3": 0.2436807646326799,
                "h4": 0.22786634892929322,
                "h5": 0.22488324714084826,
                "a4": 0.22336805265930817,
                "e4": 0.22179981561647516,
                "b7": 0.21692227864207628,
                "b2": 0.20596984136143698,
                "h3": 0.12849466119064393,
                "d8": 0.04791242807864254,
                "f2": 0.04791242807864254
            }
        }
    }
}