{
    "move1": {
        "fen": "6k1/2p3np/1p1p2p1/3P4/1PPK1R2/6PB/7P/4r3 w - - 0 1",
        "move": "f4f6",
        "sorted saliencies": {
            "above threshold": {
                "b4": 1,
                "b6": 1,
                "c4": 1,
                "c7": 1,
                "d5": 1,
                "d6": 1,
                "e1": 1,
                "f4": 1,
                "g3": 1,
                "g6": 1,
                "g7": 1,
                "h2": 1,
                "h3": 1,
                "h7": 1,
                "f5": 0.6436742296824124,
                "f6": 0.6436742296824124,
                "b7": 0.39308305505510344,
                "c2": 0.39231759290839796,
                "d7": 0.390625
            },
            "below threshold": {}
        }
    }
}