{
    "move1": {
        "fen": "6k1/2p3np/1p1p2p1/3P4/1PPK1R2/6PB/7P/4r3 w - - 0 1",
        "move": "f4f6",
        "sorted saliencies": {
            "above threshold": {
                "f4": 1,
                "f5": 0.7,
                "f6": 0.7,
                "b7": 0.7,
                "c2": 0.7,
                "d7": 0.7
            },
            "below threshold": {
                "h7": 0.13951441234228346,
                "b6": 0.1392997237350214,
                "d6": 0.13895853075713785,
                "g6": 0.13794885718097125,
                "g3": 0.11947743785875597,
                "h2": 0.11733248011276166,
                "g7": 0.10322164478863596,
                "d5": 0.09123979118541281,
                "b4": 0.0863224443726525,
                "c4": 0.0863224443726525,
                "h3": 0.04278523995616691,
                "e1": 0.042758806680038036
            }
        }
    }
}