{
    "move1": {
        "fen": "6k1/2p3np/1p1p2p1/3P4/1PPK1R2/6PB/7P/4r3 w - - 0 1",
        "move": "f4f2",
        "sorted saliencies": {
            "above threshold": {
                "f4": 1,
                "f2": 0.7,
                "f3": 0.7,
                "h4": 0.7,
                "h6": 0.7,
                "h5": 0.7
            },
            "below threshold": {
                "g6": 0.10341327851477032,
                "h7": 0.101015551643593,
                "e1": 0.05520172752926851,
                "g7": 0.04593160676545991,
                "d6": 0.032402435380313614,
                "h3": 0.031982999251587
            }
        }
    }
}