{
    "move1": {
        "fen": "8/1p1b2k1/p1p1p1p1/2P1P2p/1P3P1P/P2B4/5K2/8 w - - 0 1",
        "move": "d3e4",
        "sorted saliencies": {
            "above threshold": {
                "d3": 1,
                "c3": 0.43496243613463187,
                "c2": 0.43175395256627097,
                "g4": 0.42999487467601927,
                "e4": 0.390625
            },
            "below threshold": {
                "b7": 0.039958929165270426,
                "f4": 0.028428204882767674,
                "d7": 0.018577173090074478,
                "e6": 0.00541513420283091,
                "g6": 0.0033807032112467064
            }
        }
    }
}