{
    "move1": {
        "fen": "8/6b1/4k2p/p1p1p1p1/2P1K1P1/PP3N1P/8/8 w - - 0 1",
        "move": "f3e1",
        "sorted saliencies": {
            "above threshold": {
                "f3": 1,
                "e1": 0.7,
                "h7": 0.7,
                "e2": 0.7,
                "e3": 0.7
            },
            "below threshold": {
                "h6": 0.17213732541512194,
                "g7": 0.09068049298307371,
                "e5": 0.042675339512422,
                "b3": 0.03289258980816177,
                "a5": 0.022223134508169422,
                "c4": 0.011561097086314549,
                "h3": 0.0014529135503363383
            }
        }
    }
}