{
    "move1": {
        "fen": "8/8/p4Bp1/1pPb2P1/1P2kp2/P7/5K2/8 w - - 0 1",
        "move": "f6d8",
        "sorted saliencies": {
            "above threshold": {
                "f6": 1,
                "d8": 0.78125,
                "e7": 0.78125,
                "d4": 0.390625,
                "c6": 0.390625,
                "c7": 0.390625
            },
            "below threshold": {
                "b4": 1.606098741577888e-18,
                "c5": 1.4332917918062145e-18,
                "a3": 9.76546626221309e-19
            }
        }
    }
}