{
    "move1": {
        "fen": "8/8/p4Bp1/1pPb2P1/1P2kp2/P7/5K2/8 w - - 0 1",
        "move": "f6d8",
        "sorted saliencies": {
            "above threshold": {
                "f6": 1,
                "e6": 0.45415526760455577,
                "f3": 0.4540071413643333,
                "e2": 0.4494004882155374,
                "d8": 0.390625,
                "e7": 0.390625
            },
            "below threshold": {
                "d5": 0.0508883269605801,
                "b5": 0.009022401477758023,
                "f4": 0.0026450673920794506,
                "a6": 0.002615494483721313
            }
        }
    }
}