{
    "move1": {
        "fen": "8/8/p4Bp1/1pPb2P1/1P2kp2/P7/5K2/8 w - - 0 1",
        "move": "f6d8",
        "sorted saliencies": {
            "above threshold": {
                "a3": 1,
                "a6": 1,
                "b4": 1,
                "b5": 1,
                "c5": 1,
                "d5": 1,
                "f4": 1,
                "f6": 1,
                "g5": 1,
                "g6": 1,
                "d8": 0.78125,
                "e7": 0.78125,
                "d4": 0.390625,
                "c6": 0.390625,
                "c7": 0.390625
            },
            "below threshold": {}
        }
    }
}