{
    "move1": {
        "fen": "2r3k1/4pp1p/3p2p1/p2R4/1r6/1P4P1/P3PP1P/R5K1 b - - 0 1",
        "move": "a5a4",
        "sorted saliencies": {
            "above threshold": {
                "a5": 1,
                "b4": 0.4849247058529365,
                "a4": 0.7294332659650202,
                "a3": 0.4117972729455081,
                "d4": 0.3911926396746928,
                "d2": 0.390625
            },
            "below threshold": {
                "a1": 0.087180657237653,
                "c8": 0.07616586131678961,
                "a2": 0.07263282153530382,
                "d5": 0.049730321398073755
            }
        }
    }
}