{
    "puzzle1": {
        "fen": "2q1rr1k/3bbnnp/p2p1pp1/2pPp3/PpP1P1P1/1P2BNNP/2BQ1PRK/7R b - - ",
        "move": "f8g8",
        "sorted saliencies": {
            "above threshold": {
                "f8": 1
            },
            "below threshold": {
                "h3": 0.034911398091997496,
                "a4": 0.027103468668266052,
                "d5": 0.022171641984954502,
                "e3": 0.01452122008305767,
                "g3": 0.01430726330766043,
                "g4": 0.014085774418455217,
                "g2": 0.011628178799574264,
                "h1": 0.009568776249161073,
                "f2": 0.00801467428992722,
                "d2": 0.00640054119916278,
                "f7": 0.0009595234853232293
            }
        }
    },
    "puzzle2": {
        "fen": "3r1k2/4npp1/1ppr3p/p6P/P2PPPP1/1NR5/5K2/2R5 w - - ",
        "move": "d4d5",
        "sorted saliencies": {
            "above threshold": {
                "d4": 1
            },
            "below threshold": {
                "b6": 0.13745607078120012,
                "c3": 0.1311913992034618,
                "c1": 0.12495960575994616,
                "e4": 0.12381803268363475,
                "f4": 0.12364071638491442,
                "a5": 0.1205656928682977,
                "e7": 0.1178285548562086,
                "h5": 0.08700039308779889,
                "d6": 0.08599859473943029,
                "h6": 0.06050277868761615,
                "c6": 0.0602204354952766,
                "g4": 0.04564658890208859,
                "d8": 0.04023991136490564,
                "g7": 0.030060044358444338,
                "f7": 0.012048066635743631
            }
        }
    },
    "puzzle3": {
        "fen": "rnbqkb1r/p3pppp/1p6/2ppP3/3N4/2P5/PPP1QPPP/R1B1KB1R w KQkq",
        "move": "e5e6",
        "sorted saliencies": {
            "above threshold": {
                "e5": 1,
                "d4": 0.5254281442153482,
                "f8": 0.5140733870636567,
                "e7": 0.5076440411963435,
                "e2": 0.47044968571792406,
                "d5": 0.40394681239584934,
                "c5": 0.4016652880117374
            },
            "below threshold": {
                "c8": 0.37752361535706214,
                "a8": 0.33798136107838594,
                "f7": 0.3322273859406973,
                "f2": 0.2657280123868593,
                "b6": 0.2349199330072659,
                "b8": 0.22232549294499773,
                "h8": 0.21761974689251057,
                "h7": 0.19462266419021407,
                "c2": 0.13213779886518315,
                "h2": 0.13112333016658895,
                "b2": 0.1187279547191709,
                "g7": 0.09327302344049705,
                "h1": 0.08724479460944728,
                "g2": 0.076892020529531,
                "c3": 0.03404986535707206,
                "c1": 0.030358764708575608
            }
        }
    },
    "puzzle4": {
        "fen": "2r3k1/pppR1pp1/4p3/4P1P1/5P2/1P4K1/P1P5/8 w - - ",
        "move": "g5g6",
        "sorted saliencies": {
            "above threshold": {
                "g5": 1
            },
            "below threshold": {
                "c8": 0.142015812720378,
                "f7": 0.1363646174839613,
                "e6": 0.12837038892944555,
                "b7": 0.09593184714983491,
                "c2": 0.07455214499541848,
                "e5": 0.06936802017210744,
                "d7": 0.06267613029243439,
                "g7": 0.05663200051102457,
                "b3": 0.0409078763389889,
                "a2": 0.03985339365204839,
                "f4": 0.014508443901532391
            }
        }
    },
    "puzzle5": {
        "fen": "4b3/p3kp2/6p1/3pP2p/2pP1P2/4K1P1/P3N2P/8 w - - ",
        "move": "f4f5",
        "sorted saliencies": {
            "above threshold": {
                "f4": 1
            },
            "below threshold": {
                "f7": 0.2713122490471251,
                "d5": 0.21681447886596447,
                "d4": 0.20185908435010402,
                "e5": 0.1870956672623952,
                "h5": 0.14878096212629072,
                "h2": 0.12232885797534351,
                "e8": 0.09259255625131631,
                "g3": 0.07560005037172496,
                "a2": 0.07401894664733338
            }
        }
    },
    "puzzle6": {
        "fen": "2kr1bnr/pbpq4/2n1pp2/3p3p/3P1P1B/2N2N1Q/PPP3PP/2KR1B1R w - - ",
        "move": "f1b5",
        "sorted saliencies": {
            "above threshold": {
                "f1": 1
            },
            "below threshold": {
                "d7": 0.0688697552390067,
                "e6": 0.06480987656923744,
                "b2": 0.05898327592250238,
                "h3": 0.04809139634937364,
                "h5": 0.044491526371075535,
                "f8": 0.04088399363152755,
                "h1": 0.023239546069877225,
                "h8": 0.021185070611235878,
                "g2": 0.020258893743677734,
                "h2": 0.015361112042598572,
                "c3": 0.014304699077099789,
                "c6": 0.013699165578398925,
                "c2": 0.010624174828600277
            }
        }
    },
    "puzzle7": {
        "fen": "2r1nrk1/p2q1ppp/bp1p4/n1pPp3/P1P1P3/2PBB1N1/4QPPP/R4RK1 w - - ",
        "move": "f2f4",
        "sorted saliencies": {
            "above threshold": {
                "f2": 1
            },
            "below threshold": {
                "d3": 0.09577133119432311,
                "e2": 0.07963783273581015,
                "c5": 0.06839673076066297,
                "a1": 0.06538757560045327,
                "e3": 0.0499471565713931,
                "c3": 0.047193148428564397,
                "a6": 0.04515305044246063,
                "c8": 0.04340747271177858,
                "g7": 0.04233788594502915,
                "f8": 0.042332578526482145,
                "a7": 0.03821934393640945,
                "e5": 0.02582927966832609,
                "a4": 0.02485714549081014,
                "d7": 0.022704498319716986,
                "h2": 0.01925603745911837,
                "a5": 0.017758987009443207,
                "g2": 0.01599755890629318,
                "d5": 0.01090703069713317,
                "b6": 0.010550758062149753,
                "f1": 0.00565118877186576
            }
        }
    },
    "puzzle8": {
        "fen": "r2q1rk1/4bppp/p2p4/2pP4/3pP3/3Q4/PP1B1PPP/R3R1K1 w - - ",
        "move": "b2b4",
        "sorted saliencies": {
            "above threshold": {
                "b2": 1
            },
            "below threshold": {
                "d3": 0.080173963364461,
                "d4": 0.04290388606782591,
                "a6": 0.041061097847038805,
                "e4": 0.04002633313464437,
                "g2": 0.03873223854385527,
                "a1": 0.03597406323202008,
                "d5": 0.03092827729081886,
                "c5": 0.028595128896785206,
                "d2": 0.028095182519125052,
                "e1": 0.025401551360498594,
                "d6": 0.02204258241245423,
                "f2": 0.01998740339533356
            }
        }
    },
    "puzzle9": {
        "fen": "r2q1rk1/1ppnbppp/p2p1nb1/3Pp3/2P1P1P1/2N2N1P/PPB1QP2/R1B2RK1 b - - ",
        "move": "h7h5",
        "sorted saliencies": {
            "above threshold": {
                "h7": 1
            },
            "below threshold": {
                "e4": 0.11840396798110538,
                "g4": 0.11044862051260292,
                "f7": 0.09777327989965938,
                "e7": 0.09316074395548031,
                "g6": 0.08269074040826585,
                "f2": 0.08196730374465257,
                "f6": 0.07971755361679086,
                "c1": 0.06745597115761387,
                "c3": 0.06291347443888826,
                "b2": 0.061169820680544114,
                "d8": 0.05958540737535597,
                "a6": 0.0587141001632152,
                "c2": 0.05863572165297768,
                "c7": 0.05474556828348924,