{
    "move1": {
        "fen": "8/4k3/p1B4p/2K5/1P4bP/8/8/8 b - - 0 1",
        "move": "g4e2",
        "sorted saliencies": {
            "above threshold": {
                "g4": 1,
                "c6": 0.5274149658272435,
                "h6": 0.5100573856857069,
                "h4": 0.4656433311126321
            },
            "below threshold": {
                "b4": 0.0635722814874175,
                "a6": 0.060398507853998785
            }
        }
    }
}