{
    "move1": {
        "fen": "4b3/5k2/4p1p1/3pP2p/2pP1P1P/2P5/6N1/2K5 w - - 0 1",
        "move": "g2e1",
        "sorted saliencies": {
            "above threshold": {
                "g2": 1,
                "e1": 0.7,
                "g7": 0.7,
                "e3": 0.7,
                "e2": 0.7
            },
            "below threshold": {
                "e5": 0.33085414052193207,
                "c3": 0.3271054311362098,
                "d4": 0.3095719650429908,
                "h5": 0.30033605817442144,
                "g6": 0.28804488112724824,
                "e6": 0.2833529715524648,
                "d5": 0.2599165226938974,
                "e8": 0.24977745330965148,
                "c4": 0.08128951433257445
            }
        }
    }
}