{
    "puzzle1": {
        "fen": "2q1rr1k/3bbnnp/p2p1pp1/2pPp3/PpP1P1P1/1P2BNNP/2BQ1PRK/7R b - - ",
        "move": "c8d8",
        "sorted saliencies": {
            "above threshold": {
                "c8": 1,
                "e7": 0.4183830374620219,
                "f7": 0.41110378487380417,
                "d7": 0.3947024834909406,
                "b3": 0.6103357916140183,
                "d8": 0.6944447214469871,
                "e2": 0.4182439996038147,
                "h4": 0.3915832211007354,
                "h6": 0.390625
            },
            "below threshold": {
                "h3": 0.08678297713444678,
                "g4": 0.059436167914919326,
                "d5": 0.05479241019003491,
                "c5": 0.05345065135768925,
                "d2": 0.051528430812886286,
                "e4": 0.04021386676672997,
                "c4": 0.033137093883636295,
                "d6": 0.02673144020804329,
                "f3": 0.022947848721352762,
                "e3": 0.02139993115553892,
                "b4": 0.020279878706375265,
                "e5": 0.018429806310485696,
                "f2": 0.017746960329457308,
                "f6": 0.017596466644719568,
                "c2": 0.013596994987684853,
                "a4": 0.013023408978837225,
                "h1": 0.012569371803758797,
                "g3": 0.011642873663583053,
                "a6": 0.005292535914165106,
                "g2": 0.0051514051683123644,
                "h7": 0.0013104191989371536
            }
        }
    },
    "puzzle2": {
        "fen": "3r1k2/4npp1/1ppr3p/p6P/P2PPPP1/1NR5/5K2/2R5 w - - ",
        "move": "d4d5",
        "sorted saliencies": {
            "above threshold": {
                "d4": 1,
                "d5": 0.7062825633018094,
                "c2": 0.39100790166872923,
                "c4": 0.39069301321997146,
                "c5": 0.390625
            },
            "below threshold": {
                "b6": 0.06537120411325532,
                "f4": 0.05774182452539083,
                "e7": 0.05068910078974282,
                "a5": 0.04976019272382829,
                "e4": 0.04974503773203089,
                "c3": 0.048676656432201273,
                "h5": 0.04765190822427465,
                "c1": 0.02824259569303189,
                "d6": 0.024018990869818475,
                "d8": 0.023177279612483892,
                "h6": 0.021649495617767953,
                "g7": 0.0046821980150783425
            }
        }
    },
    "puzzle3": {
        "fen": "rnbqkb1r/p3pppp/1p6/2ppP3/3N4/2P5/PPP1QPPP/R1B1KB1R w KQkq",
        "move": "e5e6",
        "sorted saliencies": {
            "above threshold": {
                "e5": 1,
                "d4": 0.6752685086965938,
                "f7": 0.5213065278447034,
                "e6": 0.582816264472625,
                "d7": 0.43086112192562975,
                "d6": 0.43052882595877795,
                "c7": 0.390625
            },
            "below threshold": {
                "e7": 0.27869235891165745,
                "f8": 0.25680960604912917,
                "d5": 0.24034629036848587,
                "a8": 0.16967028327398725,
                "c5": 0.16790936587739744,
                "h7": 0.11628487735869218,
                "c8": 0.11129752608570352,
                "e2": 0.09973252307913676,
                "h8": 0.09754536569990205,
                "f2": 0.027515021752098297,
                "b8": 0.011276081662596001,
                "c1": 0.006253537964447765,
                "b6": 0.006172076819275709,
                "a1": 0.00284868112236042
            }
        }
    },
    "puzzle4": {
        "fen": "2r3k1/pppR1pp1/4p3/4P1P1/5P2/1P4K1/P1P5/8 w - - ",
        "move": "g5g6",
        "sorted saliencies": {
            "above threshold": {
                "g5": 1,
                "a2": 0.3929686659300578,
                "g6": 0.6335594874528663,
                "e2": 0.3911794066182594,
                "e3": 0.3907043401467917,
                "e4": 0.390625
            },
            "below threshold": {
                "c8": 0.13694823791767255,
                "d7": 0.12411263702754523,
                "g7": 0.11599343470892118,
                "f7": 0.051935243800179366,
                "e6": 0.03393573338244131,
                "e5": 0.024193391028677916,
                "c7": 0.009929940230375614,
                "f4": 0.0037838293455665604
            }
        }
    },
    "puzzle5": {
        "fen": "4b3/p3kp2/6p1/3pP2p/2pP1P2/4K1P1/P3N2P/8 w - - ",
        "move": "f4f5",
        "sorted saliencies": {
            "above threshold": {
                "f4": 1,
                "g6": 0.5888565631848163,
                "e2": 0.4610166851786633,
                "f5": 0.5384395889399857,
                "g2": 0.4119667558909704,
                "e4": 0.3983395108363672,
                "h6": 0.390625
            },
            "below threshold": {
                "h5": 0.2487675874118749,
                "f7": 0.24188959228938756,
                "d4": 0.2401307222997626,
                "e5": 0.21947341006275742,
                "g3": 0.19476728081480774,
                "h2": 0.17051809257564893,
                "d5": 0.15245966620728588,
                "a7": 0.1259893013456677,
                "a2": 0.09149257013486899,
                "e8": 0.034775751417760924,
                "c4": 0.03162864348754556
            }
        }
    },
    "puzzle6": {
        "fen": "2kr1bnr/pbpq4/2n1pp2/3p3p/3P1P1B/2N2N1Q/PPP3PP/2KR1B1R w - - ",
        "move": "d1e1",
        "sorted saliencies": {
            "above threshold": {
                "d1": 1,
                "f3": 0.4693485304137337,
                "f4": 0.4767540121808309,
                "d4": 0.4527207153325283,
                "e1": 0.7080548443487547,
                "d6": 0.4046605146796603,
                "c5": 0.3915870255795846,
                "c4": 0.390625
            },
            "below threshold": {
                "d5": 0.07842925468101958,
                "d7": 0.0389194857196468,
                "e6": 0.03250677261760474,
                "c3": 0.015400800451610804,
                "f6": 0.01182702198942371,
                "h8": 0.010333696663215345,
                "f8": 0.00883813094745877,
                "h3": 0.007687606529852791,
                "d8": 0.004624809451633462,
                "a2": 0.004452712533692743,
                "b7": 0.003116819232967294,
                "g2": 0.0019465771308760263
            }
        }
    },
    "puzzle7": {
        "fen": "2r1nrk1/p2q1ppp/bp1p4/n1pPp3/P1P1P3/2PBB1N1/4QPPP/R4RK1 w - - ",
        "move": "f2f4",
        "sorted saliencies": {
            "above threshold": {
                "f2": 1,
                "e5": 0.42589535739232387,
                "e3": 0.4154086215027894,
                "f3": 0.6886658814106579,
                "f4": 0.6886658814106579,
                "a3": 0.39125084155336753,
                "a2": 0.39064185174073307,
                "d4": 0.390625
            },
            "below threshold": {
                "d3": 0.07260052086439667,
                "e2": 0.04247518036309783,
                "c5": 0.02157490758286172,
                "a6": 0.021437083283677823,
                "e8": 0.01908993502222439,
                "g7": 0.015880446526477698,
                "d5": 0.014460563085989291,
                "c3": 0.013279314442329332,
                "d7": 0.010267372186937627,
                "h2": 0.00988672050607165,
                "a5": 0.008254793908141215,
                "c4": 0.005166021459788437,
                "a4": 0.0032535757008977898
            }
        }
    },
    "puzzle8": {
        "fen": "r2q1rk1/4bppp/p2p4/2pP4/3pP3/3Q4/PP1B1PPP/R3R1K1 w - - ",
        "move": "b2b4",
        "sorted saliencies": {
            "above threshold": {
                "b2": 1,
                "c5": 0.42233473191699095,
                "d2": 0.395962539412313,