{
    "move1": {
        "fen": "3R4/1p6/2b5/2P1k2p/p3p2P/P6r/1P2KB2/8 b - - 0 1",
        "move": "c6d5",
        "sorted saliencies": {
            "above threshold": {
                "a3": 1,
                "a4": 1,
                "b2": 1,
                "b7": 1,
                "c5": 1,
                "c6": 1,
                "d8": 1,
                "e4": 1,
                "f2": 1,
                "h3": 1,
                "h4": 1,
                "h5": 1,
                "d5": 0.4501965445697426,
                "b6": 0.39339418018381583,
                "b4": 0.39289918848286365,
                "b3": 0.390625
            },
            "below threshold": {}
        }
    }
}