{
    "move1": {
        "fen": "3R4/1p6/2b5/2P1k2p/p3p2P/P6r/1P2KB2/8 b - - 0 1",
        "move": "c6d5",
        "sorted saliencies": {
            "above threshold": {
                "c6": 1,
                "d5": 0.4501965445697426,
                "b6": 0.39339418018381583,
                "b4": 0.39289918848286365,
                "b3": 0.390625
            },
            "below threshold": {
                "d8": 0.357462643828527,
                "h4": 0.3364157354221993,
                "b2": 0.3318675297408629,
                "f2": 0.31779987289000217,
                "a3": 0.31227303178121896,
                "h5": 0.29875147775223737,
                "a4": 0.29832310919878363,
                "e4": 0.27970346471926233,
                "h3": 0.25746513538736854,
                "b7": 0.23140612413688308
            }
        }
    }
}