{
    "move1": {
        "fen": "8/4k3/p1B4p/2K5/1P4bP/8/8/8 b - - 0 1",
        "move": "g4e2",
        "sorted saliencies": {
            "above threshold": {
                "a6": 1,
                "b4": 1,
                "c6": 1,
                "g4": 1,
                "h4": 1,
                "h6": 1,
                "e2": 0.7116429418802958,
                "f3": 0.7116429418802958,
                "d3": 0.4728195721982674,
                "d2": 0.4531673475743397,
                "d4": 0.390625
            },
            "below threshold": {}
        }
    }
}