{
    "move1": {
        "fen": "8/4k3/p1B4p/2K5/1P4bP/8/8/8 b - - 0 1",
        "move": "g4e2",
        "sorted saliencies": {
            "above threshold": {
                "g4": 1,
                "b3": 0.5295089595082558,
                "d2": 0.522774405694044,
                "b2": 0.5175820891410237,
                "e2": 0.390625,
                "f3": 0.390625
            },
            "below threshold": {
                "c6": 0.06209642309187903,
                "h4": 0.058677893635103597,
                "a6": 0.04299030651502501,
                "b4": 0.032046440747430203,
                "h6": 0.0015733734001516714
            }
        }
    }
}