{
    "move1": {
        "fen": "8/4k3/p1B4p/2K5/1P4bP/8/8/8 b - - 0 1",
        "move": "g4e2",
        "sorted saliencies": {
            "above threshold": {
                "g4": 1,
                "e2": 0.7116429418802958,
                "f3": 0.7116429418802958,
                "d3": 0.4728195721982674,
                "d2": 0.4531673475743397,
                "d4": 0.390625
            },
            "below threshold": {
                "c6": 0.06209642309187903,
                "h4": 0.04112620778838575,
                "a6": 0.03872645226220349,
                "h6": 0.03831455801927347,
                "b4": 0.032046440747430203
            }
        }
    }
}