{
    "move1": {
        "fen": "8/1ppr1kp1/p1p4p/8/8/5P2/PPP1RKPP/8 w - - 0 1",
        "move": "f2e3",
        "sorted saliencies": {
            "above threshold": {
                "f2": 1,
                "e3": 0.6981360206386305,
                "e5": 0.39114315036929026,
                "e6": 0.39114315036929026,
                "e4": 0.390625
            },
            "below threshold": {
                "f3": 0.015524622225426625,
                "d7": 0.006658152613982096
            }
        }
    }
}