{
    "move1": {
        "fen": "8/1pk3pp/p7/3p1p2/8/3K2P1/PP2PP1P/8 w - - 0 1",
        "move": "d3d4",
        "sorted saliencies": {
            "above threshold": {
                "d3": 1,
                "d4": 0.5882566241650942,
                "b3": 0.406476685358344,
                "b5": 0.390625,
                "b6": 0.390625
            },
            "below threshold": {
                "b2": 0.20897542869753005,
                "a2": 0.1952709664638835,
                "a6": 0.12449004593292079,
                "d5": 0.10223890299960244,
                "f5": 0.09406933303825354,
                "e2": 0.0872694792156342,
                "b7": 0.06354229355693872,
                "g7": 0.05106405901285279,
                "h7": 0.0028795855454327645
            }
        }
    }
}