{
    "move1": {
        "fen": "4b3/pp2kp1p/5bp1/8/8/4P3/PP2NPPP/3N2K1 w - - 0 1",
        "move": "d1c3",
        "sorted saliencies": {
            "above threshold": {
                "d1": 1,
                "b6": 0.4759017591186521,
                "b5": 0.4738044628650415,
                "b4": 0.4704080274644885,
                "e2": 0.3996451826192994,
                "c3": 0.390625
            },
            "below threshold": {
                "f6": 0.027853695559434066,
                "e8": 0.024253215754590166,
                "b7": 0.01974509761963399,
                "e3": 0.012851429389853862,
                "g6": 0.010322235370021953,
                "h7": 0.010080516829003886,
                "a7": 0.007969290787493038
            }
        }
    }
}