{
    "move1": {
        "fen": "8/6b1/4k2p/p1p1p1p1/2P1K1P1/PP3N1P/8/8 w - - 0 1",
        "move": "f3g1",
        "sorted saliencies": {
            "above threshold": {
                "f3": 1,
                "g1": 0.6013253791961132,
                "h7": 0.403226204631918,
                "e3": 0.39161355381087765,
                "d4": 0.390625
            },
            "below threshold": {
                "h6": 0.19097367633422144,
                "g7": 0.1899416523807454,
                "c5": 0.17576607361727042,
                "g5": 0.1364789283268045,
                "a5": 0.12103061047696978,
                "g4": 0.11285765697638363,
                "c4": 0.10197837355260225,
                "e5": 0.09296550223067467,
                "b3": 0.07009188850197362,
                "a3": 0.040177572813226606,
                "h3": 0.010529011155399755
            }
        }
    }
}