{
    "move1": {
        "fen": "8/4k3/r4pp1/pR6/P4KP1/5P2/8/8 w - - 0 1",
        "move": "f4e4",
        "sorted saliencies": {
            "above threshold": {
                "b5": 0.523474745944423,
                "g4": 0.4750421933323468,
                "g6": 0.43214396106148534,
                "f3": 0.43184235333618043,
                "a4": 0.41878319405240366,
                "f6": 0.41871747497070627,
                "a6": 0.38333866872739913,
                "a5": 0.03203692821204315
            },
            "below threshold": {}
        }
    }
}