{
    "move1": {
        "fen": "8/p1p1k3/1p1p2p1/3Pq2p/2P1P3/1P3QPK/P7/8 w - - 0 1",
        "move": "g3g4",
        "sorted saliencies": {
            "above threshold": {
                "g3": 1,
                "f3": 0.4102853568139495,
                "g4": 0.5675980667875969,
                "c5": 0.4076625467802676,
                "b4": 0.39679439309862186,
                "a3": 0.390625
            },
            "below threshold": {
                "c4": 0.23148015938469424,
                "b3": 0.227887074179151,
                "d5": 0.22519680651623203,
                "a2": 0.2080516326491481,
                "g6": 0.20753925169114895,
                "d6": 0.1935271025722634,
                "e5": 0.18209485780376844,
                "a7": 0.17497717715499078,
                "b6": 0.16967988277338636,
                "c7": 0.14251614480197242,
                "e4": 0.10476535943700956,
                "h5": 0.04766370196215621
            }
        }
    }
}