{
    "puzzle1": {
        "fen": "2q1rr1k/3bbnnp/p2p1pp1/2pPp3/PpP1P1P1/1P2BNNP/2BQ1PRK/7R b - - ",
        "move": "f8g8",
        "sorted saliencies": {
            "above threshold": {
                "f8": 1,
                "e8": 0.5121175321513337,
                "g8": 0.6695952507592859,
                "a3": 0.40252558366064,
                "e6": 0.40116653721497725,
                "c3": 0.390625
            },
            "below threshold": {
                "d7": 0.12314637941883486,
                "e7": 0.12220353324147976,
                "f7": 0.10889761491376033,
                "h1": 0.10318407197615366,
                "c8": 0.08686880332838853,
                "d5": 0.03674025246734783,
                "a4": 0.015906314393149885,
                "h3": 0.015904472411813645,
                "c4": 0.011139510847268653,
                "e5": 0.009476832847814339,
                "f2": 0.00673106927796664
            }
        }
    },
    "puzzle2": {
        "fen": "3r1k2/4npp1/1ppr3p/p6P/P2PPPP1/1NR5/5K2/2R5 w - - ",
        "move": "d4d5",
        "sorted saliencies": {
            "above threshold": {
                "d4": 1,
                "d5": 0.3922212632734827,
                "f6": 0.4004219677550559,
                "d7": 0.39480306262742926,
                "e6": 0.390625
            },
            "below threshold": {
                "a5": 0.3783358844987697,
                "h5": 0.3751441881920487,
                "f4": 0.37413719284701097,
                "g4": 0.358316417435513,
                "b6": 0.2566600010314312,
                "e4": 0.23940267477607555,
                "c1": 0.1820191321467238,
                "e7": 0.1047898354793424,
                "d8": 0.09363385072224863,
                "c3": 0.07801524858439493,
                "d6": 0.044162127701170305
            }
        }
    },
    "puzzle3": {
        "fen": "rnbqkb1r/p3pppp/1p6/2ppP3/3N4/2P5/PPP1QPPP/R1B1KB1R w KQkq",
        "move": "e5e6",
        "sorted saliencies": {
            "above threshold": {
                "e5": 1,
                "d4": 0.7280836554404737,
                "e7": 0.540431597408843,
                "c8": 0.4499753118802901,
                "f8": 0.432135993053429,
                "f7": 0.4278188906099108,
                "e6": 0.390625,
                "c4": 0.5143883913779059,
                "d3": 0.4764487536743751,
                "c7": 0.47386466082140355
            },
            "below threshold": {
                "a8": 0.37522492984205297,
                "g2": 0.3502303449725835,
                "d5": 0.30177476792296953,
                "d8": 0.28190695441067143,
                "h8": 0.2240036917374838,
                "c2": 0.07776171523938878,
                "c3": 0.06371014950005316,
                "h2": 0.02388630087460358
            }
        }
    },
    "puzzle4": {
        "fen": "2r3k1/pppR1pp1/4p3/4P1P1/5P2/1P4K1/P1P5/8 w - - ",
        "move": "g5g6",
        "sorted saliencies": {
            "above threshold": {
                "g5": 1,
                "f4": 0.8185520691230693,
                "e5": 0.8115012935142161,
                "b3": 0.7717709788830357,
                "c2": 0.7710542886690878,
                "a2": 0.7351804640055802,
                "d7": 0.5570927568852705,
                "g6": 0.390625,
                "e7": 0.8328666724023782,
                "h6": 0.8299253976231988,
                "h7": 0.8299253976231988
            },
            "below threshold": {
                "f7": 0.26220510500378574,
                "e6": 0.24742057386099423,
                "c8": 0.13461341264115406,
                "c7": 0.11161370557265701
            }
        }
    },
    "puzzle5": {
        "fen": "4b3/p3kp2/6p1/3pP2p/2pP1P2/4K1P1/P3N2P/8 w - - ",
        "move": "f4f5",
        "sorted saliencies": {
            "above threshold": {
                "f4": 1,
                "f5": 0.584138404699248,
                "g6": 0.390625,
                "g5": 0.479500254616244,
                "d7": 0.3937485538447263,
                "e6": 0.390625
            },
            "below threshold": {
                "h5": 0.22052790310945272,
                "d5": 0.18797194926223187,
                "e2": 0.16475418262254987,
                "g3": 0.14037344118624848,
                "e5": 0.12199608742413334,
                "d4": 0.09254931598647127,
                "e8": 0.08913363059984779
            }
        }
    },
    "puzzle6": {
        "fen": "2kr1bnr/pbpq4/2n1pp2/3p3p/3P1P1B/2N2N1Q/PPP3PP/2KR1B1R w - - ",
        "move": "f1b5",
        "sorted saliencies": {
            "above threshold": {
                "f1": 1,
                "b5": 0.6498195057469225,
                "c4": 0.6498195057469225,
                "c6": 0.390625,
                "d3": 0.6498195057469225,
                "e2": 0.6498195057469225,
                "a6": 0.43117009380223914,
                "h7": 0.3949020444164253,
                "b6": 0.390625
            },
            "below threshold": {
                "h3": 0.12977701379132037,
                "g8": 0.12504371084146856,
                "e6": 0.11552737169365353,
                "d7": 0.114916936941005,
                "h1": 0.08522304894548287,
                "b2": 0.0675444285473321,
                "g2": 0.06531336248093025,
                "h2": 0.06354011623972249,
                "h5": 0.047074527682059476,
                "c2": 0.04221594559309383,
                "a2": 0.023887198226426456,
                "d1": 0.023873920116606388
            }
        }
    },
    "puzzle7": {
        "fen": "2r1nrk1/p2q1ppp/bp1p4/n1pPp3/P1P1P3/2PBB1N1/4QPPP/R4RK1 w - - ",
        "move": "g3f5",
        "sorted saliencies": {
            "above threshold": {
                "g3": 1,
                "f5": 0.6692370653833037,
                "e6": 0.4110589011272321,
                "g6": 0.3958412091346693,
                "b3": 0.390625
            },
            "below threshold": {
                "d7": 0.11152838944119538,
                "d6": 0.070426106103226,
                "c3": 0.06588866701191576,
                "c5": 0.0570176900163523,
                "a4": 0.05129485354304153,
                "c4": 0.03211834976705601,
                "d5": 0.027109649593461915,
                "g2": 0.01745745831218133,
                "d3": 0.011618338168538682,
                "a5": 0.011225946653797298,
                "f2": 0.008515096419454611,
                "c8": 0.005004333219333244
            }
        }
    },
    "puzzle8": {
        "fen": "r2q1rk1/4bppp/p2p4/2pP4/3pP3/3Q4/PP1B1PPP/R3R1K1 w - - ",
        "move": "b2b4",
        "sorted saliencies": {
            "above threshold": {
                "b2": 1,
                "b3": 0.7047387746715494,
                "b4": 0.7047387746715494,
                "c5": 0.390625,
                "a5": 0.4173880411533915,
                "f6": 0.3923747413867833,
                "c7": 0.390625
            },
            "below threshold": {
                "d8": 0.07435334788621492,
                "g7": 0.07217178123154892,
                "d3": 0.032250040000692766,
                "a6": 0.03113204817206115
            }
        }
    },
    "puzzle9": {
        "fen": "r2q1rk1/1ppnbppp/p2p1nb1/3Pp3/2P1P1P1/2N2N1P/PPB1QP2/R1B2RK1 b - - ",
        "move": "c7c6",
        "sorted saliencies": {
            "above threshold": {
                "c7": 1,
                "c6": 0.6855100494244394,
                "f4": 0.3960389096486076,
                "b5": 0.395105695320939,
                "d3": 0.390625
            },
            "below threshold": {
                "b7": 0.10146091515193371,
                "d8": 0.08828994277040744,
                "a8": 0.0818780160799851,
                "f6": 0.07671820425315111,
                "g6": 0.06604251659946066,
                "f8": 0.04764700798422016,
                "h3": 0.023535128025118812,