{
    "puzzle1": {
        "fen": "2q1rr1k/3bbnnp/p2p1pp1/2pPp3/PpP1P1P1/1P2BNNP/2BQ1PRK/7R b - - ",
        "move": "f8g8",
        "sorted saliencies": {
            "above threshold": {
                "f8": 1,
                "e2": 0.44652992165885635,
                "g8": 0.390625
            },
            "below threshold": {
                "e7": 0.07000606244849841,
                "d7": 0.06887116682454784,
                "e8": 0.06188300383555151,
                "c8": 0.06182701739618233,
                "h1": 0.04229509125654567,
                "f7": 0.031201852531855923
            }
        }
    },
    "puzzle2": {
        "fen": "3r1k2/4npp1/1ppr3p/p6P/P2PPPP1/1NR5/5K2/2R5 w - - ",
        "move": "d4d5",
        "sorted saliencies": {
            "above threshold": {
                "d4": 1,
                "f6": 0.7891733513103221,
                "f5": 0.7875307499957565,
                "a6": 0.7855401035282625,
                "h5": 0.3998457739269728,
                "f4": 0.39693120640767066,
                "a5": 0.39456254010010455,
                "d5": 0.390625
            },
            "below threshold": {
                "g4": 0.37683784218491456,
                "b6": 0.25836036967336506,
                "e4": 0.24715547085299427,
                "c1": 0.18154429953594942,
                "e7": 0.10475349878345416,
                "d8": 0.09854488130340817,
                "c3": 0.08774954168183009
            }
        }
    },
    "puzzle3": {
        "fen": "rnbqkb1r/p3pppp/1p6/2ppP3/3N4/2P5/PPP1QPPP/R1B1KB1R w KQkq",
        "move": "e5e6",
        "sorted saliencies": {
            "above threshold": {
                "e5": 1,
                "d3": 0.8561620854117391,
                "g5": 0.787263324583193,
                "g6": 0.7871868528624187,
                "d4": 0.7603471746718302,
                "e7": 0.537565636568345,
                "c8": 0.45041738831517814,
                "f8": 0.432135993053429,
                "f7": 0.43117955117813106,
                "a8": 0.39266757686824777,
                "e6": 0.390625
            },
            "below threshold": {
                "g2": 0.3502303449725835,
                "d5": 0.3008410376638191,
                "d8": 0.2832589076035147,
                "h8": 0.24080436601730668,
                "c2": 0.07776171523938878,
                "c3": 0.07626728142066326,
                "h2": 0.01875426076490151
            }
        }
    },
    "puzzle4": {
        "fen": "2r3k1/pppR1pp1/4p3/4P1P1/5P2/1P4K1/P1P5/8 w - - ",
        "move": "g5g6",
        "sorted saliencies": {
            "above threshold": {
                "f6": 1.2107404301105757,
                "f5": 1.2081995316568475,
                "c5": 1.1778324079498805,
                "g5": 1,
                "f4": 0.8186431390376119,
                "e5": 0.8111803291134623,
                "b3": 0.7771921626271145,
                "c2": 0.7723246922045551,
                "a2": 0.7351804640055802,
                "d7": 0.5524540502383025,
                "g6": 0.390625
            },
            "below threshold": {
                "e6": 0.24995197702505426,
                "f7": 0.20759217999840782,
                "c8": 0.1342487182971211,
                "c7": 0.11185923240242204
            }
        }
    },
    "puzzle5": {
        "fen": "4b3/p3kp2/6p1/3pP2p/2pP1P2/4K1P1/P3N2P/8 w - - ",
        "move": "f4f5",
        "sorted saliencies": {
            "above threshold": {
                "f4": 1,
                "h6": 0.6920634644164773,
                "h7": 0.6920634644164773,
                "d6": 0.6547391393216149,
                "f5": 0.47294548051194363,
                "g6": 0.47294548051194363
            },
            "below threshold": {
                "h5": 0.21517729857485063,
                "d5": 0.18640160133514674,
                "e2": 0.1643907389032912,
                "g3": 0.14037344118624848,
                "e5": 0.12395063944543912,
                "d4": 0.0928051302596379,
                "e8": 0.08661407148421035
            }
        }
    },
    "puzzle6": {
        "fen": "2kr1bnr/pbpq4/2n1pp2/3p3p/3P1P1B/2N2N1Q/PPP3PP/2KR1B1R w - - ",
        "move": "f1b5",
        "sorted saliencies": {
            "above threshold": {
                "f1": 1,
                "c5": 0.5196772504015703,
                "e7": 0.5045808220582817,
                "b6": 0.470017106754898,
                "b5": 0.390625,
                "c4": 0.390625,
                "c6": 0.390625,
                "d3": 0.390625,
                "e2": 0.390625
            },
            "below threshold": {
                "h3": 0.1300270192438251,
                "g8": 0.12461779977086017,
                "e6": 0.1084139098353086,
                "h1": 0.08561819098378341,
                "d7": 0.07469451809677646,
                "b2": 0.0680891925459027,
                "g2": 0.0649358775522357,
                "h2": 0.0632965949550616,
                "h5": 0.0481610755239164,
                "c2": 0.04202268045825392,
                "a2": 0.02363348643945791,
                "d1": 0.018863279936655854
            }
        }
    },
    "puzzle7": {
        "fen": "2r1nrk1/p2q1ppp/bp1p4/n1pPp3/P1P1P3/2PBB1N1/4QPPP/R4RK1 w - - ",
        "move": "g3f5",
        "sorted saliencies": {
            "above threshold": {
                "g3": 1,
                "a3": 0.48209489123086946,
                "a2": 0.48136162645571223,
                "d4": 0.48025518631636843,
                "f5": 0.390625
            },
            "below threshold": {
                "d7": 0.11074271336111544,
                "c3": 0.06465811058559555,
                "c5": 0.05577249909782799,
                "a4": 0.04981117971208705,
                "d6": 0.047883102965857204,
                "c4": 0.031055577200624563,
                "d5": 0.025755553929422494,
                "g2": 0.015226372075551052,
                "a5": 0.01088594658727081,
                "d3": 0.006309470444950959,
                "f2": 0.005619571705058669
            }
        }
    },
    "puzzle8": {
        "fen": "r2q1rk1/4bppp/p2p4/2pP4/3pP3/3Q4/PP1B1PPP/R3R1K1 w - - ",
        "move": "b2b4",
        "sorted saliencies": {
            "above threshold": {
                "b2": 1,
                "e3": 0.453460743343932,
                "e2": 0.4531277736692059,
                "a7": 0.41888721590074834,
                "b3": 0.390625,
                "b4": 0.390625,
                "c5": 0.390625
            },
            "below threshold": {
                "d8": 0.07695281937566628,
                "g7": 0.07352173520434221,
                "d3": 0.032320356379769245,
                "a6": 0.027956211116928968
            }
        }
    },
    "puzzle9": {
        "fen": "r2q1rk1/1ppnbppp/p2p1nb1/3Pp3/2P1P1P1/2N2N1P/PPB1QP2/R1B2RK1 b - - ",
        "move": "c7c6",
        "sorted saliencies": {
            "above threshold": {
                "c7": 1,
                "g2": 0.4650887257200616,
                "g3": 0.4650887257200616,
                "h4": 0.4140316747249178,
                "c6": 0.390625
            },
            "below threshold": {
                "d8": 0.09704589423149258,
                "b7": 0.09343105417172558,
                "a8": 0.0836547447274006,
                "f6": 0.07779068790988669,
                "g6": 0.074868869628532,
                "h3": 0.027205944052931575,
                "f8": 0.021294192813002516,
                "d5": 0.01280654043853515,
                "b2": 0.007852992203408954,
                "a2": 0.007018593807498198
            }
        }
    },
    "puzzle10": {
        "fen": "r4k2/pb2bp1r/1p1qp2p/3pNp2/3P1P2/2N3P1/PPP1Q2P/2KRR3 w - - ",
        "move": "g3g4",
        "sorted saliencies": {
            "above threshold": {
                "g3": 1,
                "g6": 0.9697458930566119,
                "g5": 0.9690181550372959,