{
    "move1": {
        "fen": "8/5b2/1k2p1p1/2NpP1P1/1K1P4/8/8/8 w - - 0 1",
        "move": "c5a4",
        "sorted saliencies": {
            "above threshold": {
                "c5": 1
            },
            "below threshold": {
                "g6": 0.3381654927016636,
                "f7": 0.33718928941675164,
                "e6": 0.3318519108981606,
                "e5": 0.3247860828085377,
                "d5": 0.10322025107495546,
                "g5": 0.09858445832288211,
                "d4": 0.01877120770400275
            }
        }
    }
}