{
    "Air": {
        "fen": "3r2k1/pRp2pp1/7p/8/8/8/PPP2PPP/6K1 w - - 0 1",
        "best move": "g1f1",
        "sorted saliencies": {
            "above threshold": {
                "g2": 0.22804878693558353,
                "d8": 0.22718242037320963,
                "h2": 0.2174772655256224,
                "f2": 0.1914239140666158,
                "c2": 0.14416667702665562,
                "b7": 0.11886705721616977
            },
            "below threshold": {
                "b2": 0.10295768223388095,
                "a2": 0.07887240140675758,
                "a7": 0.07013905302796068,
                "h6": 0.064277328938314,
                "f7": 0.05905740263553761,
                "g7": 0.03310087218437142
            }
        }
    },
    "BlockExchange": {
        "fen": "3r1rk1/1pb1pppp/p1n2q2/8/3P2b1/1NP1PN2/PPQ2PPP/R3R1K1 w - - 1 1",
        "best move": "b3d2",
        "sorted saliencies": {
            "above threshold": {
                "b3": 1,
                "f6": 0.12093831976361331,
                "g4": 0.11460263480520054,
                "f3": 0.09317124147662913
            },
            "below threshold": {
                "f2": 0.06808791717038676,
                "d8": 0.051344587112041255,
                "g7": 0.04097422160750209,
                "c6": 0.031637294777148266,
                "h7": 0.029882912545064623,
                "h2": 0.023615205770314843,
                "c7": 0.017927671848903783,
                "a1": 0.00833418460534106,
                "f8": 0.00766662137937943,
                "e7": 0.0063724436866339045,
                "b7": 0.004375081466185815,
                "a6": 0.0030559353015935263,
                "b2": 0.0011882982156948374
            }
        }
    },
    "ChangePawnStructure": {
        "fen": "r1bq1rk1/pp1nppbp/2p2np1/3p4/2PP1B2/2NBPN2/PP3PPP/R2QK2R w KQ - 3 8",
        "best move": "c4d5",
        "sorted saliencies": {
            "above threshold": {
                "c4": 1,
                "d5": 1
            },
            "below threshold": {
                "d7": 0.031092152408186247,
                "f3": 0.03016350873001711,
                "f4": 0.028218617749794537,
                "h2": 0.023944955256118176,
                "b7": 0.017802945082024766,
                "c3": 0.016835298506530292,
                "f7": 0.015586109048837149,
                "g2": 0.015210826533154729,
                "g7": 0.014213132934188593,
                "d4": 0.012407208199198919,
                "h7": 0.012303363608030396,
                "e7": 0.011212016672211968,
                "h1": 0.008731238477195185,
                "f8": 0.005722282589145365,
                "c8": 0.0039664043643526945,
                "g6": 0.00113399374590011,
                "f6": 3.6387784611992635e-05
            }
        }
    },
    "CreateWeakSquares": {
        "fen": "r1br1nk1/ppq1b1pp/2pp1p2/4p3/P2PP2N/1P2N3/1BP1RPPP/R1Q3K1 b - - 0 15",
        "best move": "f8e6",
        "sorted saliencies": {
            "above threshold": {
                "f8": 1
            },
            "below threshold": {
                "e5": 0.022871677496026647,
                "e2": 0.02102788751341556,
                "d6": 0.01962782213161403,
                "f6": 0.01661263945848694,
                "f2": 0.01571032232645635,
                "e3": 0.011781821173040961,
                "h4": 0.010698745192076288,
                "e7": 0.00848017431218954,
                "d8": 0.0030653784817871927,
                "e4": 0.0022442304684189155,
                "c1": 0.0019436989588582036
            }
        }
    },
    "ImproveActivity": {
        "fen": "1r5k/ppp2pp1/2np3p/4p2P/4P3/3P4/PPP1BPP1/3R2K1 w - - 1 1",
        "best move": "c2c3",
        "sorted saliencies": {
            "above threshold": {
                "c2": 1
            },
            "below threshold": {
                "b7": 0.02008392014084561,
                "c6": 0.01672055648988073,
                "e5": 0.004075714941218376
            }
        }
    },
    "LongTermPlusses": {
        "fen": "r2qr1k1/1b1nbpp1/p4n1p/1p1p1B2/2pP3B/1PN1PN2/P1Q2PPP/2R2RK1 b - - 1 18",
        "best move": "b5b4",
        "sorted saliencies": {
            "above threshold": {
                "b5": 1
            },
            "below threshold": {
                "c3": 0.07887925440716642,
                "f7": 0.03687395023276556,
                "c4": 0.02255642754573684,
                "f5": 0.019125818149360315,
                "c2": 0.018275758239100635,
                "g2": 0.014794755120120306,
                "h4": 0.014055784841991027,
                "b3": 0.012290145597957028,
                "f3": 0.01187201567989371,
                "a2": 0.010254883460680885,
                "h6": 0.0045238375760143605,
                "d7": 0.004167374454189567,
                "d4": 0.003387320254587072,
                "a8": 0.0004384762410331757
            }
        }
    },
    "MaterialAdvantage": {
        "fen": "3q2k1/1Bnr1pb1/r3p1p1/pp5p/2PP4/1PBR3P/2Q2PP1/3R2K1 b - - 0 25",
        "best move": "a6b6",
        "sorted saliencies": {
            "above threshold": {
                "a6": 1
            },
            "below threshold": {
                "b7": 0.22651668277967757,
                "c3": 0.15353661794238582,
                "d4": 0.15020356920047256,
                "c2": 0.14081969256687843,
                "d1": 0.12655016573683045,
                "g2": 0.10237474134536097,
                "d3": 0.0996607886455479,
                "f2": 0.08910623223350331,
                "f7": 0.07817251189332679,
                "a5": 0.07094108673598643,
                "g6": 0.06975084407322144,
                "b5": 0.054347119098902566,
                "b3": 0.051173499370272185,
                "h3": 0.043717986274897425,
                "c4": 0.028417173364624192,
                "h5": 0.015716171367392038,
                "g7": 0.010075669918623612
            }
        }
    },
    "OfferExchange": {
        "fen": "r1n1nrk1/ppqbbppp/2p1p3/2PpP1B1/1P1P4/P1N2N2/1Q2BPPP/R4RK1 b - - 1 1",
        "best move": "e7g5",
        "sorted saliencies": {
            "above threshold": {
                "e7": 1
            },
            "below threshold": {
                "g5": 0.14628723878943423,
                "c5": 0.020170018526648806,
                "e2": 0.01620338280276745,
                "f8": 0.005633999488774921,
                "f1": 0.0026466234826387765
            }
        }
    },
    "Overprotection": {
        "fen": "r1b1nrk1/1p1pbppp/pqn1p3/4P3/8/1P4BB/P1P1QPPP/RN2K1NR w - - 0 1",
        "best move": "g1f3",
        "sorted saliencies": {
            "above threshold": {
                "g1": 1
            },
            "below threshold": {
                "b3": 0.14389852031456032,
                "b6": 0.061870523691121386,
                "e6": 0.03935898669261952,
                "h2": 0.03662179555402053,
                "a1": 0.03383517393162107,
                "c6": 0.03131050693125606,
                "f8": 0.03045862590170609,
                "e5": 0.027539201033338512,
                "g7": 0.018138017603718852,
                "a8": 0.013824045263381638,
                "g2": 0.01231046301416707,
                "e8": 0.009705746298116595,
                "h7": 0.007789251960645915,
                "a6": 0.007021557305200012,
                "b7": 0.005202985537579371
            }
        }
    },
    "PawnBreakthrough": {
        "fen": "2r2rk1/ppqnbppp/2p1p3/3pP3/3P4/2P2N2/PPB1QPPP/1R3RK1 b - - 0 1",
        "best move": "c6c5",
        "sorted saliencies": {
            "above threshold": {
                "c6": 1
            },
            "below threshold": {
                "e6": 0.03056207184444233,
                "g7": 0.029113977940118687,
                "d5": 0.026562267068153074,
                "d4": 0.0214977771892382,
                "h2": 0.0035186030505983497,