{
    "move1": {
        "fen": "8/4k3/r4pp1/pR6/P4KP1/5P2/8/8 w - - 0 1",
        "move": "g4g5",
        "sorted saliencies": {
            "above threshold": {
                "g4": 1,
                "f6": 0.46183394783865606,
                "g5": 0.7,
                "d5": 0.7,
                "e4": 0.7,
                "d4": 0.7
            },
            "below threshold": {
                "a5": 0.09553152405633981,
                "a4": 0.07882274980303076,
                "g6": 0.058451720274360755,
                "f3": 0.022886281811483257
            }
        }
    }
}