{
    "move1": {
        "fen": "8/p1p1k3/1p1p2p1/3Pq2p/2P1P3/1P3QPK/P7/8 w - - 0 1",
        "move": "f3e2",
        "sorted saliencies": {
            "above threshold": {
                "a2": 1,
                "a7": 1,
                "b3": 1,
                "b6": 1,
                "c4": 1,
                "c7": 1,
                "d5": 1,
                "d6": 1,
                "e4": 1,
                "e5": 1,
                "f3": 1,
                "g3": 1,
                "g6": 1,
                "h5": 1,
                "e2": 0.729279720480398,
                "g5": 0.3917106539792369,
                "a5": 0.3908597811322358,
                "b5": 0.390625
            },
            "below threshold": {}
        }
    }
}