{
    "move1": {
        "fen": "8/p1p1k3/1p1p2p1/3Pq2p/2P1P3/1P3QPK/P7/8 w - - 0 1",
        "move": "f3e2",
        "sorted saliencies": {
            "above threshold": {
                "f3": 1,
                "a4": 0.44222416036726103,
                "d7": 0.4385297871141977,
                "e3": 0.43842280479599494,
                "e2": 0.390625
            },
            "below threshold": {
                "d6": 0.04515025496738591,
                "c4": 0.04240127144045941,
                "e5": 0.030007672258130967,
                "b6": 0.025195119337323036,
                "g6": 0.013330646031249836
            }
        }
    }
}