{
    "move1": {
        "fen": "8/1ppr1kp1/p1p4p/8/8/5P2/PPP1RKPP/8 w - - 0 1",
        "move": "f2e1",
        "sorted saliencies": {
            "above threshold": {
                "f2": 1,
                "e2": 0.4481536867093848,
                "e1": 0.7,
                "a3": 0.7,
                "a4": 0.7,
                "a5": 0.7
            },
            "below threshold": {
                "a2": 0.10625939886494361,
                "c2": 0.10446798636263588,
                "d7": 0.09127140571860512,
                "g2": 0.06997225618161804,
                "h2": 0.0579550724925059,
                "b2": 0.0573766236168594,
                "f3": 0.010935357712399134
            }
        }
    }
}