{
    "move1": {
        "fen": "2r3k1/4pp1p/3p2p1/p2R4/1r6/1P4P1/P3PP1P/R5K1 b - - 0 1",
        "move": "a5a4",
        "sorted saliencies": {
            "above threshold": {
                "a5": 1,
                "a3": 0.6003838266996198,
                "d4": 0.5612529672056956,
                "d2": 0.554090006223502,
                "b4": 0.5476529251296074,
                "a4": 0.390625
            },
            "below threshold": {
                "a2": 0.21125239768242418,
                "d5": 0.19477446796230286,
                "a1": 0.14331916374217465
            }
        }
    }
}