{
    "move1": {
        "fen": "6k1/2p3np/1p1p2p1/3P4/1PPK1R2/6PB/7P/4r3 w - - 0 1",
        "move": "f4f2",
        "sorted saliencies": {
            "above threshold": {
                "f4": 1,
                "f2": 0.6645154288278267,
                "f3": 0.6645154288278267,
                "h4": 0.39226085099010044,
                "h6": 0.39066521154184514,
                "h5": 0.390625
            },
            "below threshold": {
                "e1": 0.08256325081665322,
                "g7": 0.0478570990677365,
                "g6": 0.008406572090993053
            }
        }
    }
}