{
    "move1": {
        "fen": "3r4/7p/Rp4k1/5p2/4p3/2P5/PP3P1P/5K2 b - - 0 1",
        "move": "d8d2",
        "sorted saliencies": {
            "above threshold": {
                "a2": 1,
                "a6": 1,
                "b2": 1,
                "b6": 1,
                "c3": 1,
                "d8": 1,
                "e4": 1,
                "f2": 1,
                "f5": 1,
                "h2": 1,
                "h7": 1,
                "d2": 0.5106464134372442,
                "d3": 0.5106464134372442,
                "d4": 0.5106464134372442,
                "d5": 0.5106464134372442,
                "d6": 0.5106464134372442,
                "d7": 0.5106464134372442,
                "c4": 0.3910472596905001,
                "c5": 0.390625,
                "c6": 0.390625
            },
            "below threshold": {}
        }
    }
}