{
    "move1": {
        "fen": "3r4/7p/Rp4k1/5p2/4p3/2P5/PP3P1P/5K2 b - - 0 1",
        "move": "d8d2",
        "sorted saliencies": {
            "above threshold": {
                "b6": 1,
                "d8": 1,
                "c4": 0.661650846253256,
                "c5": 0.6612285865627558,
                "c6": 0.6612285865627558,
                "d2": 0.390625,
                "d3": 0.390625,
                "d4": 0.390625,
                "d5": 0.390625,
                "d6": 0.390625,
                "d7": 0.390625
            },
            "below threshold": {
                "c3": 0.27067654433987215,
                "b2": 0.26066586930328656,
                "h2": 0.26010805446482105,
                "a2": 0.25900456245910425,
                "h7": 0.12034895810468393,
                "a6": 0.030530114710825642
            }
        }
    }
}