{
    "move1": {
        "fen": "8/p3ppk1/1p4pp/3nN3/6PP/1P3P2/P3PK2/8 w - - 0 1",
        "move": "e5c6",
        "sorted saliencies": {
            "above threshold": {
                "e5": 1
            },
            "below threshold": {
                "a7": 0.08753710590759148,
                "e2": 0.04117053012568093,
                "f3": 0.02935600528057183,
                "h4": 0.02151356692735953,
                "e7": 0.02003168300935319,
                "b6": 0.017037135354087202,
                "f7": 0.016195477422044913,
                "g4": 0.004677825654533157
            }
        }
    },
    "move2": {
        "fen": "8/p3ppk1/1pN3pp/3n4/6PP/1P3P2/P3PK2/8 b - - 1 1",
        "move": "a7a5",
        "sorted saliencies": {
            "above threshold": {
                "a7": 1
            },
            "below threshold": {
                "b6": 0.09612357879871118,
                "c6": 0.08255411122294791,
                "d5": 0.03897434785331701,
                "h6": 0.018333496327402433,
                "a2": 0.00921177364596611
            }
        }
    },
    "move3": {
        "fen": "8/4ppk1/1pN3pp/p2n4/6PP/1P3P2/P3PK2/8 w - - 0 2",
        "move": "e2e4",
        "sorted saliencies": {
            "above threshold": {
                "e2": 1
            },
            "below threshold": {
                "d5": 0.10186712503114732,
                "b6": 0.06877515688079763,
                "c6": 0.02159009402511609,
                "h4": 0.021037389322331047,
                "f3": 0.01589206318428314,
                "b3": 0.011024564423908584
            }
        }
    },
    "move4": {
        "fen": "8/4ppk1/1pN3pp/p2n4/4P1PP/1P3P2/P4K2/8 b - - 0 2",
        "move": "d5b4",
        "sorted saliencies": {
            "above threshold": {
                "d5": 1,
                "a5": 0.48044271990388054
            },
            "below threshold": {
                "e4": 0.3267503923813722,
                "e7": 0.2980502358133556,
                "a2": 0.22319328613812425,
                "f3": 0.17894804860464622,
                "b3": 0.1458367614990233,
                "h6": 0.11937344983483222,
                "f7": 0.09285574354289797,
                "c6": 0.05548309370789637
            }
        }
    },
    "move5": {
        "fen": "8/4ppk1/1pN3pp/p7/1n2P1PP/1P3P2/P4K2/8 w - - 1 3",
        "move": "c6b4",
        "sorted saliencies": {
            "above threshold": {
                "c6": 1,
                "b4": 0.4843616280415566
            },
            "below threshold": {
                "b6": 0.3450502337711896,
                "a2": 0.24461939557637905,
                "h4": 0.12997437533540313,
                "g4": 0.12012746676538891,
                "f3": 0.06321810177413384,
                "b3": 0.03285231050314638,
                "g6": 0.02972796327309967
            }
        }
    },
    "move6": {
        "fen": "8/4ppk1/1p4pp/p7/1N2P1PP/1P3P2/P4K2/8 b - - 0 3",
        "move": "a5b4",
        "sorted saliencies": {
            "above threshold": {
                "a5": 1,
                "b4": 1
            },
            "below threshold": {
                "a2": 0.15221240325105245,
                "b3": 0.07532453574615214,
                "h6": 0.04147957226166219,
                "e7": 0.03820030169005875,
                "f3": 0.033423760769926765,
                "f7": 0.013383307820256696,
                "e4": 0.009402932464535732,
                "g6": 0.00013902205299677302
            }
        }
    },
    "move7": {
        "fen": "8/4ppk1/1p4pp/8/1p2P1PP/1P3P2/P4K2/8 w - - 0 4",
        "move": "f3f4",
        "sorted saliencies": {
            "above threshold": {
                "f3": 1
            },
            "below threshold": {
                "b4": 0.05987481587888588,
                "g4": 0.05288824576344232,
                "h4": 0.027528820945734712,
                "b3": 0.023825888470905755,
                "e4": 0.018424985484710544,
                "a2": 0.014602150683193942
            }
        }
    },
    "move8": {
        "fen": "8/4ppk1/1p4pp/8/1p2PPPP/1P6/P4K2/8 b - - 0 4",
        "move": "g7f6",
        "sorted saliencies": {
            "above threshold": {
                "f7": 0.08132510020238759,
                "g6": 0.044887141438739085
            },
            "below threshold": {
                "a2": 0.03665810397316972
            }
        }
    },
    "move9": {
        "fen": "8/4pp2/1p3kpp/8/1p2PPPP/1P6/P4K2/8 w - - 1 5",
        "move": "g4g5",
        "sorted saliencies": {
            "above threshold": {
                "g4": 1
            },
            "below threshold": {
                "h4": 0.11751071736519444,
                "g6": 0.11291925189810886,
                "f4": 0.08954093671342202,
                "h6": 0.07850452759119375,
                "e4": 0.0460569354563191,
                "b4": 0.04407765446226836,
                "b6": 0.019158577164027215
            }
        }
    },
    "move10": {
        "fen": "8/4pp2/1p3kpp/6P1/1p2PP1P/1P6/P4K2/8 b - - 0 5",
        "move": "h6g5",
        "sorted saliencies": {
            "above threshold": {
                "g5": 1,
                "h6": 1
            },
            "below threshold": {
                "f7": 0.11772418573341976,
                "a2": 0.04390568660320679
            }
        }
    },
    "move11": {
        "fen": "8/4pp2/1p3kp1/6p1/1p2PP1P/1P6/P4K2/8 w - - 0 6",
        "move": "h4g5",
        "sorted saliencies": {
            "above threshold": {
                "g5": 1,
                "h4": 1,
                "g6": 0.5054375149796405
            },
            "below threshold": {
                "f4": 0.2839821604753324,
                "e4": 0.2405958575471542,
                "b4": 0.0687795265985658
            }
        }
    },
    "move12": {
        "fen": "8/4pp2/1p3kp1/6P1/1p2PP2/1P6/P4K2/8 b - - 0 6",
        "move": "f6e6",
        "sorted saliencies": {
            "above threshold": {
                "f7": 0.4591684720059555
            },
            "below threshold": {
                "g6": 0.351654421654153,
                "e7": 0.1427919276213751,
                "a2": 0.004873583721818356
            }
        }
    },
    "move13": {
        "fen": "8/4pp2/1p2k1p1/6P1/1p2PP2/1P6/P4K2/8 w - - 1 7",
        "move": "f2e3",
        "sorted saliencies": {
            "above threshold": {
                "a2": 0.1032716074105221
            },
            "below threshold": {}
        }
    },
    "move14": {
        "fen": "8/4pp2/1p2k1p1/6P1/1p2PP2/1P2K3/P7/8 b - - 2 7",
        "move": "f7f6",
        "sorted saliencies": {
            "above threshold": {
                "f7": 1
            },
            "below threshold": {
                "g6": 0.3488887330437697,
                "e7": 0.2001231952187784,
                "b3": 0.1075839574218524,
                "g5": 0.08036644419536478,
                "b4": 0.05290743094299303
            }
        }
    },
    "move15": {
        "fen": "8/4p3/1p2kpp1/6P1/1p2PP2/1P2K3/P7/8 w - - 0 8",
        "move": "g5f6",
        "sorted saliencies": {
            "above threshold": {
                "f6": 1,
                "g5": 1
            },
            "below threshold": {
                "g6": 0.2967441264190549,
                "b6": 0.2902778293382082,
                "b3": 0.24215452026710274,
                "f4": 0.21923956759526322,
                "a2": 0.1877993911225712,
                "e4": 0.16293580210304406,
                "b4": 0.14672725425071753
            }
        }
    },
    "move16": {
        "fen": "8/4p3/1p2kPp1/8/1p2PP2/1P2K3/P7/8 b - - 0 8",
        "move": "e6f6",
        "sorted saliencies": {
            "above threshold": {
                "f4": 0.6110947429583109
            },
            "below threshold": {
                "f6": 0.2333182585440386,