{
    "move1": {
        "fen": "4b3/pp2kp1p/5bp1/8/8/4P3/PP2NPPP/3N2K1 w - - 0 1",
        "move": "d1c3",
        "sorted saliencies": {
            "above threshold": {
                "d1": 1,
                "g6": 0.582204842195559,
                "a7": 0.5770439573230887,
                "b2": 0.5197670643483985,
                "f7": 0.5143268921391762,
                "b7": 0.5112817677457188,
                "h7": 0.49486908100248095,
                "f6": 0.46599848589754406,
                "e8": 0.4620814046790813,
                "e2": 0.44563216919894777,
                "h2": 0.15120147163242378
            },
            "below threshold": {
                "e3": 0.0857355861986691
            }
        }
    }
}