{
    "move1": {
        "fen": "2r3k1/4pp1p/3p2p1/p2R4/1r6/1P4P1/P3PP1P/R5K1 b - - 0 1",
        "move": "a5a4",
        "sorted saliencies": {
            "above threshold": {
                "a5": 1,
                "a3": 0.5551458251669665,
                "d4": 0.5326501482862622,
                "d2": 0.529122977144138,
                "a4": 0.390625
            },
            "below threshold": {
                "a2": 0.16512082722577737,
                "d5": 0.15407212350223853,
                "b3": 0.0839509726763532,
                "a1": 0.04390212112807884,
                "g3": 0.03700652604218228,
                "e7": 0.02969825924503788,
                "e2": 0.008838574338804108,
                "f2": 0.0061906295377634184
            }
        }
    }
}