{
    "move1": {
        "fen": "8/5pk1/r5pp/P7/3R3P/6P1/5PK1/8 w - - 0 1",
        "move": "d4d5",
        "sorted saliencies": {
            "above threshold": {
                "d4": 1,
                "d5": 0.5667693234548562,
                "a7": 0.390625,
                "b2": 0.390625,
                "b3": 0.390625
            },
            "below threshold": {
                "a5": 0.19099231600291375,
                "f2": 0.11604959771906907,
                "h4": 0.09100396080506097,
                "a6": 0.07257496814167537,
                "h6": 0.05394686969370411,
                "g3": 0.04482986538395078,
                "g6": 0.036706253635583996
            }
        }
    }
}