{
    "move1": {
        "fen": "6k1/p2b1ppp/8/8/3N4/1P5P/5PP1/6K1 b - - 0 1",
        "move": "g8f8",
        "sorted saliencies": {
            "above threshold": {
                "d4": 0.25809293080802964,
                "b3": 0.24591170981378857,
                "g2": 0.23379930198928797,
                "h3": 0.2147364311678616,
                "d7": 0.2109856230026327
            },
            "below threshold": {
                "f7": 0.1909176963779312,
                "f2": 0.14580607236339282,
                "h7": 0.06797301319721132,
                "g7": 0.05782056599655083
            }
        }
    }
}