{
    "move1": {
        "fen": "7k/pp4pp/2n5/8/8/P7/1P4PP/2K1B3 b - - 0 1",
        "move": "h8g8",
        "sorted saliencies": {
            "above threshold": {
                "a3": 0.6518099584891553
            },
            "below threshold": {
                "c6": 0.36232704897320506,
                "e1": 0.3500638273337929,
                "h7": 0.33909210166562787,
                "a7": 0.32572594683905376,
                "g7": 0.3231875833214453,
                "b7": 0.3230389867969706,
                "h2": 0.15936860188731952,
                "g2": 0.0941931513146988,
                "b2": 0.019452114954797598
            }
        }
    }
}