{
    "move1": {
        "fen": "8/8/p4Bp1/1pPb2P1/1P2kp2/P7/5K2/8 w - - 0 1",
        "move": "f6c3",
        "sorted saliencies": {
            "above threshold": {
                "f6": 1,
                "c3": 0.7305796964095737,
                "d4": 0.7305796964095737,
                "e5": 0.7305796964095737,
                "g2": 0.39849111811283794,
                "f7": 0.39835209577714237,
                "g4": 0.390625
            },
            "below threshold": {
                "g5": 0.05803077008529383,
                "g6": 0.049541628709637325,
                "d5": 0.04778479374025649,
                "a3": 0.03889706509443405,
                "c5": 0.03869958580040675,
                "b5": 0.016848977546803343,
                "a6": 0.005719074137451756,
                "f4": 0.001325044440779627
            }
        }
    }
}