{
    "move1": {
        "fen": "8/1pk3pp/p7/3p1p2/8/3K2P1/PP2PP1P/8 w - - 0 1",
        "move": "d3d4",
        "sorted saliencies": {
            "above threshold": {
                "d3": 1,
                "d4": 0.390625
            },
            "below threshold": {
                "a2": 0.23120887984976304,
                "b7": 0.18129801146436425,
                "h7": 0.17282898512916053,
                "g7": 0.16273095773631271,
                "g3": 0.12117536213521249,
                "h2": 0.11087110000305603,
                "f2": 0.11067555991046737,
                "e2": 0.1104593128781928,
                "b2": 0.10960057517064078
            }
        }
    }
}