{
    "move1": {
        "fen": "8/p1p1k3/1p1p2p1/3Pq2p/2P1P3/1P3QPK/P7/8 w - - 0 1",
        "move": "b3b4",
        "sorted saliencies": {
            "above threshold": {
                "b3": 1,
                "d5": 0.41933546889328316,
                "e5": 0.36520990874310455,
                "f3": 0.355956951579727
            },
            "below threshold": {
                "g6": 0.09495943351661859,
                "a7": 0.06648866070063762,
                "d6": 0.04545338443017719,
                "b6": 0.04465350306444623,
                "h5": 0.044615970729091174
            }
        }
    }
}