{
    "move1": {
        "fen": "8/p3ppk1/1p4pp/3nN3/6PP/1P3P2/P3PK2/8 w - - 0 1",
        "move": "e5c6",
        "sorted saliencies": {
            "above threshold": {
                "e5": 1,
                "b2": 0.43515952845204176,
                "a5": 0.4155292381294113,
                "a6": 0.4155292381294113,
                "c6": 0.390625
            },
            "below threshold": {
                "a7": 0.018367852504157543
            }
        }
    }
}