{
    "move1": {
        "fen": "8/5pk1/r5pp/P7/3R3P/6P1/5PK1/8 w - - 0 1",
        "move": "d4d5",
        "sorted saliencies": {
            "above threshold": {
                "d4": 1,
                "b6": 0.5974617163030582,
                "b7": 0.5974617163030582,
                "c2": 0.5974617163030582,
                "d5": 0.390625
            },
            "below threshold": {
                "a6": 0.20988706516548178,
                "a5": 0.2034292593836178,
                "g3": 0.09410756253995615,
                "f2": 0.08936978217261757,
                "h4": 0.08810572436984317
            }
        }
    }
}