{
    "move1": {
        "fen": "8/p1p1k3/1p1p2p1/3Pq2p/2P1P3/1P3QPK/P7/8 w - - 0 1",
        "move": "b3b4",
        "sorted saliencies": {
            "above threshold": {
                "b3": 1,
                "e6": 0.529872581544717,
                "g5": 0.48750099861082086,
                "a5": 0.4870154183087586,
                "b4": 0.390625
            },
            "below threshold": {
                "e5": 0.1241769100708088,
                "d5": 0.08468443491171851,
                "h5": 0.07699270605476355,
                "d6": 0.07512080762150852,
                "g6": 0.015112456428223455,
                "a7": 0.009408503204899683
            }
        }
    }
}