{
    "move1": {
        "fen": "8/p1p1k3/1p1p2p1/3Pq2p/2P1P3/1P3QPK/P7/8 w - - 0 1",
        "move": "b3b4",
        "sorted saliencies": {
            "above threshold": {
                "b3": 1,
                "b4": 0.6930711110257435,
                "e6": 0.44169369257046043,
                "e3": 0.39746410407216465,
                "e2": 0.390625
            },
            "below threshold": {
                "e5": 0.1241769100708088,
                "d5": 0.08468443491171851,
                "d6": 0.07512080762150852,
                "h5": 0.04358999883343326,
                "g3": 0.04075069082463553,
                "g6": 0.015112456428223455,
                "a7": 0.009408503204899683
            }
        }
    }
}