{
    "move1": {
        "fen": "8/6b1/4k2p/p1p1p1p1/2P1K1P1/PP3N1P/8/8 w - - 0 1",
        "move": "f3h2",
        "sorted saliencies": {
            "above threshold": {
                "f3": 1,
                "d6": 0.5713556041285202,
                "c6": 0.5713268438962741,
                "d7": 0.5708019601477992,
                "h2": 0.390625
            },
            "below threshold": {
                "c5": 0.18288950001248966,
                "h6": 0.1683966016694985,
                "c4": 0.11360884389138776,
                "a5": 0.05780618408332976,
                "g5": 0.05466975489313635,
                "b3": 0.04834997972149396,
                "g4": 0.032383376590640625,
                "e5": 0.02441236099065706
            }
        }
    }
}