{
    "move1": {
        "fen": "8/1p1b2k1/p1p1p1p1/2P1P2p/1P3P1P/P2B4/5K2/8 w - - 0 1",
        "move": "d3e4",
        "sorted saliencies": {
            "above threshold": {
                "d3": 1,
                "e4": 0.7,
                "c4": 0.7,
                "c3": 0.7,
                "c2": 0.7
            },
            "below threshold": {
                "a6": 0.03517390010287172,
                "b7": 0.03441637268973042,
                "c5": 0.013825336498589948,
                "d7": 0.010269375113890918,
                "f4": 0.00794870939502853,
                "g6": 0.0038128637212603163
            }
        }
    }
}