{
    "move1": {
        "fen": "8/1pk3pp/p7/3p1p2/8/3K2P1/PP2PP1P/8 w - - 0 1",
        "move": "d3d4",
        "sorted saliencies": {
            "above threshold": {
                "d3": 1,
                "d4": 0.390625
            },
            "below threshold": {
                "h7": 0.09935682711865389,
                "g7": 0.0671547233937694,
                "d5": 0.015666252558261054,
                "f5": 0.01559391015761727
            }
        }
    }
}