{
    "puzzle1": {
        "fen": "2q1rr1k/3bbnnp/p2p1pp1/2pPp3/PpP1P1P1/1P2BNNP/2BQ1PRK/7R b - - ",
        "move": "c8d8",
        "sorted saliencies": {
            "above threshold": {
                "c8": 1
            },
            "below threshold": {
                "h3": 0.036591349959700856,
                "d2": 0.029090748368805982,
                "c5": 0.02729024543099042,
                "e4": 0.02158081965403034,
                "g3": 0.01870457103671185,
                "g4": 0.01837383819283254,
                "e3": 0.016857023594867775,
                "d5": 0.01588441929716005,
                "f3": 0.015338940847412236,
                "c2": 0.015161912773943033,
                "a4": 0.0090130932769152,
                "h1": 0.006549545287837505,
                "e7": 0.004374928075878533,
                "d6": 0.0026802747039946463,
                "c4": 0.0025581373981613314,
                "f2": 0.0023018928184940428,
                "b4": 0.0018366712212869235,
                "f6": 0.0013894400972145277,
                "g2": 0.001096742312422325,
                "b3": 0.0007136241716174826
            }
        }
    },
    "puzzle2": {
        "fen": "3r1k2/4npp1/1ppr3p/p6P/P2PPPP1/1NR5/5K2/2R5 w - - ",
        "move": "d4d5",
        "sorted saliencies": {
            "above threshold": {
                "d4": 1
            },
            "below threshold": {
                "b6": 0.05885255275068777,
                "f4": 0.052634587675677656,
                "c3": 0.05075931948282225,
                "e7": 0.04541833588054767,
                "c1": 0.044885557984362195,
                "e4": 0.04337941042229677,
                "a5": 0.042921344361234216,
                "h5": 0.03158980304615561,
                "d6": 0.009885278502236325
            }
        }
    },
    "puzzle3": {
        "fen": "rnbqkb1r/p3pppp/1p6/2ppP3/3N4/2P5/PPP1QPPP/R1B1KB1R w KQkq",
        "move": "e5e6",
        "sorted saliencies": {
            "above threshold": {
                "e5": 1
            },
            "below threshold": {
                "e7": 0.15635908759516584,
                "d4": 0.14401411333153843,
                "f8": 0.13378588603308902,
                "c5": 0.1230896813617907,
                "d5": 0.11856091540840985,
                "e2": 0.02867448049396147,
                "f7": 0.028568751631079824,
                "c8": 0.01908097779634172,
                "c1": 0.016614622663869896,
                "h1": 0.01612989276750851,
                "g2": 0.007801961201256039,
                "b2": 0.007313440837514656,
                "f2": 0.0035037842866765885,
                "h7": 0.0023650803566146548,
                "a8": 0.0012047985242525144,
                "a7": 0.000456225911195853
            }
        }
    },
    "puzzle4": {
        "fen": "2r3k1/pppR1pp1/4p3/4P1P1/5P2/1P4K1/P1P5/8 w - - ",
        "move": "g5g6",
        "sorted saliencies": {
            "above threshold": {
                "g5": 1
            },
            "below threshold": {
                "d7": 0.08698638136087758,
                "f7": 0.04298500236597738,
                "c8": 0.03275843860089148,
                "g7": 0.008145378848771947,
                "e6": 0.0034401623868767902,
                "f4": 0.0009130279969477876
            }
        }
    },
    "puzzle5": {
        "fen": "4b3/p3kp2/6p1/3pP2p/2pP1P2/4K1P1/P3N2P/8 w - - ",
        "move": "f4f5",
        "sorted saliencies": {
            "above threshold": {
                "f4": 1
            },
            "below threshold": {
                "f7": 0.18975203344616307,
                "h5": 0.15770450767902303,
                "d5": 0.125170505163172,
                "g3": 0.12376985823883982,
                "e5": 0.11066151399455217,
                "e2": 0.0983762480851709,
                "h2": 0.07361159888063244,
                "d4": 0.06692112635735613
            }
        }
    },
    "puzzle6": {
        "fen": "2kr1bnr/pbpq4/2n1pp2/3p3p/3P1P1B/2N2N1Q/PPP3PP/2KR1B1R w - - ",
        "move": "f1d3",
        "sorted saliencies": {
            "above threshold": {
                "f1": 1
            },
            "below threshold": {
                "f3": 0.041060680934887024,
                "e6": 0.03169757393558572,
                "h3": 0.030706453022202377,
                "d5": 0.02883867265780811,
                "b2": 0.02453003667204258,
                "d4": 0.02305552009969339,
                "c2": 0.012825357211210805,
                "g2": 0.011361530314257432,
                "c6": 0.010444710952358775,
                "g8": 0.00983154914473199,
                "b7": 0.008608269123885796,
                "h2": 0.008479818116829563,
                "d7": 0.007773490143936523,
                "f8": 0.007045024874177924,
                "h5": 0.004531118520085844,
                "h8": 0.004331568637183192,
                "h4": 0.0042276988233886335,
                "h1": 0.00173035204952206,
                "f6": 0.001433396295757058,
                "a7": 0.0006927918279307422
            }
        }
    },
    "puzzle7": {
        "fen": "2r1nrk1/p2q1ppp/bp1p4/n1pPp3/P1P1P3/2PBB1N1/4QPPP/R4RK1 w - - ",
        "move": "f2f4",
        "sorted saliencies": {
            "above threshold": {
                "f2": 1
            },
            "below threshold": {
                "d3": 0.05204772072918359,
                "c5": 0.02836526920682872,
                "e2": 0.024190323037081143,
                "a6": 0.02145241089628452,
                "g7": 0.01781685418435495,
                "e3": 0.015360714699168474,
                "c3": 0.013062804265039678,
                "a5": 0.011460729019370957,
                "h2": 0.0077370877560981885,
                "e5": 0.006833486052330132,
                "d5": 0.006134011691316617,
                "a7": 0.004310354400655311,
                "g2": 0.0031958646296660685,
                "c8": 0.0018484540016760064,
                "a4": 0.0015602355955348925,
                "g3": 0.0008569139160003866,
                "e8": 0.0008271066981026714
            }
        }
    },
    "puzzle8": {
        "fen": "r2q1rk1/4bppp/p2p4/2pP4/3pP3/3Q4/PP1B1PPP/R3R1K1 w - - ",
        "move": "b2b4",
        "sorted saliencies": {
            "above threshold": {
                "b2": 1
            },
            "below threshold": {
                "d3": 0.0146587071875932,
                "d2": 0.012396790480029408,
                "d4": 0.011760673457297404,
                "c5": 0.009477056538734733,
                "d5": 0.00804135659709498,
                "a1": 0.006848825438834571,
                "e4": 0.0025606456877267023,
                "g7": 0.0018763661024305124,
                "a6": 0.0010665888279481127
            }
        }
    },
    "puzzle9": {
        "fen": "r2q1rk1/1ppnbppp/p2p1nb1/3Pp3/2P1P1P1/2N2N1P/PPB1QP2/R1B2RK1 b - - ",
        "move": "a6a5",
        "sorted saliencies": {
            "above threshold": {
                "a6": 1
            },
            "below threshold": {
                "d5": 0.01646024740146696,
                "e2": 0.01500213552930317,
                "e5": 0.013575183517044554,
                "c7": 0.011887318620455913,
                "e4": 0.011885149738042895,
                "g7": 0.011805529911135062,
                "g4": 0.010834280168569755,
                "h3": 0.007301803416956567,
                "c4": 0.006458739121318241,
                "e7": 0.005914049460740349,
                "b2": 0.005358162667976092,
                "f2": 0.0041612880225027305,
                "f8": 0.003619846186799203,
                "f7": 0.0032833441367347335,
                "g6": 0.0031633214365765364,
                "c2": 0.0027149709385167393,
                "f1": 0.0015490531205128784
            }
        }
    },
    "puzzle10": {
        "fen": "r4k2/pb2bp1r/1p1qp2p/3pNp2/3P1P2/2N3P1/PPP1Q2P/2KRR3 w - - ",