{
    "puzzle1": {
        "fen": "1k1r4/pp1b1R2/3q2pp/4p3/2B5/4Q3/PPP2B2/2K5 b - - ",
        "move": "d6d1",
        "sorted saliencies": {
            "above threshold": {
                "c3": 1.1474932435588143,
                "c1": 1,
                "d1": 1,
                "d6": 1,
                "c2": 0.8026932871045344,
                "f5": 0.6666126556479067,
                "f4": 0.6595708717347548,
                "d8": 0.45161360926980804,
                "d2": 0.390625,
                "d3": 0.390625,
                "d4": 0.390625,
                "d5": 0.390625
            },
            "below threshold": {
                "f2": 0.2625364047798689,
                "b2": 0.10277072316235582,
                "e3": 1.1917066550921572e-06,
                "f7": 4.44089209850061e-15
            }
        }
    },
    "puzzle2": {
        "fen": "r1b2rk1/2q1b1pp/p2ppn2/1p6/3QP3/1BN1B3/PPP3PP/R4RK1 w - - ",
        "move": "c3d5",
        "sorted saliencies": {
            "above threshold": {
                "c3": 1,
                "d2": 0.6041819231424117,
                "d3": 0.6036708463225462,
                "d4": 0.5994375112759687,
                "b3": 0.5904227875141945,
                "f4": 0.563928405144252,
                "e7": 0.5259790357430947,
                "c7": 0.49845095092900554,
                "d5": 0.4482395482651618
            },
            "below threshold": {
                "c8": 0.15534825651000703,
                "a8": 0.15350696709240882,
                "b5": 0.10933361527086552,
                "a1": 0.0917664529958129,
                "a6": 0.09099720429111456,
                "f8": 0.07307823506729315,
                "d6": 0.07233061127417863,
                "f1": 0.04430671156243949,
                "h2": 0.028379228864315553,
                "h7": 0.017271549969619795,
                "b2": 0.012320476774939923,
                "g7": 0.005357474809455346
            }
        }
    },
    "puzzle3": {
        "fen": "1nk1r1r1/pp2n1pp/4p3/q2pPp1N/b1pP1P2/B1P2R2/2P1B1PP/R2Q2K1 w - - ",
        "move": "a3b4",
        "sorted saliencies": {
            "above threshold": {
                "a3": 1,
                "h6": 0.5216546830584278,
                "e3": 0.5182118106573099,
                "a4": 0.5179966790545588,
                "e4": 0.5152068309455543,
                "a5": 0.5129183400858195,
                "e7": 0.4662757222424322,
                "b4": 0.390625
            },
            "below threshold": {
                "c3": 0.14472522718396022,
                "d5": 0.11423214430016299,
                "c2": 0.10453537614077087,
                "f5": 0.08704336973986937,
                "g8": 0.0774328689232793,
                "e2": 0.07735257081869756,
                "a7": 0.06889557929023475,
                "b7": 0.06192402246583508,
                "b8": 0.05180779759863464,
                "h2": 0.050014829208174474,
                "e5": 0.04998498659996164,
                "g2": 0.04726514259964426,
                "f4": 0.046981045292848675,
                "h5": 0.04239999679613318,
                "g7": 0.03551157253750371,
                "d4": 0.03491672261881998,
                "e6": 0.029022331446900976,
                "a1": 0.013821022805269919,
                "d1": 0.00342038402248974
            }
        }
    },
    "puzzle4": {
        "fen": "3rr1k1/pp3pp1/1qn2np1/8/3p4/PP1R1P2/2P1NQPP/R1B3K1 b - - ",
        "move": "c6e5",
        "sorted saliencies": {
            "above threshold": {
                "b5": 1.2151359858143786,
                "b4": 1.1941849900704016,
                "e3": 1.0409127990520162,
                "c6": 1,
                "b3": 0.8261796817935619,
                "e8": 0.8117177038898123,
                "b6": 0.8065862764479267,
                "c1": 0.7949026428665593,
                "f6": 0.7809561345351995,
                "d8": 0.7352406180474448,
                "d3": 0.6890228895892344,
                "e2": 0.6214050185783689,
                "a1": 0.5933591791844879,
                "f3": 0.591575359605154,
                "f2": 0.5623920718135229,
                "a3": 0.4912666609730341,
                "g2": 0.4762752338047574,
                "e5": 0.390625
            },
            "below threshold": {
                "d4": 0.33439453145267767,
                "g6": 0.33382655699716024,
                "g7": 0.3094525173317353,
                "h2": 0.2580345235657538,
                "f7": 0.180078804476066,
                "a7": 0.16900315887211773,
                "b7": 0.1604667357896886,
                "c2": 0.008690813778299365
            }
        }
    },
    "puzzle5": {
        "fen": "r3r1k1/ppqb1ppp/8/4p1NQ/8/2P5/PP3PPP/R3R1K1 b - - ",
        "move": "d7f5",
        "sorted saliencies": {
            "above threshold": {
                "h6": 1.086402447263626,
                "e3": 1.0649653290529586,
                "e4": 1.055447510816725,
                "d7": 1,
                "f7": 0.8039041602899649,
                "e1": 0.5640812077097739,
                "g5": 0.49464167514704527,
                "h5": 0.4897824357944814,
                "e6": 0.47466249445874165,
                "f5": 0.47466249445874165
            },
            "below threshold": {
                "a1": 0.4214989347110409,
                "f2": 0.316256662220829,
                "c7": 0.30864968889420286,
                "g2": 0.1089923700665433,
                "a2": 0.051844960888264346,
                "c3": 0.025312343277985226,
                "a7": 0.02243350042357157,
                "b7": 0.015523446813892889
            }
        }
    },
    "puzzle6": {
        "fen": "rnb2r1k/pp2p2p/2pp2p1/q2P1p2/8/1Pb2NP1/PB2PPBP/R2Q1RK1 w - - ",
        "move": "d1d2",
        "sorted saliencies": {
            "above threshold": {
                "d1": 1,
                "d3": 0.8444921803535361,
                "d4": 0.8404102275667893,
                "a3": 0.7424499765009133,
                "f3": 0.45713650173290876,
                "d2": 0.4243759559623539
            },
            "below threshold": {
                "e2": 0.39666006132240217,
                "f1": 0.3953811651946894,
                "a2": 0.355148494879879,
                "c6": 0.3529025975580674,
                "f2": 0.19788172202264262,
                "a7": 0.17727038329337105,
                "b2": 0.14795406014980866,
                "a5": 0.12661393270201726,
                "b7": 0.11452634089029197,
                "c8": 0.007214480879575696
            }
        }
    },
    "puzzle7": {
        "fen": "2r3k1/1p2q1pp/2b1pr2/p1pp4/6Q1/1P1PP1R1/P1PN2PP/5RK1 w - - ",
        "move": "g4g7",
        "sorted saliencies": {
            "above threshold": {
                "g4": 1,
                "h3": 0.6792928718679125,
                "h4": 0.6772424677419941,
                "h6": 0.6758558524599438,
                "e7": 0.390625,
                "g5": 0.390625,
                "g6": 0.390625,
                "g8": 0.390625
            },
            "below threshold": {
                "h2": 0.28857260307079036,
                "f1": 0.28391798543632746,
                "f6": 0.26969785081830827,
                "g3": 0.2696015802408995,
                "c8": 0.22634944447142682,
                "c2": 0.2062910988634492,
                "e6": 0.18446853551167836,
                "c6": 0.15779576986358987,
                "a2": 0.10831298213150277,
                "h7": 0.10383678175311158,
                "c5": 0.0831412221259987,
                "b3": 0.07790751517371394,
                "e3": 0.061054717450752784,
                "d3": 0.01704895269948002,
                "d5": 0.01567545602893805
            }
        }
    },
    "puzzle8": {
        "fen": "r1bqkb1r/4npp1/p1p4p/1p1pP1B1/8/1B6/PPPN1PPP/R2Q1RK1 w kq - ",
        "move": "d2e4",