{
    "puzzle1": {
        "fen": "1k1r4/pp1b1R2/3q2pp/4p3/2B5/4Q3/PPP2B2/2K5 b - - ",
        "move": "d6d1",
        "sorted saliencies": {
            "above threshold": {
                "c1": 1,
                "d6": 1,
                "d5": 0.7702183931598869,
                "d4": 0.7702183931598869,
                "d3": 0.7702183931598869,
                "d2": 0.7702183931598869,
                "d1": 0.7702183931598869,
                "e7": 0.3948250613129708,
                "a6": 0.39063164858218485,
                "c6": 0.390625
            },
            "below threshold": {
                "c2": 0.04576096388653002,
                "f2": 0.029821919273353394,
                "b7": 0.01251661175925276,
                "d8": 0.009464880067271864,
                "e5": 0.007693575351055149,
                "b2": 0.006040499615643524,
                "a2": 0.002143576523046587,
                "a7": 0.0021397403045042424
            }
        }
    },
    "puzzle2": {
        "fen": "r1b2rk1/2q1b1pp/p2ppn2/1p6/3QP3/1BN1B3/PPP3PP/R4RK1 w - - ",
        "move": "c3d5",
        "sorted saliencies": {
            "above threshold": {
                "c3": 1,
                "d4": 0.47366252069203596,
                "b3": 0.452453044786943,
                "e7": 0.4142616818738404,
                "c7": 0.390625,
                "d5": 0.6814690916526385,
                "b7": 0.396479191703099,
                "c4": 0.39401153673445133,
                "f7": 0.390625
            },
            "below threshold": {
                "c8": 0.10693661716739379,
                "a8": 0.1046250470366661,
                "a6": 0.05769987246020603,
                "b5": 0.04356584927874395,
                "f8": 0.0352635513987507,
                "a1": 0.009931596995619992
            }
        }
    },
    "puzzle3": {
        "fen": "1nk1r1r1/pp2n1pp/4p3/q2pPp1N/b1pP1P2/B1P2R2/2P1B1PP/R2Q2K1 w - - ",
        "move": "a3b4",
        "sorted saliencies": {
            "above threshold": {
                "a3": 1,
                "a4": 0.5051752492618996,
                "a5": 0.4966844638726205,
                "b4": 0.6804614170188841,
                "c5": 0.4313349380633491,
                "a6": 0.3917494705687768,
                "b2": 0.390625
            },
            "below threshold": {
                "c3": 0.13537078093235333,
                "c2": 0.09745573585814124,
                "d5": 0.08356418177398592,
                "a7": 0.06165006736937773,
                "g8": 0.05970031265841686,
                "e2": 0.05790454601803956,
                "e5": 0.056607397592574216,
                "f4": 0.05205248016147639,
                "f5": 0.051983888869242295,
                "d4": 0.03717174507808096,
                "b7": 0.035129700495617845,
                "h2": 0.029197501276911918,
                "b8": 0.021457650564182158,
                "h5": 0.02102357736087349,
                "g2": 0.01962901500681357,
                "g7": 0.009880612141609237
            }
        }
    },
    "puzzle4": {
        "fen": "3rr1k1/pp3pp1/1qn2np1/8/3p4/PP1R1P2/2P1NQPP/R1B3K1 b - - ",
        "move": "c6e5",
        "sorted saliencies": {
            "above threshold": {
                "c6": 1,
                "b3": 0.6740257225041661,
                "b6": 0.6661766503465638,
                "c1": 0.6620497321471239,
                "e8": 0.6587362681869641,
                "f6": 0.6469987335209441,
                "d8": 0.6249377879654948,
                "d3": 0.6047933741578231,
                "f3": 0.47502564040219897,
                "f2": 0.4344309056105502,
                "e2": 0.4125500449734893,
                "e5": 0.390625,
                "h3": 0.6581148851015813,
                "e3": 0.6531014684915583,
                "c3": 0.6516909985270378
            },
            "below threshold": {
                "a1": 0.3326662046866428,
                "d4": 0.3066644680759832,
                "a3": 0.14726947520998396
            }
        }
    },
    "puzzle5": {
        "fen": "r3r1k1/ppqb1ppp/8/4p1NQ/8/2P5/PP3PPP/R3R1K1 b - - ",
        "move": "d7f5",
        "sorted saliencies": {
            "above threshold": {
                "d7": 1,
                "f7": 0.390625,
                "e6": 0.78125,
                "f5": 0.78125,
                "d6": 0.390625,
                "b6": 0.390625,
                "g6": 0.390625
            },
            "below threshold": {
                "e8": 2.8864123100997672e-18,
                "a8": 2.8861193971857326e-18,
                "g7": 2.8425780702929464e-18,
                "e5": 2.7736659336187517e-18,
                "h7": 2.605733566250494e-18,
                "b7": 1.4244295634252701e-18,
                "a7": 1.1877248189921573e-18
            }
        }
    },
    "puzzle6": {
        "fen": "rnb2r1k/pp2p2p/2pp2p1/q2P1p2/8/1Pb2NP1/PB2PPBP/R2Q1RK1 w - - ",
        "move": "d1e1",
        "sorted saliencies": {
            "above threshold": {
                "d1": 1,
                "f1": 0.6743232568633393,
                "f8": 0.6583134189240515,
                "g2": 0.6217178047907033,
                "h7": 0.6163069421528717,
                "a8": 0.6030837388289364,
                "g3": 0.5723747609516948,
                "b3": 0.5666281036252373,
                "b8": 0.5622692442890097,
                "h2": 0.5353221329359305,
                "d5": 0.5245906048576249,
                "f2": 0.5194011105359477,
                "a2": 0.510539124428251,
                "a1": 0.4561823077895509,
                "e7": 0.4358262990837721,
                "f5": 0.4222171229686332,
                "a7": 0.4083193329746311,
                "f3": 0.4023797280071241,
                "e1": 0.390625,
                "d2": 0.6756911998849636,
                "h6": 0.6319882664637423,
                "h5": 0.623876062594626
            },
            "below threshold": {
                "c8": 0.2635469126433704,
                "b7": 0.22847212903128994,
                "g6": 0.2238597351741929,
                "d6": 0.19263660915140637,
                "a5": 0.18982587239300003,
                "e2": 0.15954865343372032,
                "b2": 0.11598970555467783,
                "c6": 0.050601897375728046
            }
        }
    },
    "puzzle7": {
        "fen": "2r3k1/1p2q1pp/2b1pr2/p1pp4/6Q1/1P1PP1R1/P1PN2PP/5RK1 w - - ",
        "move": "g4g7",
        "sorted saliencies": {
            "above threshold": {
                "g4": 1,
                "e7": 0.390625,
                "g8": 0.390625,
                "g7": 0.51112653984449,
                "g5": 0.51112653984449,
                "g6": 0.51112653984449,
                "f4": 0.3920839383840263,
                "f5": 0.390625,
                "f7": 0.390625
            },
            "below threshold": {
                "h2": 0.2799164446341913,
                "f1": 0.27535765313881766,
                "f6": 0.26142270080470387,
                "g3": 0.2582319576791106,
                "c2": 0.23174854146339163,
                "c8": 0.21550841646823668,
                "e6": 0.18153975262822097,
                "c5": 0.11774893944771828,
                "h7": 0.10650278814160985,
                "c6": 0.09815810468974036,
                "e3": 0.09705421505748899,
                "b7": 0.09207816839205567,
                "d2": 0.04087076443360041,
                "d3": 0.01663456513298285,
                "b3": 0.0147213203349915,
                "a2": 0.01415849975801334
            }
        }
    },
    "puzzle8": {
        "fen": "r1bqkb1r/4npp1/p1p4p/1p1pP1B1/8/1B6/PPPN1PPP/R2Q1RK1 w kq - ",
        "move": "d2e4",
        "sorted saliencies": {
            "above threshold": {
                "d2": 1,
                "b3": 0.7241135849022413,
                "f8": 0.7194464858007685,
                "e5": 0.7190188753211385,
                "d8": 0.703757111001243,