{
    "move1": {
        "fen": "3r4/7p/Rp4k1/5p2/4p3/2P5/PP3P1P/5K2 b - - 0 1",
        "move": "d8b8",
        "sorted saliencies": {
            "above threshold": {
                "b6": 1,
                "d8": 1,
                "a7": 0.5720436363049208,
                "f7": 0.563435774274105,
                "g2": 0.5634352015176208,
                "b8": 0.390625,
                "c8": 0.390625
            },
            "below threshold": {
                "a6": 0.19147407293820384,
                "f2": 0.10883020479751108,
                "a2": 0.09493373316107649,
                "b2": 0.08386780528016219,
                "f5": 0.055818599419347546,
                "c3": 0.021966259286159383,
                "h7": 0.00263471460375303
            }
        }
    }
}