{
    "move1": {
        "fen": "8/p3ppk1/1p4pp/3nN3/6PP/1P3P2/P3PK2/8 w - - 0 1",
        "move": "e5c6",
        "sorted saliencies": {
            "above threshold": {
                "e5": 1,
                "a7": 0.581568191994845,
                "d5": 0.4793605750550876,
                "b6": 0.4658472718365797,
                "h6": 0.45885015894873765,
                "g6": 0.4441138565197006,
                "e7": 0.39323139578458544
            },
            "below threshold": {
                "f7": 0.2571318972396935,
                "g4": 0.08822128908426426,
                "a2": 0.060530075241391014
            }
        }
    }
}