{
    "move1": {
        "fen": "1n6/4k2p/p3ppp1/1pPp4/3P1PP1/3NP3/P3K2P/8 w - - 0 1",
        "move": "e2d2",
        "sorted saliencies": {
            "above threshold": {
                "e2": 1,
                "d2": 0.7,
                "c4": 0.7,
                "c2": 0.7,
                "g2": 0.7
            },
            "below threshold": {
                "b8": 0.03587118862797017,
                "e6": 0.034470238404260216,
                "f6": 0.020877851822773595,
                "g6": 0.013342739376242294,
                "a6": 0.008335154062828368,
                "h7": 0.006607865340412341,
                "d4": 0.005520923854625927,
                "d5": 0.0034222608847429637,
                "c5": 0.0012802951094980511
            }
        }
    }
}