{
    "move1": {
        "fen": "2r3k1/4pp1p/3p2p1/p2R4/1r6/1P4P1/P3PP1P/R5K1 b - - 0 1",
        "move": "a5a4",
        "sorted saliencies": {
            "above threshold": {
                "a5": 1,
                "b4": 0.5105364267669091,
                "a4": 0.6613348356323803,
                "c7": 0.3906253832935753,
                "c6": 0.3906250653832603,
                "b7": 0.390625
            },
            "below threshold": {
                "c8": 0.11990420330657929,
                "d5": 0.08730324867131983,
                "e7": 0.08678930971467508,
                "f7": 0.07986670554484056,
                "d6": 0.0774202012535762,
                "g6": 0.07569495630315996,
                "b3": 0.07308367887393041,
                "a2": 0.07143230513742868,
                "h7": 0.0642377698015056
            }
        }
    }
}