{
    "Air": {
        "fen": "3r2k1/pRp2pp1/7p/8/8/8/PPP2PPP/6K1 w - - 0 1",
        "best move": "g1f1",
        "sorted saliencies": {
            "above threshold": {
                "g2": 0.26270053122651027,
                "h2": 0.2582689915157199,
                "c2": 0.24155102907072823,
                "f2": 0.2384158652729808,
                "d8": 0.2037456028623115,
                "b7": 0.19319892451713327,
                "a7": 0.16422349224728058
            },
            "below threshold": {
                "b2": 0.15914998862896348,
                "a2": 0.15634215642138619,
                "c7": 0.10380302068898917,
                "h6": 0.09088435426633572,
                "f7": 0.09030986873105613,
                "g7": 0.04707708975949442
            }
        }
    },
    "BlockExchange": {
        "fen": "3r1rk1/1pb1pppp/p1n2q2/8/3P2b1/1NP1PN2/PPQ2PPP/R3R1K1 w - - 1 1",
        "best move": "f3d2",
        "sorted saliencies": {
            "above threshold": {
                "f3": 1,
                "f7": 0.21823427204022006,
                "g4": 0.16855747899844462,
                "f6": 0.1646984262167416
            },
            "below threshold": {
                "d8": 0.08882290631677432,
                "f2": 0.08811777483233744,
                "g7": 0.07481097456036094,
                "c6": 0.047391115924628274,
                "e3": 0.04642944700840766,
                "f8": 0.040725319577447745,
                "c7": 0.04013287646411533,
                "b7": 0.029364043162906788,
                "e7": 0.027951549579589827,
                "a6": 0.026957866561573944,
                "c3": 0.009510706287749087,
                "h7": 0.00749083043424431,
                "d4": 0.0063717542546688705,
                "b2": 0.0020892242613978675
            }
        }
    },
    "ChangePawnStructure": {
        "fen": "r1bq1rk1/pp1nppbp/2p2np1/3p4/2PP1B2/2NBPN2/PP3PPP/R2QK2R w KQ - 3 8",
        "best move": "c4d5",
        "sorted saliencies": {
            "above threshold": {
                "c4": 1,
                "d5": 1
            },
            "below threshold": {
                "f3": 0.06460401572098239,
                "d7": 0.05827631525738016,
                "a1": 0.05631486651684042,
                "b7": 0.05087843184468425,
                "d4": 0.03815249488490077,
                "h2": 0.03792389006977403,
                "g2": 0.03713771702912278,
                "e7": 0.03481956159239644,
                "c8": 0.03195776720145169,
                "d8": 0.030552733302438132,
                "c3": 0.030306434067074024,
                "f4": 0.02547224821413311,
                "h1": 0.02475843341749026,
                "g7": 0.020100929701000865,
                "f7": 0.014432328564659772,
                "a8": 0.014193572148849141,
                "f8": 0.011225978042200149,
                "d3": 0.00932402622376931,
                "a2": 0.009271056337301612,
                "g6": 0.006383311657898735
            }
        }
    },
    "CreateWeakSquares": {
        "fen": "r1br1nk1/ppq1b1pp/2pp1p2/4p3/P2PP2N/1P2N3/1BP1RPPP/R1Q3K1 b - - 0 15",
        "best move": "f8e6",
        "sorted saliencies": {
            "above threshold": {
                "f8": 1
            },
            "below threshold": {
                "e3": 0.03645222229848783,
                "f6": 0.03616701186241245,
                "e5": 0.03346589765984493,
                "b2": 0.021283168234792645,
                "h4": 0.01697170926834637,
                "e7": 0.01590388272326595,
                "a1": 0.014389699986628248,
                "d4": 0.012783658066479683,
                "a4": 0.010740880656097514,
                "b3": 0.006159862031616281,
                "a8": 0.006118848444673297,
                "e2": 0.004550553398842316,
                "c1": 0.004023492378769511,
                "g7": 0.0038376440015284977
            }
        }
    },
    "ImproveActivity": {
        "fen": "1r5k/ppp2pp1/2np3p/4p2P/4P3/3P4/PPP1BPP1/3R2K1 w - - 1 1",
        "best move": "c2c3",
        "sorted saliencies": {
            "above threshold": {
                "c2": 1
            },
            "below threshold": {
                "b7": 0.04139661454612395,
                "c6": 0.03510943654199996,
                "d3": 0.012523380807536285,
                "b8": 0.009050660963020252,
                "f2": 0.0033836463662102433,
                "e4": 0.0015383399348035515,
                "g7": 0.0004481319461514833
            }
        }
    },
    "LongTermPlusses": {
        "fen": "r2qr1k1/1b1nbpp1/p4n1p/1p1p1B2/2pP3B/1PN1PN2/P1Q2PPP/2R2RK1 b - - 1 18",
        "best move": "b5b4",
        "sorted saliencies": {
            "above threshold": {
                "b5": 1
            },
            "below threshold": {
                "c3": 0.10574139296487814,
                "d8": 0.07663133648113615,
                "c2": 0.06269363242242304,
                "c4": 0.051898170308193686,
                "g2": 0.04334432410291735,
                "h4": 0.03762480776519457,
                "b3": 0.033839350279135996,
                "f5": 0.0318687971593258,
                "e7": 0.024082930119503406,
                "c1": 0.021023971063744123,
                "f3": 0.015914174728502414,
                "f1": 0.009766007174651687,
                "a2": 0.005383404279489568,
                "e3": 0.005121723859445212
            }
        }
    },
    "MaterialAdvantage": {
        "fen": "3q2k1/1Bnr1pb1/r3p1p1/pp5p/2PP4/1PBR3P/2Q2PP1/3R2K1 b - - 0 25",
        "best move": "a6b6",
        "sorted saliencies": {
            "above threshold": {
                "a6": 1
            },
            "below threshold": {
                "b7": 0.24913786723899142,
                "c2": 0.23099800016742206,
                "d1": 0.20801779428720704,
                "g2": 0.1854917881301305,
                "d3": 0.1850382578912533,
                "f2": 0.15735126000510183,
                "d4": 0.15305619282213948,
                "c3": 0.14898657103660906,
                "e6": 0.11924172598402168,
                "h3": 0.08699439970322906,
                "b5": 0.049228852662408805,
                "f7": 0.0332163347761496,
                "c7": 0.03280262029119958,
                "a5": 0.025491718378215098
            }
        }
    },
    "OfferExchange": {
        "fen": "r1n1nrk1/ppqbbppp/2p1p3/2PpP1B1/1P1P4/P1N2N2/1Q2BPPP/R4RK1 b - - 1 1",
        "best move": "e7g5",
        "sorted saliencies": {
            "above threshold": {
                "e7": 1
            },
            "below threshold": {
                "g5": 0.15923662226493618
            }
        }
    },
    "Overprotection": {
        "fen": "r1b1nrk1/1p1pbppp/pqn1p3/4P3/8/1P4BB/P1P1QPPP/RN2K1NR w - - 0 1",
        "best move": "e1f1",
        "sorted saliencies": {
            "above threshold": {
                "e2": 0.1515592025313083,
                "b3": 0.13973343958744658,
                "c2": 0.13465006622648232,
                "f2": 0.10884553950498087,
                "b6": 0.0877533395233794,
                "h2": 0.08435900850803765,
                "e7": 0.05963376474513948
            },
            "below threshold": {
                "g7": 0.04377487929177177,
                "g3": 0.03619912943862136,
                "e8": 0.02913745078937024,
                "c6": 0.01717713431496674,
                "a8": 0.015912430505780097,
                "h7": 0.005189825197643629,
                "h3": 0.002005525203443135,
                "g1": 0.0016933986068302044
            }
        }
    },
    "PawnBreakthrough": {
        "fen": "2r2rk1/ppqnbppp/2p1p3/3pP3/3P4/2P2N2/PPB1QPPP/1R3RK1 b - - 0 1",
        "best move": "c6c5",
        "sorted saliencies": {
            "above threshold": {
                "c6": 1,
                "e7": 0.06560118956704848
            },