{
    "move1": {
        "fen": "8/8/p4Bp1/1pPb2P1/1P2kp2/P7/5K2/8 w - - 0 1",
        "move": "f6e7",
        "sorted saliencies": {
            "above threshold": {
                "f6": 1,
                "a5": 0.5311901485097872,
                "e6": 0.48675183049518245,
                "f3": 0.4845951428550154,
                "e7": 0.390625
            },
            "below threshold": {
                "f4": 0.08736007753110052,
                "b5": 0.07694911986248572,
                "g6": 0.07241154580592352,
                "a6": 0.06813247491304891,
                "b4": 0.06678507563796976,
                "g5": 0.0544660285183277,
                "c5": 0.049247538963242195,
                "d5": 0.04540893121490964,
                "a3": 0.039974284817757846
            }
        }
    }
}