{
    "move1": {
        "fen": "8/8/p4Bp1/1pPb2P1/1P2kp2/P7/5K2/8 w - - 0 1",
        "move": "f6e7",
        "sorted saliencies": {
            "above threshold": {
                "f6": 1,
                "e7": 0.6857158877633182,
                "e6": 0.3912177182585006,
                "f3": 0.3912177182585006,
                "d7": 0.390625
            },
            "below threshold": {
                "f4": 0.08736007753110052,
                "g6": 0.07241154580592352,
                "g5": 0.0544660285183277,
                "d5": 0.04540893121490964,
                "b5": 0.042430638751431486,
                "a6": 0.04181136556484511,
                "c5": 0.04084600010215662,
                "b4": 0.03924984085263385,
                "a3": 0.0383369478215543
            }
        }
    }
}