{
    "Air": {
        "fen": "3r2k1/pRp2pp1/7p/8/8/8/PPP2PPP/6K1 w - - 0 1",
        "best move": "g1f1",
        "sorted saliencies": {
            "above threshold": {
                "g1": 1,
                "f2": 0.6632970919258243,
                "h2": 0.6237250263973109,
                "g2": 0.6178119063755094,
                "c7": 0.614794534228597,
                "h6": 0.5735536239690332,
                "g7": 0.5588916038023707,
                "a7": 0.5437880944863525,
                "f7": 0.5250502409407718,
                "c2": 0.47561553786063376,
                "b2": 0.47330195491241317,
                "a2": 0.4725863678490989,
                "f1": 0.390625,
                "c3": 0.6283447346481408,
                "a6": 0.5985752736964886,
                "a3": 0.5976931227302003
            },
            "below threshold": {
                "d8": 0.15469633683153478
            }
        }
    },
    "BlockExchange": {
        "fen": "3r1rk1/1pb1pppp/p1n2q2/8/3P2b1/1NP1PN2/PPQ2PPP/R3R1K1 w - - 1 1",
        "best move": "b3d2",
        "sorted saliencies": {
            "above threshold": {
                "b3": 1,
                "f3": 0.5770206834688866,
                "c2": 0.5456791645161847,
                "d2": 0.390625,
                "c5": 0.7,
                "d7": 0.7,
                "e5": 0.7
            },
            "below threshold": {
                "g4": 0.3838223093478923,
                "f2": 0.35597497639520914,
                "a2": 0.34256328237140776,
                "b2": 0.34115738119213446,
                "h2": 0.32503643913501507,
                "a1": 0.29588853120645475,
                "g7": 0.29223076154976774,
                "c3": 0.2844577021878049,
                "c7": 0.26004352871764946,
                "f6": 0.2502745822445441,
                "e3": 0.24187674326593755,
                "d8": 0.23723249087777212,
                "e1": 0.19936303950358097,
                "d4": 0.18877352426438362,
                "c6": 0.15669653341574527,
                "g2": 0.11840312586503046,
                "e7": 0.11052382289803687,
                "b7": 0.10502111731777045,
                "f8": 0.09020081179537172,
                "h7": 0.08906521912238065
            }
        }
    },
    "ChangePawnStructure": {
        "fen": "r1bq1rk1/pp1nppbp/2p2np1/3p4/2PP1B2/2NBPN2/PP3PPP/R2QK2R w KQ - 3 8",
        "best move": "c4d5",
        "sorted saliencies": {
            "above threshold": {
                "c4": 1,
                "d5": 1,
                "c6": 0.390625,
                "b4": 0.7,
                "g4": 0.7,
                "e5": 0.7
            },
            "below threshold": {}
        }
    },
    "CreateWeakSquares": {
        "fen": "r1br1nk1/ppq1b1pp/2pp1p2/4p3/P2PP2N/1P2N3/1BP1RPPP/R1Q3K1 b - - 0 15",
        "best move": "f8e6",
        "sorted saliencies": {
            "above threshold": {
                "f8": 1,
                "e6": 0.390625,
                "e7": 0.390625,
                "d5": 0.7,
                "f5": 0.7,
                "g6": 0.7
            },
            "below threshold": {
                "c7": 0.081767576334037,
                "e2": 0.06327099791917185,
                "a1": 0.055083911807676224,
                "e3": 0.046377818250071416,
                "c1": 0.03951437269036332,
                "b2": 0.019273067782213812
            }
        }
    },
    "ImproveActivity": {
        "fen": "1r5k/ppp2pp1/2np3p/4p2P/4P3/3P4/PPP1BPP1/3R2K1 w - - 1 1",
        "best move": "c2c3",
        "sorted saliencies": {
            "above threshold": {
                "c2": 1,
                "c3": 0.390625,
                "f4": 0.7,
                "f3": 0.7,
                "e6": 0.7
            },
            "below threshold": {}
        }
    },
    "LongTermPlusses": {
        "fen": "r2qr1k1/1b1nbpp1/p4n1p/1p1p1B2/2pP3B/1PN1PN2/P1Q2PPP/2R2RK1 b - - 1 18",
        "best move": "b5b4",
        "sorted saliencies": {
            "above threshold": {
                "b5": 1,
                "e7": 0.4487995160651327,
                "b4": 0.390625,
                "a3": 0.7,
                "e2": 0.7,
                "e5": 0.7
            },
            "below threshold": {
                "c3": 0.08951156180747802,
                "d7": 0.07374105339926482,
                "c2": 0.07310712550731994,
                "c4": 0.044737450481269675,
                "f6": 0.03679637943110597,
                "d8": 0.032225163023750975,
                "f7": 0.019282158048419058,
                "a8": 0.0015476735261165146
            }
        }
    },
    "MaterialAdvantage": {
        "fen": "3q2k1/1Bnr1pb1/r3p1p1/pp5p/2PP4/1PBR3P/2Q2PP1/3R2K1 b - - 0 25",
        "best move": "a6b6",
        "sorted saliencies": {
            "above threshold": {
                "a6": 1,
                "b7": 0.6594921860876891,
                "c7": 0.47345526658555925,
                "b6": 0.390625,
                "c5": 0.7,
                "d5": 0.7,
                "a2": 0.7
            },
            "below threshold": {
                "b5": 0.2952974224802838,
                "b3": 0.2691603264573088,
                "g6": 0.258371895064773,
                "d1": 0.25102103935673814,
                "g2": 0.2450943029300993,
                "f2": 0.23794485624527215,
                "d3": 0.23033657782437572,
                "c3": 0.18501051485962966,
                "c2": 0.18417113215179876,
                "h3": 0.15131962318314884,
                "d8": 0.12095086354624353,
                "d4": 0.04488884774188246,
                "a5": 0.039388269614110245,
                "f7": 0.00887062699466121
            }
        }
    },
    "OfferExchange": {
        "fen": "r1n1nrk1/ppqbbppp/2p1p3/2PpP1B1/1P1P4/P1N2N2/1Q2BPPP/R4RK1 b - - 1 1",
        "best move": "e7g5",
        "sorted saliencies": {
            "above threshold": {
                "e7": 1,
                "g5": 0.699959235485242,
                "c8": 0.390625,
                "f6": 0.390625,
                "f4": 0.7,
                "h4": 0.7,
                "e4": 0.7
            },
            "below threshold": {
                "c5": 0.18184855522391485,
                "e5": 0.12640220588313647,
                "b4": 0.09890414452061588,
                "a3": 0.08236165040400631,
                "g2": 0.07852942862564705,
                "h2": 0.061155446098014724,
                "f2": 0.034481649711274175
            }
        }
    },
    "Overprotection": {
        "fen": "r1b1nrk1/1p1pbppp/pqn1p3/4P3/8/1P4BB/P1P1QPPP/RN2K1NR w - - 0 1",
        "best move": "g1f3",
        "sorted saliencies": {
            "above threshold": {
                "g1": 1,
                "e2": 0.6051400435378937,
                "h1": 0.5012760900147354,
                "f3": 0.390625,
                "h4": 0.7,
                "e4": 0.7,
                "h5": 0.7
            },
            "below threshold": {
                "b3": 0.18628470082295143,
                "e8": 0.1831197721531406,
                "e7": 0.16842826817085552,
                "a1": 0.15904574613145014,
                "c8": 0.15894092910390817,
                "g7": 0.14633165175300086,
                "h3": 0.1460239935540962,
                "e5": 0.1419829377761381,
                "f8": 0.13330593636812596,
                "b1": 0.13156079683404684,
                "f7": 0.1277360736318869,
                "g3": 0.12341579639873963,
                "e6": 0.11702457213207555,
                "b7": 0.09969529568508699,
                "h7": 0.08541748664335182,
                "c6": 0.07104009807147373,
                "a8": 0.06112378570962813,
                "d7": 0.05256745691623483,
                "a6": 0.002415980322780146
            }
        }
    },
    "PawnBreakthrough": {
        "fen": "2r2rk1/ppqnbppp/2p1p3/3pP3/3P4/2P2N2/PPB1QPPP/1R3RK1 b - - 0 1",
        "best move": "c6c5",