{
    "move1": {
        "fen": "2r3k1/4pp1p/3p2p1/p2R4/1r6/1P4P1/P3PP1P/R5K1 b - - 0 1",
        "move": "a5a4",
        "sorted saliencies": {
            "above threshold": {
                "a5": 1,
                "b4": 0.43331652466981335,
                "a4": 0.7,
                "d4": 0.7,
                "d2": 0.7,
                "d3": 0.7
            },
            "below threshold": {
                "a2": 0.1307078257621091,
                "d5": 0.08566497659967112,
                "e7": 0.04750091674217085,
                "d6": 0.017073665988413103,
                "b3": 0.016034188993093345
            }
        }
    }
}