{
    "move1": {
        "fen": "8/4k3/r4pp1/pR6/P4KP1/5P2/8/8 w - - 0 1",
        "move": "g4g5",
        "sorted saliencies": {
            "above threshold": {
                "a4": 1,
                "a5": 1,
                "a6": 1,
                "b5": 1,
                "f3": 1,
                "f6": 1,
                "g4": 1,
                "g6": 1,
                "g5": 0.78125,
                "b4": 0.39062500000000006,
                "f5": 0.39062500000000006,
                "a2": 0.390625
            },
            "below threshold": {}
        }
    }
}