{
    "move1": {
        "fen": "8/4k3/r4pp1/pR6/P4KP1/5P2/8/8 w - - 0 1",
        "move": "g4g5",
        "sorted saliencies": {
            "above threshold": {
                "g4": 1,
                "f6": 0.390625,
                "g5": 0.78125,
                "b4": 0.39062500000000006,
                "f5": 0.39062500000000006,
                "a2": 0.390625
            },
            "below threshold": {
                "a4": 3.9195436298894514e-17,
                "f3": 3.4990948054120877e-17
            }
        }
    }
}