{
    "move1": {
        "fen": "8/4k3/r4pp1/pR6/P4KP1/5P2/8/8 w - - 0 1",
        "move": "g4g5",
        "sorted saliencies": {
            "above threshold": {
                "g4": 1,
                "f6": 0.6483778028765812,
                "g5": 0.7,
                "h3": 0.7,
                "h2": 0.7,
                "f7": 0.7
            },
            "below threshold": {
                "a5": 0.20556510603516254,
                "g6": 0.19700042969712778,
                "a4": 0.1894540435861924,
                "f3": 0.09458421358859409,
                "a6": 0.07713116163255744
            }
        }
    }
}