{
    "move1": {
        "fen": "1n6/4k2p/p3ppp1/1pPp4/3P1PP1/3NP3/P3K2P/8 w - - 0 1",
        "move": "g4g5",
        "sorted saliencies": {
            "above threshold": {
                "g4": 1,
                "a2": 0.4794166869299118,
                "c5": 0.4656895934231694,
                "f4": 0.4087587636302351,
                "g6": 0.4044870001992041,
                "h7": 0.39479554676873685
            },
            "below threshold": {
                "f6": 0.35282792337685986,
                "b8": 0.3214368496947094,
                "d3": 0.3163420390739263,
                "d4": 0.3098725362122557,
                "a6": 0.28475711454547464,
                "b5": 0.2768940092542598,
                "e3": 0.26255128044741,
                "d5": 0.25703168816637606,
                "e6": 0.18991661294560622,
                "h2": 0.16596826277896434
            }
        }
    }
}