{
    "move1": {
        "fen": "4b3/5k2/4p1p1/3pP2p/2pP1P1P/2P5/6N1/2K5 w - - 0 1",
        "move": "c1d2",
        "sorted saliencies": {
            "above threshold": {
                "c1": 1,
                "d2": 0.390625
            },
            "below threshold": {
                "e6": 0.2897562284072012,
                "e8": 0.25635321286574003,
                "h5": 0.23713116933114348,
                "g6": 0.2245669650727174,
                "d5": 0.20112668723156796,
                "c4": 0.19608019594372067,
                "d4": 0.18394552950315396,
                "c3": 0.15100871396646542,
                "g2": 0.14584714643331878,
                "e5": 0.1447006847662205
            }
        }
    }
}