{
    "move1": {
        "fen": "4b3/5k2/4p1p1/3pP2p/2pP1P1P/2P5/6N1/2K5 w - - 0 1",
        "move": "c1d2",
        "sorted saliencies": {
            "above threshold": {
                "c1": 1,
                "c3": 1,
                "c4": 1,
                "d4": 1,
                "d5": 1,
                "e5": 1,
                "e6": 1,
                "e8": 1,
                "f4": 1,
                "g2": 1,
                "g6": 1,
                "h4": 1,
                "h5": 1,
                "d2": 0.5307722940777495,
                "d7": 0.4080191180106112,
                "b5": 0.3988989065519657,
                "b4": 0.390625
            },
            "below threshold": {}
        }
    }
}