{
    "move1": {
        "fen": "8/1p1b2k1/p1p1p1p1/2P1P2p/1P3P1P/P2B4/5K2/8 w - - 0 1",
        "move": "f2f1",
        "sorted saliencies": {
            "above threshold": {
                "f2": 1,
                "d3": 0.48903618288194795,
                "f1": 0.390625
            },
            "below threshold": {
                "c5": 0.06461456508620161,
                "b7": 0.036628357718480914,
                "f4": 0.032340748031112414,
                "g6": 0.028923448407441793,
                "d7": 0.022489795064857723,
                "e6": 0.010680380430047648,
                "a6": 0.006301256436702511,
                "e5": 0.0024369561803426,
                "b4": 0.002158466620051755,
                "h4": 0.0017808731964052715
            }
        }
    }
}