{
    "move1": {
        "fen": "8/5b2/1k2p1p1/2NpP1P1/1K1P4/8/8/8 w - - 0 1",
        "move": "c5d3",
        "sorted saliencies": {
            "above threshold": {
                "c5": 1,
                "d3": 0.7030431025780461,
                "c6": 0.390625,
                "c7": 0.390625,
                "d2": 0.390625
            },
            "below threshold": {
                "d4": 0.07753882195248932,
                "e5": 0.05418288084752155,
                "d5": 0.028361645646503158,
                "f7": 0.0008985223571265451
            }
        }
    }
}