{
    "move1": {
        "fen": "3R4/1p6/2b5/2P1k2p/p3p2P/P6r/1P2KB2/8 b - - 0 1",
        "move": "e5f5",
        "sorted saliencies": {
            "above threshold": {
                "e5": 1,
                "f5": 0.390625
            },
            "below threshold": {
                "f2": 0.14124638623840788,
                "d8": 0.05272047425113968,
                "c5": 0.039642050059603626,
                "h4": 0.024319518782819037,
                "a4": 0.0028485241655713776
            }
        }
    }
}