{
    "move1": {
        "fen": "8/5b2/1k2p1p1/2NpP1P1/1K1P4/8/8/8 w - - 0 1",
        "move": "b4c3",
        "sorted saliencies": {
            "above threshold": {
                "b4": 1,
                "c3": 0.7,
                "c6": 0.7,
                "c7": 0.7,
                "d2": 0.7
            },
            "below threshold": {
                "d4": 0.16435633732529362,
                "g6": 0.1455588036424294,
                "e5": 0.047162613679393124,
                "d5": 0.029459133932129684,
                "f7": 0.024599806630362875
            }
        }
    }
}