{
    "move1": {
        "fen": "8/1pk3pp/p7/3p1p2/8/3K2P1/PP2PP1P/8 w - - 0 1",
        "move": "d3d4",
        "sorted saliencies": {
            "above threshold": {
                "a2": 1,
                "a6": 1,
                "b2": 1,
                "b7": 1,
                "d3": 1,
                "d5": 1,
                "e2": 1,
                "f2": 1,
                "f5": 1,
                "g3": 1,
                "g7": 1,
                "h2": 1,
                "h7": 1,
                "d4": 0.6577235571259568,
                "b5": 0.3936294206699997,
                "b6": 0.3936294206699997,
                "a5": 0.390625
            },
            "below threshold": {}
        }
    }
}