{
    "move1": {
        "fen": "8/1pk3pp/p7/3p1p2/8/3K2P1/PP2PP1P/8 w - - 0 1",
        "move": "d3d4",
        "sorted saliencies": {
            "above threshold": {
                "d3": 1,
                "d4": 0.7,
                "b5": 0.7,
                "b6": 0.7,
                "a5": 0.7
            },
            "below threshold": {
                "g7": 0.0015683413736819847,
                "f5": 0.00021474574821151652
            }
        }
    }
}