{
    "move1": {
        "fen": "6k1/p2b1ppp/8/8/3N4/1P5P/5PP1/6K1 b - - 0 1",
        "move": "g8f8",
        "sorted saliencies": {
            "above threshold": {
                "g8": 1,
                "f8": 0.390625
            },
            "below threshold": {
                "d4": 0.09015678278386215,
                "h3": 0.04539087909869506
            }
        }
    }
}