{
    "move1": {
        "fen": "8/p1p1k3/1p1p2p1/3Pq2p/2P1P3/1P3QPK/P7/8 w - - 0 1",
        "move": "g3g4",
        "sorted saliencies": {
            "above threshold": {
                "g3": 1,
                "f3": 0.5008334656758437,
                "g4": 0.7,
                "f4": 0.7,
                "f5": 0.7,
                "f6": 0.7
            },
            "below threshold": {
                "g6": 0.05900824137457547,
                "c4": 0.03209898773740366,
                "h5": 0.014029037105565438,
                "d6": 0.003035885295024139
            }
        }
    }
}