{
    "move1": {
        "fen": "8/p1p1k3/1p1p2p1/3Pq2p/2P1P3/1P3QPK/P7/8 w - - 0 1",
        "move": "g3g4",
        "sorted saliencies": {
            "above threshold": {
                "g3": 1,
                "f3": 0.4259124409023291,
                "g4": 0.7287464976853455,
                "c6": 0.40965521184576026,
                "g7": 0.3906927715870657,
                "h4": 0.390625
            },
            "below threshold": {
                "g6": 0.05900824137457547,
                "h5": 0.042550860113168956,
                "e4": 0.03733626214482958,
                "c4": 0.03209898773740366,
                "d6": 0.003035885295024139
            }
        }
    }
}