{
    "pawnPromotion": {
        "fen": "8/3P3k/n2K3p/2p3n1/1b4N1/2p1p1P1/8/3B4 w - - 0 4",
        "best move": "g4e3",
        "sorted saliencies": {
            "above threshold": {
                "c5": 1,
                "g4": 1,
                "e3": 0.5935181105989378,
                "f6": 0.7,
                "c6": 0.7,
                "e6": 0.7
            },
            "below threshold": {
                "g3": 0.07225153263355394,
                "g5": 0.05851303895155466,
                "b4": 0.05169116300841276,
                "h6": 0.017820138189542613,
                "a6": 0.012360473889812245
            }
        }
    },
    "littleSalient": {
        "fen": "rnbqkb1r/pp1ppp1p/5np1/2p5/2P5/1P6/PB1PPPPP/RN1QKBNR w KQkq - 0 4",
        "best move": "e2e3",
        "sorted saliencies": {
            "above threshold": {
                "e2": 1,
                "f1": 0.42028791092235945,
                "e1": 0.390625,
                "e3": 0.390625,
                "g5": 0.7,
                "g4": 0.7,
                "g3": 0.7
            },
            "below threshold": {
                "g2": 0.0376002230176005,
                "h2": 0.02165113763797172,
                "f7": 0.016903566199199676,
                "d8": 0.01457619860501542,
                "h1": 0.01378988111472159,
                "e7": 0.013376357695550496,
                "a8": 0.011952430807395014,
                "a7": 0.00988606385610755,
                "b3": 0.009136431983139043,
                "g6": 0.00871776407168669,
                "a1": 0.008396792186130866,
                "h8": 0.008284108634020789,
                "c5": 0.007884925807516084,
                "c4": 0.007568140444948222,
                "f8": 0.003977849422912136,
                "b7": 0.0032231747965778806,
                "h7": 0.0020972943840849904,
                "d7": 1.5336531818169428e-05
            }
        }
    },
    "kingSaliency": {
        "fen": "r1b4k/3q3r/8/2pP1Q2/1pB3n1/8/PP4PP/3R2K1 w - - 0 2",
        "best move": "f5f8",
        "sorted saliencies": {
            "above threshold": {
                "f5": 1,
                "f8": 1,
                "h8": 1,
                "c8": 0.8024578000756785,
                "f6": 0.390625,
                "f7": 0.390625,
                "e3": 0.7,
                "e5": 0.7,
                "e7": 0.7
            },
            "below threshold": {
                "h7": 3.11138994893323e-08,
                "d7": 1.647348923930882e-12
            }
        }
    },
    "manySalient": {
        "fen": "2r1r1k1/b4ppp/p3p3/Pp2Nq2/1Pbp1B2/R7/2PQ1PP1/4R1K1 w - - 0 1",
        "best move": "g2g4",
        "sorted saliencies": {
            "above threshold": {
                "g2": 1,
                "e5": 0.8752065695224953,
                "f7": 0.845704108110926,
                "h7": 0.8438346201521182,
                "f5": 0.826415411350874,
                "e1": 0.7913416228583734,
                "d4": 0.6978863269369686,
                "e6": 0.694940927798729,
                "f2": 0.615147666250959,
                "c4": 0.6007764676164138,
                "d2": 0.5053679108929451,
                "g7": 0.46621428031898227,
                "g3": 0.390625,
                "g4": 0.390625,
                "f6": 0.7876421239953494,
                "e7": 0.7020996858945533,
                "d5": 0.6660455322153409
            },
            "below threshold": {
                "f4": 0.3354704653714089,
                "a7": 0.13892749433783252,
                "c8": 0.09709416799752527,
                "a5": 0.014620069197261965,
                "e8": 0.012018020102837269,
                "b4": 0.01138850471382504,
                "c2": 0.008218676691044143
            }
        }
    }
}