{
    "puzzle1": {
        "fen": "2q1rr1k/3bbnnp/p2p1pp1/2pPp3/PpP1P1P1/1P2BNNP/2BQ1PRK/7R b - - ",
        "move": "c8d8",
        "sorted saliencies": {
            "above threshold": {
                "c8": 1,
                "e7": 0.399955549011033,
                "d7": 0.390625,
                "d8": 0.7410763704862926,
                "e2": 0.44649331862921476,
                "h4": 0.39288813722146965,
                "h6": 0.390625
            },
            "below threshold": {
                "h3": 0.041988669715907145,
                "d2": 0.03564839053445994,
                "e4": 0.030052235203886165,
                "c5": 0.027969902617736814,
                "g4": 0.025176319237883552,
                "d5": 0.024159030676657686,
                "g3": 0.023453677845313887,
                "f3": 0.02005436593294767,
                "e3": 0.017656996543444665,
                "c2": 0.01627095162217457,
                "c4": 0.014687874615404875,
                "a4": 0.012879725022411078,
                "h1": 0.011493640841335445,
                "g2": 0.008406704204307766,
                "e5": 0.008343559691327057,
                "d6": 0.00806647783765805,
                "f2": 0.006310757797000404,
                "b3": 0.0045038906274596745,
                "b4": 0.0026146126217261876,
                "f6": 0.0021827900321498856
            }
        }
    },
    "puzzle2": {
        "fen": "3r1k2/4npp1/1ppr3p/p6P/P2PPPP1/1NR5/5K2/2R5 w - - ",
        "move": "d4d5",
        "sorted saliencies": {
            "above threshold": {
                "d4": 1,
                "d5": 0.7096418604669259,
                "c2": 0.39076362032658557,
                "c4": 0.39066322239715123,
                "c5": 0.390625
            },
            "below threshold": {
                "b6": 0.058980618919624084,
                "f4": 0.05204045331693426,
                "e7": 0.0486300656493101,
                "e4": 0.04655204226522064,
                "c3": 0.04555899815155237,
                "c1": 0.04314929663661496,
                "a5": 0.043120291133288045,
                "h5": 0.017993908698811643,
                "d6": 0.009593251449601395
            }
        }
    },
    "puzzle3": {
        "fen": "rnbqkb1r/p3pppp/1p6/2ppP3/3N4/2P5/PPP1QPPP/R1B1KB1R w KQkq",
        "move": "e5e6",
        "sorted saliencies": {
            "above threshold": {
                "e5": 1,
                "d4": 0.5670532350325463,
                "f7": 0.4279747403722453,
                "e6": 0.6318475581116205,
                "c7": 0.39344173433238305,
                "c6": 0.3933403106376153,
                "d6": 0.390625
            },
            "below threshold": {
                "e7": 0.18616995688077598,
                "f8": 0.1665519335176386,
                "c5": 0.15188737332568672,
                "d5": 0.1465129498665973,
                "b2": 0.06843091254859646,
                "g2": 0.06403517401183766,
                "e2": 0.05843880252259588,
                "a1": 0.0511872873208518,
                "a8": 0.04880364049227899,
                "c2": 0.043163649521720464,
                "c8": 0.03825500047802856,
                "a7": 0.036104825843348974,
                "h1": 0.03400243166938585,
                "f2": 0.03389390546857356,
                "c1": 0.033274555063931496,
                "d8": 0.015568999328991754,
                "h2": 0.013644283847562697,
                "h7": 0.012566742764059745,
                "b6": 0.005028068472424648
            }
        }
    },
    "puzzle4": {
        "fen": "2r3k1/pppR1pp1/4p3/4P1P1/5P2/1P4K1/P1P5/8 w - - ",
        "move": "g5g6",
        "sorted saliencies": {
            "above threshold": {
                "g5": 1,
                "g6": 0.6661825507425007,
                "e4": 0.3907842084607605,
                "e3": 0.39072562543714195,
                "e2": 0.390625
            },
            "below threshold": {
                "d7": 0.06861204054248202,
                "f7": 0.029397664248579144,
                "c8": 0.025678091952336494,
                "g7": 0.007438207485298796,
                "e5": 0.006967945232568598
            }
        }
    },
    "puzzle5": {
        "fen": "4b3/p3kp2/6p1/3pP2p/2pP1P2/4K1P1/P3N2P/8 w - - ",
        "move": "f4f5",
        "sorted saliencies": {
            "above threshold": {
                "f4": 1,
                "g6": 0.390625,
                "f5": 0.5423709490261269,
                "g2": 0.4203596719310234,
                "e4": 0.392233085860914,
                "h4": 0.390625
            },
            "below threshold": {
                "h5": 0.280825453754465,
                "f7": 0.26351988998689724,
                "d5": 0.2035181190857278,
                "e5": 0.1969415236594093,
                "g3": 0.192345805850353,
                "h2": 0.18113331009849956,
                "e2": 0.16594349768272998,
                "d4": 0.15289315921495003,
                "e8": 0.07031983852220738
            }
        }
    },
    "puzzle6": {
        "fen": "2kr1bnr/pbpq4/2n1pp2/3p3p/3P1P1B/2N2N1Q/PPP3PP/2KR1B1R w - - ",
        "move": "f1d3",
        "sorted saliencies": {
            "above threshold": {
                "f1": 1,
                "d3": 0.7536453604340283,
                "e2": 0.7536453604340283,
                "c4": 0.4011008397625243,
                "c5": 0.4010359427761406,
                "e7": 0.390625
            },
            "below threshold": {
                "f3": 0.04322182186638021,
                "e6": 0.03275697320416873,
                "h3": 0.03200510123076121,
                "d4": 0.023197329628076437,
                "d5": 0.021621651967835463,
                "d7": 0.01676896815374678,
                "f8": 0.014989780691619757,
                "g2": 0.01204238850800582,
                "b2": 0.011488770390877376,
                "b7": 0.010574493041695287,
                "c6": 0.008949854623044646,
                "h5": 0.006814891831922789,
                "d8": 0.006509089510980206,
                "h8": 0.006267721486046205,
                "c2": 0.0055747035615898105,
                "h2": 0.004954827925905935,
                "h4": 0.004111303011731672,
                "g8": 0.004050652462293455,
                "a7": 0.0007436706746584429
            }
        }
    },
    "puzzle7": {
        "fen": "2r1nrk1/p2q1ppp/bp1p4/n1pPp3/P1P1P3/2PBB1N1/4QPPP/R4RK1 w - - ",
        "move": "f2f4",
        "sorted saliencies": {
            "above threshold": {
                "f2": 1,
                "e3": 0.4034981934072895,
                "e5": 0.4023645147975951,
                "f3": 0.7036357187775182,
                "f4": 0.7036357187775182,
                "a3": 0.39372589243929906,
                "a2": 0.39203468000141495,
                "d4": 0.390625
            },
            "below threshold": {
                "d3": 0.05235757353050455,
                "e2": 0.03205204242140684,
                "c5": 0.0284364287450623,
                "g7": 0.028339814628244725,
                "d5": 0.017369177711248896,
                "a6": 0.015427209730042623,
                "a5": 0.009402795825734302,
                "h2": 0.009033841057888549,
                "g2": 0.008718557854783154,
                "a7": 0.008422779973953312,
                "f8": 0.0067612947172612575,
                "c3": 0.004142374847546129,
                "c8": 0.0035681098848063175,
                "e8": 0.0024890291943985717,
                "a4": 0.0010488420270426417
            }
        }
    },
    "puzzle8": {
        "fen": "r2q1rk1/4bppp/p2p4/2pP4/3pP3/3Q4/PP1B1PPP/R3R1K1 w - - ",
        "move": "b2b4",
        "sorted saliencies": {
            "above threshold": {
                "b2": 1,
                "d2": 0.4045418794167007,
                "c5": 0.4026087467660879,
                "b3": 0.7686303773650289,
                "b4": 0.7686303773650289,