{
    "move1": {
        "fen": "3r4/7p/Rp4k1/5p2/4p3/2P5/PP3P1P/5K2 b - - 0 1",
        "move": "g6g5",
        "sorted saliencies": {
            "above threshold": {
                "g6": 1,
                "g5": 0.7,
                "f6": 0.7,
                "f7": 0.7,
                "g2": 0.7
            },
            "below threshold": {
                "a6": 0.12668618779860408,
                "c3": 0.11251547859204306,
                "b2": 0.10217013959477718,
                "h2": 0.10205817565510915,
                "a2": 0.09252449276718128,
                "e4": 0.08675509805970151,
                "f5": 0.07541742344621905,
                "d8": 0.06321596720310681,
                "h7": 0.023013834877338577,
                "f2": 0.009589036497554002
            }
        }
    }
}