{
    "move1": {
        "fen": "3R4/1p6/2b5/2P1k2p/p3p2P/P6r/1P2KB2/8 b - - 0 1",
        "move": "c6d5",
        "sorted saliencies": {
            "above threshold": {
                "c6": 1,
                "d5": 0.6762596914350179,
                "b3": 0.40664354970221894,
                "h6": 0.390625,
                "h7": 0.390625
            },
            "below threshold": {
                "a3": 0.10583490758829879,
                "h5": 0.10499030856498211,
                "a4": 0.09832569670413924,
                "e4": 0.07139134276613343,
                "b2": 0.06938259184900147,
                "h3": 0.06835983963739066,
                "b7": 0.06344838419039125,
                "h4": 0.05197465312993375,
                "d8": 0.03308671105528237,
                "f2": 0.03232961180831587
            }
        }
    }
}