{
    "move1": {
        "fen": "4b3/5k2/4p1p1/3pP2p/2pP1P1P/2P5/6N1/2K5 w - - 0 1",
        "move": "g2e1",
        "sorted saliencies": {
            "above threshold": {
                "g2": 1,
                "h2": 0.6121124554008323,
                "h3": 0.6121124554008323,
                "g7": 0.607896871155876,
                "e1": 0.390625
            },
            "below threshold": {
                "g6": 0.21276436891943865,
                "e5": 0.1782988558314272,
                "e6": 0.16328021014482727,
                "c3": 0.13151780704372001,
                "e8": 0.12559442832786788,
                "d5": 0.0674653913066523,
                "f4": 0.044821425725867184,
                "h5": 0.021438668320312344,
                "c4": 0.003193365887641824
            }
        }
    }
}