{
    "move1": {
        "fen": "4b3/5k2/4p1p1/3pP2p/2pP1P1P/2P5/6N1/2K5 w - - 0 1",
        "move": "g2e1",
        "sorted saliencies": {
            "above threshold": {
                "c3": 1,
                "c4": 1,
                "d4": 1,
                "d5": 1,
                "e5": 1,
                "e6": 1,
                "e8": 1,
                "f4": 1,
                "g2": 1,
                "g6": 1,
                "h4": 1,
                "h5": 1,
                "e1": 0.563978128844124,
                "h2": 0.39484058424495627,
                "h3": 0.39484058424495627,
                "g7": 0.390625
            },
            "below threshold": {}
        }
    }
}