{
    "puzzle1": {
        "fen": "1k1r4/pp1b1R2/3q2pp/4p3/2B5/4Q3/PPP2B2/2K5 b - - ",
        "move": "d6d1",
        "sorted saliencies": {
            "above threshold": {
                "d6": 1,
                "c2": 0.66704715165308,
                "b2": 0.6164144745380769,
                "d8": 0.44463884308700247
            },
            "below threshold": {
                "f2": 0.251567780659855,
                "e3": 2.1762014384505152e-10,
                "f7": 7.549516567451017e-15
            }
        }
    },
    "puzzle2": {
        "fen": "r1b2rk1/2q1b1pp/p2ppn2/1p6/3QP3/1BN1B3/PPP3PP/R4RK1 w - - ",
        "move": "c3d5",
        "sorted saliencies": {
            "above threshold": {
                "c3": 1,
                "a8": 0.3942033035226813
            },
            "below threshold": {
                "b3": 0.38966674311861393,
                "c8": 0.3873365657577174,
                "d4": 0.3635807877632062,
                "a1": 0.3476620176651649,
                "f8": 0.32810516798462586,
                "e7": 0.32791595582668626,
                "g2": 0.32660020700818465,
                "f1": 0.32405749350266316,
                "c7": 0.3137160614540877,
                "a6": 0.31275938971268724,
                "b5": 0.3102310965723241,
                "d6": 0.2265637249769266,
                "c2": 0.2212541227171473,
                "f6": 0.20651210135938977,
                "h7": 0.20221352645126273,
                "e4": 0.19086290061729783,
                "e3": 0.1778577214536695,
                "g7": 0.07547075944046555,
                "a2": 0.0035491033027501844
            }
        }
    },
    "puzzle3": {
        "fen": "1nk1r1r1/pp2n1pp/4p3/q2pPp1N/b1pP1P2/B1P2R2/2P1B1PP/R2Q2K1 w - - ",
        "move": "d1c1",
        "sorted saliencies": {
            "above threshold": {
                "d1": 1
            },
            "below threshold": {
                "c4": 0.08812514454070355,
                "a5": 0.08600138110718424,
                "d5": 0.08443637601333338,
                "a4": 0.07793595715730509,
                "f3": 0.07666886800559443,
                "e7": 0.06856351042357418,
                "d4": 0.057529113479856925,
                "e8": 0.05650148102690194,
                "h5": 0.05547427341837975,
                "e2": 0.05091964469795725,
                "e5": 0.049280386202479834,
                "g2": 0.04358893304412836,
                "g7": 0.04309958260845551,
                "a3": 0.03998814546550947,
                "a7": 0.03591827216302629,
                "b7": 0.02006076837041994,
                "h7": 0.00022969089504280924
            }
        }
    },
    "puzzle4": {
        "fen": "3rr1k1/pp3pp1/1qn2np1/8/3p4/PP1R1P2/2P1NQPP/R1B3K1 b - - ",
        "move": "c6e5",
        "sorted saliencies": {
            "above threshold": {
                "c6": 1,
                "e8": 0.8753277294559338,
                "b3": 0.8656516225866715,
                "b6": 0.8624190861080796,
                "f6": 0.8570624263307625,
                "d8": 0.8423209825488024,
                "c1": 0.8421421612752935,
                "a1": 0.7940231793697592,
                "e2": 0.7674277838234884,
                "d3": 0.7489446503257325,
                "g2": 0.7143698388261244,
                "f2": 0.6992311794218763,
                "f3": 0.6941922644660045,
                "c2": 0.5676199475540299,
                "h2": 0.5125961377138677,
                "a3": 0.49519560905332
            },
            "below threshold": {
                "d4": 0.27301891093953806,
                "g6": 0.17222872419956867,
                "g7": 0.10386143415716542,
                "a7": 0.0639906275297472,
                "b7": 0.057752648156942366
            }
        }
    },
    "puzzle5": {
        "fen": "r3r1k1/ppqb1ppp/8/4p1NQ/8/2P5/PP3PPP/R3R1K1 b - - ",
        "move": "d7f5",
        "sorted saliencies": {
            "above threshold": {
                "d7": 1,
                "h5": 0.6036408389191014,
                "e1": 0.6031373382980575,
                "g5": 0.5949565469483953,
                "a1": 0.4740883217435587
            },
            "below threshold": {
                "f2": 0.2425357890418269,
                "c7": 0.22288928544858472,
                "f7": 0.11532566355468543,
                "a8": 0.11256882486627358,
                "c3": 0.10400902987179347,
                "b2": 0.055455562486260886,
                "a7": 0.04624049667799858,
                "b7": 0.04014785476773961,
                "e8": 0.032487010639699505,
                "a2": 0.021910396049262863,
                "g7": 0.020225033336820752,
                "h7": 0.019324701744894708
            }
        }
    },
    "puzzle6": {
        "fen": "rnb2r1k/pp2p2p/2pp2p1/q2P1p2/8/1Pb2NP1/PB2PPBP/R2Q1RK1 w - - ",
        "move": "d1e1",
        "sorted saliencies": {
            "above threshold": {
                "d1": 1,
                "g2": 0.6460372182310051,
                "h7": 0.6418502301921964,
                "a1": 0.5685721791188735,
                "f2": 0.5172181923479049,
                "a2": 0.4536134805544136,
                "f8": 0.4383038846826247
            },
            "below threshold": {
                "a7": 0.36139983286158783,
                "c8": 0.33322258358443463,
                "f3": 0.263389950284755,
                "h2": 0.20780139727703392,
                "b8": 0.20443740262240645,
                "a5": 0.1972982212683904,
                "g3": 0.16318580991537895,
                "b3": 0.15226773170564206,
                "b2": 0.1448385348952529,
                "f1": 0.14262753940290687,
                "c6": 0.12825981151216415,
                "b7": 0.12740699414267423,
                "d5": 0.12075186345679567,
                "d6": 0.08718555060605715,
                "a8": 0.08066685752942357,
                "e7": 0.0753332638300007,
                "f5": 0.05403012588282898,
                "e2": 0.02137452437014002
            }
        }
    },
    "puzzle7": {
        "fen": "2r3k1/1p2q1pp/2b1pr2/p1pp4/6Q1/1P1PP1R1/P1PN2PP/5RK1 w - - ",
        "move": "g4g7",
        "sorted saliencies": {
            "above threshold": {
                "g4": 1
            },
            "below threshold": {
                "h2": 0.25404473668815786,
                "f1": 0.25287779562366436,
                "g3": 0.2445782629966071,
                "f6": 0.2404790411103458,
                "c8": 0.1842440846501764,
                "e6": 0.16505347462060313,
                "d2": 0.12377167635033287,
                "h7": 0.10404786930751994,
                "c6": 0.09902581332986246,
                "a2": 0.09143869061352393,
                "e7": 0.04559648947961355
            }
        }
    },
    "puzzle8": {
        "fen": "r1bqkb1r/4npp1/p1p4p/1p1pP1B1/8/1B6/PPPN1PPP/R2Q1RK1 w kq - ",
        "move": "d2e4",
        "sorted saliencies": {
            "above threshold": {
                "d2": 1,
                "b3": 0.5472342147314109,
                "e5": 0.5388532187598524,
                "d1": 0.5350005143054319,
                "f8": 0.5301245373773529,
                "d8": 0.5222055888958371,
                "c8": 0.4934357295509202,
                "d5": 0.42134177676774653,
                "h8": 0.4076981759582593
            },
            "below threshold": {
                "f2": 0.3759264995067494,
                "f7": 0.35848242324533147,
                "e7": 0.34798967786458707,
                "a8": 0.33760777116713026,
                "g5": 0.314302734246351,
                "g2": 0.15676275495431438,
                "h6": 0.0963439559904347,
                "h2": 0.006190907074292651
            }
        }
    },
    "puzzle9": {
        "fen": "r1bq1rk1/pp2ppbp/2np2p1/2n5/P3PP2/N1P2N2/1PB3PP/R1B1QRK1 b - - ",
        "move": "c5b3",