{
    "move1": {
        "fen": "8/5pk1/r5pp/P7/3R3P/6P1/5PK1/8 w - - 0 1",
        "move": "d4d5",
        "sorted saliencies": {
            "above threshold": {
                "d4": 1,
                "d5": 0.3996648138259233,
                "b4": 0.3931178393872446,
                "b2": 0.390625,
                "b3": 0.390625
            },
            "below threshold": {
                "f2": 0.35773391045240144,
                "g3": 0.3548643482115368,
                "h4": 0.3307480737144599,
                "a5": 0.1502958779426772,
                "a6": 0.10039528844451175,
                "g6": 0.09791491488236932,
                "f7": 0.031025109354257816,
                "h6": 0.0181095201392852
            }
        }
    }
}