{
    "move1": {
        "fen": "8/5pk1/r5pp/P7/3R3P/6P1/5PK1/8 w - - 0 1",
        "move": "d4a4",
        "sorted saliencies": {
            "above threshold": {
                "d4": 1,
                "d3": 0.8725382202071306,
                "d2": 0.8476155205604009,
                "d6": 0.8294910353690192,
                "a6": 0.4247627010611212,
                "a4": 0.390625,
                "b4": 0.390625,
                "c4": 0.390625
            },
            "below threshold": {
                "f2": 0.38807622778249307,
                "a5": 0.3840283536970948,
                "g3": 0.38397522085972785,
                "h4": 0.3838040754926491
            }
        }
    }
}