{
    "puzzle1": {
        "fen": "1k1r4/pp1b1R2/3q2pp/4p3/2B5/4Q3/PPP2B2/2K5 b - - ",
        "move": "d6d1",
        "sorted saliencies": {
            "above threshold": {
                "c1": 1,
                "d6": 1,
                "c2": 0.960179549828216,
                "b2": 0.9535856547152264,
                "d8": 0.6295404314261456,
                "d5": 0.390625,
                "d4": 0.390625,
                "d3": 0.390625,
                "d2": 0.390625,
                "d1": 0.390625,
                "c3": 0.9535856547152264,
                "b3": 0.9526747271597557,
                "b4": 0.9463628475315448
            },
            "below threshold": {
                "f2": 0.2723573312985921
            }
        }
    },
    "puzzle2": {
        "fen": "r1b2rk1/2q1b1pp/p2ppn2/1p6/3QP3/1BN1B3/PPP3PP/R4RK1 w - - ",
        "move": "c3d5",
        "sorted saliencies": {
            "above threshold": {
                "c3": 1,
                "b3": 0.6639235688772482,
                "e7": 0.6593553907262115,
                "d4": 0.6528553342934353,
                "c7": 0.5250822869981353,
                "d5": 0.6162942540967661,
                "f4": 0.402302969407964,
                "g4": 0.392556427359971,
                "g6": 0.390625
            },
            "below threshold": {
                "b2": 0.1608508110101097,
                "d6": 0.15286368919907523,
                "g7": 0.15174276159423736,
                "a6": 0.1474387174624152,
                "a2": 0.14265736314330715,
                "e4": 0.14249738475758705,
                "g2": 0.1414907485802467,
                "a1": 0.13877373316398756,
                "e3": 0.13720606043410716,
                "f1": 0.1341425052320846,
                "c8": 0.1326540700192513,
                "a8": 0.13041694806365203,
                "c2": 0.1163181441787482,
                "h2": 0.1112531121100087
            }
        }
    },
    "puzzle3": {
        "fen": "1nk1r1r1/pp2n1pp/4p3/q2pPp1N/b1pP1P2/B1P2R2/2P1B1PP/R2Q2K1 w - - ",
        "move": "d1c1",
        "sorted saliencies": {
            "above threshold": {
                "d1": 1,
                "a1": 0.5055679649402538,
                "a3": 0.4993278951581939,
                "c1": 0.6422978204952142,
                "d6": 0.3906421962419697,
                "d7": 0.3906421962419697,
                "b6": 0.390625
            },
            "below threshold": {
                "b7": 0.14371263148514152,
                "b8": 0.14371263148514152,
                "e7": 0.1431094098151484,
                "e6": 0.14304820098539284,
                "d5": 0.142453961233299,
                "g7": 0.14023050699642078,
                "h7": 0.13927696121680716,
                "c4": 0.1391544781942197,
                "f4": 0.12390516982257847,
                "c3": 0.12380826293683003,
                "d4": 0.12267174351491276,
                "e5": 0.12212207866631652,
                "g2": 0.11941909569922642,
                "h5": 0.11567527446741668,
                "e2": 0.11547813506571203,
                "a4": 0.11386837909507819,
                "e8": 0.1100049788074673,
                "g8": 0.10930821975089434,
                "f3": 0.10853358706329908,
                "h2": 0.10497848648808476,
                "a5": 0.08599176028055693,
                "c2": 0.0777431892612258
            }
        }
    },
    "puzzle4": {
        "fen": "3rr1k1/pp3pp1/1qn2np1/8/3p4/PP1R1P2/2P1NQPP/R1B3K1 b - - ",
        "move": "c6e5",
        "sorted saliencies": {
            "above threshold": {
                "c6": 1,
                "b6": 0.8068433628619416,
                "d8": 0.8068265347930321,
                "d3": 0.7872899660651278,
                "d4": 0.7872899660651278,
                "f6": 0.7524155111667657,
                "b3": 0.7346588944243262,
                "e8": 0.7180684063894095,
                "g7": 0.6861291687721054,
                "f7": 0.6792046022052013,
                "g6": 0.6618463237994943,
                "a7": 0.4617500208655367,
                "b7": 0.42637078951606155,
                "e5": 0.390625,
                "d5": 0.7872899660651278,
                "d6": 0.7867376629833354,
                "d7": 0.7861532524509102
            },
            "below threshold": {
                "c1": 0.3782488231050487,
                "f2": 0.11214429722619298
            }
        }
    },
    "puzzle5": {
        "fen": "r3r1k1/ppqb1ppp/8/4p1NQ/8/2P5/PP3PPP/R3R1K1 b - - ",
        "move": "d7f5",
        "sorted saliencies": {
            "above threshold": {
                "d7": 1,
                "f7": 0.5050659128179592,
                "e6": 0.7523367247274404,
                "f5": 0.7523367247274404,
                "g6": 0.4067996550405546,
                "e7": 0.398686710684446,
                "c2": 0.390625
            },
            "below threshold": {
                "e8": 0.055307722909405825,
                "a8": 0.05530390084299586,
                "g7": 0.04913766764681108,
                "g5": 0.04361898501540696,
                "h5": 0.04339400443998302,
                "h7": 0.03821470365690595,
                "e5": 0.03730517809736053,
                "a7": 0.027957581324906108,
                "b7": 0.024470926002155183
            }
        }
    },
    "puzzle6": {
        "fen": "rnb2r1k/pp2p2p/2pp2p1/q2P1p2/8/1Pb2NP1/PB2PPBP/R2Q1RK1 w - - ",
        "move": "d1d2",
        "sorted saliencies": {
            "above threshold": {
                "d1": 1,
                "f1": 0.9900601890612328,
                "f2": 0.9801588915857445,
                "a2": 0.9722715269719393,
                "a1": 0.9618307696631244,
                "a7": 0.9500425823455771,
                "b2": 0.9013032321544429,
                "f3": 0.8586057584792876,
                "g2": 0.8331207569663963,
                "d2": 0.390625,
                "a4": 0.9728781949744064,
                "a3": 0.9722715269719393,
                "f4": 0.896678175193531
            },
            "below threshold": {
                "d5": 0.2687251951854753,
                "a5": 0.11093033036446469,
                "g3": 0.11020539626344422,
                "h2": 0.05542495448187646,
                "b3": 0.051616849544062066,
                "e2": 0.045555944563718524
            }
        }
    },
    "puzzle7": {
        "fen": "2r3k1/1p2q1pp/2b1pr2/p1pp4/6Q1/1P1PP1R1/P1PN2PP/5RK1 w - - ",
        "move": "g4g7",
        "sorted saliencies": {
            "above threshold": {
                "g4": 1,
                "e7": 0.5326184355368776,
                "g8": 0.5326184355368776,
                "g7": 0.6603208962087312,
                "g5": 0.6603208962087312,
                "g6": 0.6603208962087312,
                "a4": 0.39256552550290674,
                "b4": 0.3906592738529349,
                "d4": 0.390625
            },
            "below threshold": {
                "d2": 0.14395238991533324,
                "d3": 0.11889209388474431,
                "b3": 0.11772698490214704,
                "a2": 0.11061354701364953,
                "e6": 0.10669407223944845,
                "e3": 0.10570113556475708,
                "h2": 0.10399015780417194,
                "c2": 0.10384924859529143,
                "g3": 0.10267174499187869,
                "g2": 0.0991523637672179,
                "f6": 0.09739027002729593,
                "f1": 0.09142178615425216
            }
        }
    },
    "puzzle8": {
        "fen": "r1bqkb1r/4npp1/p1p4p/1p1pP1B1/8/1B6/PPPN1PPP/R2Q1RK1 w kq - ",
        "move": "d2e4",
        "sorted saliencies": {
            "above threshold": {
                "d2": 1,
                "g5": 0.5644034380677776,
                "e4": 0.592109390224282,
                "g3": 0.41313328704113206,
                "g4": 0.40635007102222553,
                "h4": 0.390625
            },