{
    "move1": {
        "fen": "3R4/1p6/2b5/2P1k2p/p3p2P/P6r/1P2KB2/8 b - - 0 1",
        "move": "e5f5",
        "sorted saliencies": {
            "above threshold": {
                "e5": 1,
                "f5": 0.7,
                "h2": 0.7,
                "d7": 0.7,
                "c7": 0.7
            },
            "below threshold": {
                "f2": 0.17783382054469318,
                "d8": 0.1503307041371088,
                "b7": 0.07262596377767683,
                "h4": 0.0663342141111524,
                "h5": 0.06619161813914629,
                "a4": 0.05903483281235763,
                "c5": 0.056269950842580324,
                "a3": 0.0457180297266795,
                "e4": 0.037470063939614356,
                "c6": 0.02352116069313267,
                "b2": 0.02075538720042249
            }
        }
    }
}