{
    "move1": {
        "fen": "6k1/p2b1ppp/8/8/3N4/1P5P/5PP1/6K1 b - - 0 1",
        "move": "g8f8",
        "sorted saliencies": {
            "above threshold": {
                "g8": 1,
                "f8": 0.7,
                "b2": 0.7,
                "b4": 0.7,
                "b5": 0.7
            },
            "below threshold": {
                "a7": 0.1285596054635568,
                "b3": 0.11651462866449958,
                "g2": 0.10902872042930727,
                "d4": 0.09351771044692048,
                "f7": 0.047486729799301616,
                "h7": 0.0454509436111727,
                "g7": 0.04426463720296179
            }
        }
    }
}