{
    "puzzle1": {
        "fen": "1k1r4/pp1b1R2/3q2pp/4p3/2B5/4Q3/PPP2B2/2K5 b - - ",
        "move": "d6d1",
        "sorted saliencies": {
            "above threshold": {
                "d6": 1,
                "c2": 0.9576826115549116,
                "b2": 0.950398308425094,
                "d8": 0.6295404314261456
            },
            "below threshold": {
                "f2": 0.2723573312985921
            }
        }
    },
    "puzzle2": {
        "fen": "r1b2rk1/2q1b1pp/p2ppn2/1p6/3QP3/1BN1B3/PPP3PP/R4RK1 w - - ",
        "move": "c3d5",
        "sorted saliencies": {
            "above threshold": {
                "c3": 1
            },
            "below threshold": {
                "e3": 0.1823943142368909,
                "b2": 0.16653025899993584,
                "g7": 0.15801085280959834,
                "d6": 0.15790462258660823,
                "a6": 0.1532803288133134,
                "e4": 0.1492863003123761,
                "a2": 0.14886865085058787,
                "g2": 0.14767224777949328,
                "b3": 0.14490570959488705,
                "a1": 0.14479547246947652,
                "f1": 0.14014805359865715,
                "c8": 0.13734268260582602,
                "d4": 0.13377091257028492,
                "e7": 0.13262604896370836,
                "a8": 0.13254354263950324,
                "c2": 0.1288385952386536,
                "h2": 0.11218373698653746
            }
        }
    },
    "puzzle3": {
        "fen": "1nk1r1r1/pp2n1pp/4p3/q2pPp1N/b1pP1P2/B1P2R2/2P1B1PP/R2Q2K1 w - - ",
        "move": "d1b1",
        "sorted saliencies": {
            "above threshold": {
                "d1": 1
            },
            "below threshold": {
                "c4": 0.04767142368642539,
                "d5": 0.046357825759384366,
                "a4": 0.04586391529560452,
                "e8": 0.045140973090952614,
                "g8": 0.04468409834792474,
                "b7": 0.04282824807422666,
                "a5": 0.04035751039182303,
                "e6": 0.03055558400292893,
                "g7": 0.024415435943075006,
                "h7": 0.022682377628972416,
                "f5": 0.011240418573764871,
                "a7": 0.010761738361659218
            }
        }
    },
    "puzzle4": {
        "fen": "3rr1k1/pp3pp1/1qn2np1/8/3p4/PP1R1P2/2P1NQPP/R1B3K1 b - - ",
        "move": "c6e5",
        "sorted saliencies": {
            "above threshold": {
                "c6": 1,
                "b6": 0.7823864496300205,
                "d8": 0.7823680406197714,
                "b7": 0.7681284323876912,
                "d3": 0.7620164134658279,
                "d4": 0.7620164134658279,
                "f6": 0.7264098930705274,
                "b3": 0.717228747824303,
                "e8": 0.6995153721878349,
                "g7": 0.6654995757429719,
                "g6": 0.6351335040330499,
                "f7": 0.6084649402581205,
                "a7": 0.49089679660115376,
                "f3": 0.42696110218924
            },
            "below threshold": {
                "f2": 0.11093658261854374
            }
        }
    },
    "puzzle5": {
        "fen": "r3r1k1/ppqb1ppp/8/4p1NQ/8/2P5/PP3PPP/R3R1K1 b - - ",
        "move": "d7f5",
        "sorted saliencies": {
            "above threshold": {
                "d7": 1
            },
            "below threshold": {
                "e8": 0.06077260064056878,
                "a8": 0.06076321585299739,
                "g7": 0.05378358441621993,
                "f7": 0.049494079176463875,
                "g5": 0.04877188798470264,
                "h5": 0.04677153156237482,
                "h7": 0.04411186594274451,
                "e5": 0.04232555910020779,
                "b7": 0.033026985687817596,
                "a7": 0.028858430363827587
            }
        }
    },
    "puzzle6": {
        "fen": "rnb2r1k/pp2p2p/2pp2p1/q2P1p2/8/1Pb2NP1/PB2PPBP/R2Q1RK1 w - - ",
        "move": "d1d2",
        "sorted saliencies": {
            "above threshold": {
                "d1": 1,
                "f1": 0.9869185424561477,
                "f2": 0.9816948823357278,
                "a2": 0.9690225237435576,
                "a1": 0.9546800341094402,
                "a7": 0.9485471873713612,
                "b2": 0.8989419152083118,
                "g2": 0.8672370060007307,
                "f3": 0.854596938135788
            },
            "below threshold": {
                "d5": 0.29550163808146934,
                "a5": 0.11136837322582754,
                "g3": 0.08911302006673062,
                "h2": 0.04376036824891461,
                "e2": 0.0403207779948443,
                "b3": 0.03990639497197512
            }
        }
    },
    "puzzle7": {
        "fen": "2r3k1/1p2q1pp/2b1pr2/p1pp4/6Q1/1P1PP1R1/P1PN2PP/5RK1 w - - ",
        "move": "g4g7",
        "sorted saliencies": {
            "above threshold": {
                "g4": 1
            },
            "below threshold": {
                "d2": 0.14031066054735042,
                "b3": 0.1209354577895618,
                "a2": 0.11816633002182197,
                "d3": 0.11475570820221993,
                "e6": 0.1027956736989954,
                "e3": 0.1017986427390879,
                "h2": 0.10010530660254371,
                "c2": 0.1000271562648839,
                "g3": 0.09882623214096,
                "f6": 0.09565883015374113,
                "g2": 0.09374815704838493,
                "f1": 0.0875142548086679
            }
        }
    },
    "puzzle8": {
        "fen": "r1bqkb1r/4npp1/p1p4p/1p1pP1B1/8/1B6/PPPN1PPP/R2Q1RK1 w kq - ",
        "move": "d2e4",
        "sorted saliencies": {
            "above threshold": {
                "d2": 1
            },
            "below threshold": {
                "f1": 0.26998438665933555,
                "a1": 0.26990821459612985,
                "g2": 0.24142571418445236,
                "e7": 0.2264529404015228,
                "e5": 0.2244403890142713,
                "f2": 0.22304346054386845,
                "f8": 0.2225815518290999,
                "c8": 0.22157924955671254,
                "b3": 0.21805190835526417,
                "g5": 0.21306589749400434,
                "d1": 0.20406866440100585,
                "h8": 0.2019596743255612,
                "d5": 0.19666695313728105,
                "h2": 0.17506116959608772,
                "b2": 0.1609616114205232,
                "d8": 0.13048929256170094,
                "a2": 0.12882963691001978,
                "c2": 0.09799999252434874
            }
        }
    },
    "puzzle9": {
        "fen": "r1bq1rk1/pp2ppbp/2np2p1/2n5/P3PP2/N1P2N2/1PB3PP/R1B1QRK1 b - - ",
        "move": "f7f5",
        "sorted saliencies": {
            "above threshold": {
                "f7": 1
            },
            "below threshold": {
                "f1": 0.03369164731711061,
                "e1": 0.03294614499968678,
                "c2": 0.030407244913497312,
                "f3": 0.019414653960173688,
                "a3": 0.015818025915962052
            }
        }
    },
    "puzzle10": {
        "fen": "3rr3/2pq2pk/p2p1pnp/8/2QBPP2/1P6/P5PP/4RRK1 b - - ",
        "move": "e8e4",
        "sorted saliencies": {
            "above threshold": {
                "e8": 1
            },
            "below threshold": {
                "g6": 0.16546672764115697,
                "f6": 0.14801045353027706,
                "d4": 0.13989530964602892,
                "g2": 0.1388437567513695,
                "e4": 0.11382322112211443,
                "d6": 0.11213721593982179,
                "g7": 0.11186902410201494,
                "c7": 0.11089371843608255,
                "h6": 0.11038521337993773,
                "d8": 0.10841737381174303,
                "a6": 0.097514565584932,
                "d7": 0.08414262771332397,
                "c4": 0.08231016515614686
            }
        }
    },