{
    "move1": {
        "fen": "8/p1p1k3/1p1p2p1/3Pq2p/2P1P3/1P3QPK/P7/8 w - - 0 1",
        "move": "b3b4",
        "sorted saliencies": {
            "above threshold": {
                "b3": 1,
                "b4": 0.6637564896571323,
                "g7": 0.3923809092788755,
                "h2": 0.390625,
                "h4": 0.390625
            },
            "below threshold": {
                "d5": 0.1380696347404887,
                "g6": 0.11591269347060144,
                "f3": 0.10533518919775034,
                "d6": 0.1019394909596588,
                "h5": 0.07883379164133746,
                "e5": 0.03567385704413871,
                "b6": 0.020105248460127907,
                "a7": 0.01985400921952605
            }
        }
    }
}