{
    "move1": {
        "fen": "8/1ppr1kp1/p1p4p/8/8/5P2/PPP1RKPP/8 w - - 0 1",
        "move": "g2g4",
        "sorted saliencies": {
            "above threshold": {
                "g2": 1,
                "g3": 0.6893357654174915,
                "g4": 0.6893357654174915,
                "b5": 0.39916572401719397,
                "c3": 0.3908228810307752,
                "a3": 0.390625
            },
            "below threshold": {
                "b2": 0.09778821022527366,
                "d7": 0.08239260017060049,
                "h6": 0.07223266445225668,
                "b7": 0.05994952188855982,
                "a6": 0.047458156182438066,
                "c6": 0.04682061333077871,
                "c7": 0.04644689256599424,
                "f3": 0.027887574418105295,
                "c2": 0.027152285252738585,
                "h2": 0.024114861455729636,
                "a2": 0.02399120457602751
            }
        }
    }
}