{
    "move1": {
        "fen": "8/1ppr1kp1/p1p4p/8/8/5P2/PPP1RKPP/8 w - - 0 1",
        "move": "g2g4",
        "sorted saliencies": {
            "above threshold": {
                "a2": 1,
                "a6": 1,
                "b2": 1,
                "b7": 1,
                "c2": 1,
                "c6": 1,
                "c7": 1,
                "d7": 1,
                "e2": 1,
                "f3": 1,
                "g2": 1,
                "g7": 1,
                "h2": 1,
                "h6": 1,
                "g3": 0.6893357654174915,
                "g4": 0.6893357654174915,
                "b5": 0.39916572401719397,
                "c3": 0.3908228810307752,
                "a3": 0.390625
            },
            "below threshold": {}
        }
    }
}