{
    "puzzle1": {
        "fen": "1k1r4/pp1b1R2/3q2pp/4p3/2B5/4Q3/PPP2B2/2K5 b - - ",
        "move": "d6d1",
        "sorted saliencies": {
            "above threshold": {
                "c1": 1,
                "d6": 1,
                "d5": 0.7109994930787285,
                "d4": 0.7109994930787285,
                "d3": 0.7109994930787285,
                "d2": 0.7109994930787285,
                "d1": 0.7109994930787285,
                "e2": 0.3955498816884555,
                "g4": 0.39442714624405406,
                "f3": 0.390625
            },
            "below threshold": {
                "b2": 0.08215932872736854,
                "c2": 0.0652340166091433,
                "f2": 0.03405002084508957,
                "e5": 0.03069527249333768,
                "b7": 0.029733637440691938,
                "d8": 0.02916932837143055,
                "a7": 0.024047929675303545,
                "d7": 0.012749488427368533
            }
        }
    },
    "puzzle2": {
        "fen": "r1b2rk1/2q1b1pp/p2ppn2/1p6/3QP3/1BN1B3/PPP3PP/R4RK1 w - - ",
        "move": "c3d5",
        "sorted saliencies": {
            "above threshold": {
                "c3": 1,
                "b3": 0.5297763931163604,
                "d4": 0.5118871916682678,
                "e7": 0.4633466207488822,
                "c7": 0.390625,
                "d5": 0.650507387502112,
                "b7": 0.40466753124010113,
                "f7": 0.40185452804839866,
                "c4": 0.390625
            },
            "below threshold": {
                "a8": 0.14708705880408432,
                "c8": 0.14598978102708401,
                "d6": 0.06718015666727456,
                "f1": 0.0658530556918544,
                "a1": 0.059951543970992095,
                "b5": 0.05111156991127467,
                "a6": 0.04637410908665306,
                "b2": 0.021663943476406388
            }
        }
    },
    "puzzle3": {
        "fen": "1nk1r1r1/pp2n1pp/4p3/q2pPp1N/b1pP1P2/B1P2R2/2P1B1PP/R2Q2K1 w - - ",
        "move": "h5f6",
        "sorted saliencies": {
            "above threshold": {
                "h5": 1,
                "g8": 0.5516167511144503,
                "e8": 0.5371717917183824,
                "f6": 0.6333327875478394,
                "f7": 0.41070863629607307,
                "h3": 0.4086459448048857,
                "e4": 0.390625
            },
            "below threshold": {
                "g2": 0.1698526031953736,
                "e5": 0.16780648969423656,
                "e7": 0.15551524223789515,
                "f3": 0.13737683789978838,
                "d5": 0.13520925921154292,
                "a4": 0.1261887529842778,
                "c2": 0.12315373594881918,
                "a1": 0.12052303517931368,
                "e6": 0.11983834210118216,
                "b7": 0.1162555516958746,
                "c4": 0.10825960572180393,
                "h7": 0.09791120055206341,
                "a5": 0.09480476673405215,
                "a3": 0.08209045933214341,
                "f5": 0.08070612253810713,
                "h2": 0.06742099440709194,
                "f4": 0.06553249348542393,
                "g7": 0.052410687328863566,
                "d1": 0.05100209127049892,
                "b8": 0.044130905801645436,
                "a7": 0.03424397892729254,
                "d4": 0.03278878886216742,
                "e2": 0.01768236868264837
            }
        }
    },
    "puzzle4": {
        "fen": "3rr1k1/pp3pp1/1qn2np1/8/3p4/PP1R1P2/2P1NQPP/R1B3K1 b - - ",
        "move": "c6e5",
        "sorted saliencies": {
            "above threshold": {
                "c6": 1,
                "g6": 0.524192544998626,
                "c1": 0.5129116767045311,
                "d3": 0.5081983119038027,
                "b3": 0.5020919237544957,
                "b6": 0.49775845647920985,
                "f6": 0.4976420602946314,
                "e2": 0.4976223860829707,
                "e8": 0.49479697207798823,
                "g7": 0.4776608391855045,
                "a3": 0.45728054812607943,
                "e5": 0.390625,
                "f4": 0.5257554494756502,
                "h6": 0.5219963783359419,
                "a6": 0.5212419777859171
            },
            "below threshold": {
                "f2": 0.3874167709679007,
                "d8": 0.38067808917896834,
                "d4": 0.3282749918563786,
                "f3": 0.32792568631023633,
                "b7": 0.25556677891828194,
                "a7": 0.135258598263075,
                "h2": 0.10841822587226375,
                "c2": 0.0864586918080971,
                "f7": 0.07576811766419968,
                "g2": 0.06646370735264737,
                "a1": 0.06601161667105507
            }
        }
    },
    "puzzle5": {
        "fen": "r3r1k1/ppqb1ppp/8/4p1NQ/8/2P5/PP3PPP/R3R1K1 b - - ",
        "move": "d7f5",
        "sorted saliencies": {
            "above threshold": {
                "d7": 1,
                "f7": 0.390625,
                "e6": 0.78125,
                "f5": 0.78125,
                "d6": 0.390625,
                "g6": 0.390625,
                "b6": 0.390625
            },
            "below threshold": {
                "a8": 2.3355195035779046e-18,
                "e8": 2.332813156336921e-18,
                "g7": 2.29104329704683e-18,
                "e5": 2.226810051588701e-18,
                "h7": 1.7395703582178147e-18,
                "b7": 1.349922231984032e-18,
                "a7": 8.921271622887816e-19
            }
        }
    },
    "puzzle6": {
        "fen": "rnb2r1k/pp2p2p/2pp2p1/q2P1p2/8/1Pb2NP1/PB2PPBP/R2Q1RK1 w - - ",
        "move": "d1d2",
        "sorted saliencies": {
            "above threshold": {
                "d1": 1,
                "f1": 0.42042511267745,
                "d2": 0.415164367954713,
                "e3": 0.5913527902407453,
                "h6": 0.4765217666464091,
                "b5": 0.390625
            },
            "below threshold": {
                "a2": 0.3144696100163725,
                "a7": 0.20238129152896892,
                "f2": 0.19541645236916955,
                "b2": 0.1731194735883826,
                "e2": 0.14596703713511233,
                "a5": 0.1387418591234807,
                "h2": 0.13451652904290531
            }
        }
    },
    "puzzle7": {
        "fen": "2r3k1/1p2q1pp/2b1pr2/p1pp4/6Q1/1P1PP1R1/P1PN2PP/5RK1 w - - ",
        "move": "g4g7",
        "sorted saliencies": {
            "above threshold": {
                "g4": 1,
                "e7": 0.390625,
                "g8": 0.390625,
                "g7": 0.6137416506206823,
                "g5": 0.6137416506206823,
                "g6": 0.6137416506206823,
                "f4": 0.39117743198962873,
                "f5": 0.390625,
                "f7": 0.390625
            },
            "below threshold": {
                "h2": 0.17000263172059127,
                "f1": 0.1691993951985146,
                "f6": 0.16539378384714762,
                "g3": 0.1609798734287451,
                "e6": 0.13027410588566765,
                "c2": 0.08728225393964562,
                "c5": 0.04770071430665314,
                "e3": 0.04018690166041481,
                "d2": 0.038727452765469704,
                "h7": 0.028138251027005935,
                "c6": 0.006774793374706128
            }
        }
    },
    "puzzle8": {
        "fen": "r1bqkb1r/4npp1/p1p4p/1p1pP1B1/8/1B6/PPPN1PPP/R2Q1RK1 w kq - ",
        "move": "d2e4",
        "sorted saliencies": {
            "above threshold": {
                "d2": 1,
                "b3": 0.5120766698602348,
                "e5": 0.5087583590349195,
                "f8": 0.5048877228576049,
                "d1": 0.5048377352322987,
                "d8": 0.46247462210700446,
                "c8": 0.44701353480081557,
                "e4": 0.390625,
                "e6": 0.5081282552575643,
                "c7": 0.5073165944001824,