{
    "puzzle1": {
        "fen": "1k1r4/pp1b1R2/3q2pp/4p3/2B5/4Q3/PPP2B2/2K5 b - - ",
        "move": "d6d1",
        "sorted saliencies": {
            "above threshold": {
                "c3": 1.1923840667828856,
                "c1": 1,
                "d1": 1,
                "d6": 1,
                "c2": 0.8875835165850186,
                "f3": 0.7824378747868863,
                "f5": 0.7766017208255309,
                "b2": 0.4401671042867561,
                "f2": 0.4258114463270171,
                "d2": 0.390625,
                "d3": 0.390625,
                "d4": 0.390625,
                "d5": 0.390625
            },
            "below threshold": {
                "d8": 0.09514340729783224,
                "e3": 6.097651255811855e-10,
                "f7": 1.3322676295501865e-15
            }
        }
    },
    "puzzle2": {
        "fen": "r1b2rk1/2q1b1pp/p2ppn2/1p6/3QP3/1BN1B3/PPP3PP/R4RK1 w - - ",
        "move": "c3d5",
        "sorted saliencies": {
            "above threshold": {
                "c3": 1,
                "d2": 0.6680401826003388,
                "d3": 0.6679628302704266,
                "b3": 0.6630422983015237,
                "d4": 0.6528823014451568,
                "b4": 0.6263886668932619,
                "e7": 0.6014261515148587,
                "c7": 0.46577502608706467,
                "d5": 0.46577502608706467
            },
            "below threshold": {
                "a8": 0.20267382107078002,
                "c8": 0.2003655874205878,
                "a1": 0.13588020746594962,
                "f1": 0.11350386348515018,
                "b5": 0.11008662682552868,
                "g2": 0.0897053988196483,
                "a6": 0.07401399659674222,
                "c2": 0.07267754196911518,
                "h2": 0.07181061825676717,
                "h7": 0.07051718835194981,
                "e3": 0.06736847173855981,
                "a2": 0.067337212551764,
                "b2": 0.06098847417550448,
                "e4": 0.050630528280861696
            }
        }
    },
    "puzzle3": {
        "fen": "1nk1r1r1/pp2n1pp/4p3/q2pPp1N/b1pP1P2/B1P2R2/2P1B1PP/R2Q2K1 w - - ",
        "move": "h5f6",
        "sorted saliencies": {
            "above threshold": {
                "h5": 1,
                "g4": 0.5705370683418589,
                "g3": 0.5703546836929592,
                "g6": 0.5702620301581348,
                "g8": 0.5607564391076857,
                "e8": 0.5411291955295827,
                "f6": 0.390625
            },
            "below threshold": {
                "g2": 0.17935936432990598,
                "e5": 0.17855112569275525,
                "e7": 0.15613543882560355,
                "d5": 0.1417587824783109,
                "e6": 0.13426291050916087,
                "c2": 0.12843721580412162,
                "a4": 0.12799102908535245,
                "c4": 0.1248693846195609,
                "f3": 0.12335639466878025,
                "a3": 0.12308397095690157,
                "a5": 0.11622617280579342,
                "h7": 0.10936200789992348,
                "f5": 0.10754674666468654,
                "b7": 0.10195801168230129,
                "a1": 0.09259634129219754,
                "h2": 0.09070631148444419,
                "d1": 0.08853698574892704,
                "b8": 0.058179070150127826,
                "g7": 0.05710932241844729,
                "c3": 0.045410020347505804,
                "f4": 0.035340481390894095,
                "a7": 0.03218749524744126
            }
        }
    },
    "puzzle4": {
        "fen": "3rr1k1/pp3pp1/1qn2np1/8/3p4/PP1R1P2/2P1NQPP/R1B3K1 b - - ",
        "move": "c6e5",
        "sorted saliencies": {
            "above threshold": {
                "c6": 1,
                "d5": 0.42876503989239984,
                "d6": 0.42846195965524697,
                "d7": 0.4251402191567527,
                "d3": 0.4140434871330351,
                "e5": 0.390625
            },
            "below threshold": {
                "d4": 0.037632280992283135,
                "c1": 0.011154083517015176
            }
        }
    },
    "puzzle5": {
        "fen": "r3r1k1/ppqb1ppp/8/4p1NQ/8/2P5/PP3PPP/R3R1K1 b - - ",
        "move": "d7f5",
        "sorted saliencies": {
            "above threshold": {
                "h6": 1.0696484762824647,
                "d7": 1,
                "g6": 0.9487204458595313,
                "f3": 0.7664791840929682,
                "c7": 0.6443268780443758,
                "f7": 0.6268289282396797,
                "g5": 0.5490465584030804,
                "h5": 0.5264554648127201,
                "f2": 0.39543855375566733,
                "e6": 0.390625,
                "f5": 0.390625
            },
            "below threshold": {
                "e1": 0.26173972759688624,
                "a1": 0.1849918546712888,
                "a2": 0.15585665530396994,
                "g2": 0.1333094241807673,
                "h2": 0.07693172820549822,
                "b2": 0.017198326923994364,
                "h7": 0.005749892030340119
            }
        }
    },
    "puzzle6": {
        "fen": "rnb2r1k/pp2p2p/2pp2p1/q2P1p2/8/1Pb2NP1/PB2PPBP/R2Q1RK1 w - - ",
        "move": "d1d2",
        "sorted saliencies": {
            "above threshold": {
                "d1": 1,
                "e3": 0.9351171577654424,
                "d3": 0.9133108240595769,
                "e6": 0.9067495591470307,
                "f3": 0.7785722538641537,
                "f1": 0.5618236110551792,
                "e2": 0.4619147162837301,
                "e7": 0.45652647302284755,
                "a2": 0.45327657324810705,
                "c6": 0.44837608991741756,
                "h7": 0.42399429272380557,
                "d2": 0.4178314360478378
            },
            "below threshold": {
                "d6": 0.4165875552632852,
                "g3": 0.4130865887516036,
                "g6": 0.4120802196736344,
                "d5": 0.32532277244208746,
                "f5": 0.3158876560760081,
                "h2": 0.3143955716541296,
                "b7": 0.27166628761844247,
                "a1": 0.2700653865759121,
                "f2": 0.2633096091408942,
                "a7": 0.2322997636928392,
                "c8": 0.23130518945975648,
                "b2": 0.18995834564067235,
                "a5": 0.151526329356578,
                "b3": 0.09787372315104118,
                "a8": 0.0747411022131028,
                "f8": 0.03732827578330145
            }
        }
    },
    "puzzle7": {
        "fen": "2r3k1/1p2q1pp/2b1pr2/p1pp4/6Q1/1P1PP1R1/P1PN2PP/5RK1 w - - ",
        "move": "g4g7",
        "sorted saliencies": {
            "above threshold": {
                "g4": 1,
                "h3": 0.5993983540230347,
                "h4": 0.5987754291532338,
                "h6": 0.5987605072914978,
                "e7": 0.390625,
                "g5": 0.390625,
                "g6": 0.390625,
                "g8": 0.390625
            },
            "below threshold": {
                "h2": 0.20860528037784531,
                "f1": 0.20785892011151227,
                "f6": 0.19923385659829002,
                "g3": 0.19634065843721157,
                "e6": 0.14886650651101682,
                "h7": 0.08672883901904972,
                "c5": 0.08358803945927326,
                "c6": 0.06294867009323475,
                "b3": 0.05678871905682956,
                "c8": 0.03635487703056535,
                "a2": 0.03156078166934893,
                "e3": 0.02796023020370715,
                "b7": 0.016943932524282036,
                "c2": 0.016148730776397953
            }
        }
    },
    "puzzle8": {
        "fen": "r1bqkb1r/4npp1/p1p4p/1p1pP1B1/8/1B6/PPPN1PPP/R2Q1RK1 w kq - ",
        "move": "d2e4",
        "sorted saliencies": {
            "above threshold": {
                "d2": 1,
                "e6": 0.9218735105199233,
                "g6": 0.851712583230767,
                "e2": 0.8393925044484902,