{
    "move1": {
        "fen": "1n6/4k2p/p3ppp1/1pPp4/3P1PP1/3NP3/P3K2P/8 w - - 0 1",
        "move": "g4g5",
        "sorted saliencies": {
            "above threshold": {
                "g4": 1,
                "f6": 0.44574725909411567,
                "g5": 0.73785930414761,
                "f2": 0.424680273274226,
                "e5": 0.3928090534519983,
                "g7": 0.390625
            },
            "below threshold": {
                "e6": 0.06292601203370853,
                "g6": 0.019385606102671406,
                "h7": 0.004970021811275574,
                "c5": 0.004830227364077298,
                "e3": 0.004331474316017178
            }
        }
    }
}