{
    "move1": {
        "fen": "8/1p1b2k1/p1p1p1p1/2P1P2p/1P3P1P/P2B4/5K2/8 w - - 0 1",
        "move": "d3c4",
        "sorted saliencies": {
            "above threshold": {
                "d3": 1,
                "c7": 0.4925321757931883,
                "d2": 0.4925321757931883,
                "h2": 0.4691850453387899,
                "c4": 0.390625
            },
            "below threshold": {
                "c6": 0.10247540734589636,
                "g6": 0.07697227751149796,
                "a6": 0.06882228648051537,
                "b7": 0.06334077881313403,
                "d7": 0.04354654522522988,
                "e5": 0.028772127003319763,
                "f4": 0.02741468374319756,
                "h4": 0.024130517992646705,
                "b4": 0.02342914637803225,
                "a3": 0.018429757009703562,
                "c5": 0.016819559450394143,
                "h5": 0.008551450150825729
            }
        }
    }
}