{
    "move1": {
        "fen": "8/1p1b2k1/p1p1p1p1/2P1P2p/1P3P1P/P2B4/5K2/8 w - - 0 1",
        "move": "d3c4",
        "sorted saliencies": {
            "above threshold": {
                "a3": 1,
                "a6": 1,
                "b4": 1,
                "b7": 1,
                "c5": 1,
                "c6": 1,
                "d3": 1,
                "d7": 1,
                "e5": 1,
                "e6": 1,
                "f4": 1,
                "g6": 1,
                "h4": 1,
                "h5": 1,
                "c4": 0.7026899546612101,
                "c7": 0.4139721304543984,
                "d2": 0.4139721304543984,
                "h2": 0.390625
            },
            "below threshold": {}
        }
    }
}