{
    "move1": {
        "fen": "8/8/p4Bp1/1pPb2P1/1P2kp2/P7/5K2/8 w - - 0 1",
        "move": "f6c3",
        "sorted saliencies": {
            "above threshold": {
                "f6": 1
            },
            "below threshold": {
                "g6": 0.05485134270978548,
                "d5": 0.052693168417925686,
                "b5": 0.01500541195346837,
                "a6": 0.002927740743709724,
                "f4": 0.0007883828683059012
            }
        }
    },
    "move2": {
        "fen": "8/8/p5p1/1pPb2P1/1P2kp2/P1B5/5K2/8 b - - 1 1",
        "move": "d5c6",
        "sorted saliencies": {
            "above threshold": {
                "d5": 1
            },
            "below threshold": {
                "g6": 0.16169115133616538,
                "a3": 0.10743711458163283,
                "c3": 0.05553302319414964,
                "c5": 0.04510286129457918,
                "b5": 0.029504930763697777,
                "a6": 0.02739581213225887,
                "f4": 0.016093258715907277
            }
        }
    },
    "move3": {
        "fen": "8/8/p1b3p1/1pP3P1/1P2kp2/P1B5/5K2/8 w - - 2 2",
        "move": "c3g7",
        "sorted saliencies": {
            "above threshold": {
                "c3": 1
            },
            "below threshold": {
                "b4": 0.15981759250416036,
                "a3": 0.15458661979084665,
                "g6": 0.0523335468118068,
                "g5": 0.04192322531786633,
                "f4": 0.03894581418199673,
                "c6": 0.0363821203037902,
                "b5": 0.023083797679537568,
                "a6": 0.009753958474260645
            }
        }
    },
    "move4": {
        "fen": "8/6B1/p1b3p1/1pP3P1/1P2kp2/P7/5K2/8 b - - 3 2",
        "move": "f4f3",
        "sorted saliencies": {
            "above threshold": {
                "f4": 1
            },
            "below threshold": {
                "g5": 0.22229440744073045,
                "g7": 0.07545759406163631,
                "g6": 0.07349752780452133,
                "c6": 0.06182388430751292,
                "b5": 0.05705281922991494,
                "a3": 0.04580031205182407,
                "c5": 0.041475470454016186,
                "a6": 0.03947575419984473
            }
        }
    },
    "move5": {
        "fen": "8/6B1/p1b3p1/1pP3P1/1P2k3/P4p2/5K2/8 w - - 0 3",
        "move": "g7f6",
        "sorted saliencies": {
            "above threshold": {
                "g7": 1
            },
            "below threshold": {
                "b4": 0.1895245564116191,
                "f3": 0.16499517866203778,
                "c6": 0.16044944388518284,
                "g5": 0.14854848782655133,
                "c5": 0.14093291070414504,
                "g6": 0.13137286749793228,
                "a6": 0.13078234882969417,
                "b5": 0.11576037495799651
            }
        }
    },
    "move6": {
        "fen": "8/8/p1b2Bp1/1pP3P1/1P2k3/P4p2/5K2/8 b - - 1 3",
        "move": "e4d3",
        "sorted saliencies": {
            "above threshold": {
                "g6": 0.16384621391596133,
                "a3": 0.1481458511895954
            },
            "below threshold": {
                "f3": 0.04724907494272377,
                "f6": 0.03566184122840908,
                "c5": 0.023378273031597115,
                "a6": 0.012501532193569182
            }
        }
    },
    "move7": {
        "fen": "8/8/p1b2Bp1/1pP3P1/1P6/P2k1p2/5K2/8 w - - 2 4",
        "move": "f6h8",
        "sorted saliencies": {
            "above threshold": {
                "f6": 1
            },
            "below threshold": {
                "b4": 0.18675258675565967,
                "g5": 0.18625926081195018,
                "a3": 0.14840249346144513,
                "f3": 0.12144076514932567,
                "c6": 0.11298381026139602,
                "c5": 0.05358428924773475,
                "a6": 0.04148850039998821,
                "b5": 0.011907136144184576
            }
        }
    },
    "move8": {
        "fen": "7B/8/p1b3p1/1pP3P1/1P6/P2k1p2/5K2/8 b - - 3 4",
        "move": "d3c4",
        "sorted saliencies": {
            "above threshold": {
                "b5": 0.5729720032735185,
                "g5": 0.5726077562873633,
                "f3": 0.5717164972657877,
                "a6": 0.5580625843584375,
                "c5": 0.5320502405587115,
                "c6": 0.5262874100106804,
                "b4": 0.47683574878009116
            },
            "below threshold": {
                "a3": 0.37723324934788144,
                "g6": 0.2161818524738847,
                "h8": 0.18222751397883102
            }
        }
    },
    "move9": {
        "fen": "7B/8/p1b3p1/1pP3P1/1Pk5/P4p2/5K2/8 w - - 4 5",
        "move": "h8e5",
        "sorted saliencies": {
            "above threshold": {
                "h8": 1
            },
            "below threshold": {
                "f3": 0.29502516098618303,
                "a6": 0.291091049796341,
                "b5": 0.291091049796341,
                "g6": 0.29081626455306775,
                "a3": 0.2856875464816269,
                "c6": 0.22158149876828148,
                "c5": 0.18489291370582922,
                "b4": 0.09779441586365788,
                "g5": 0.029599460290931714
            }
        }
    },
    "move10": {
        "fen": "8/8/p1b3p1/1pP1B1P1/1Pk5/P4p2/5K2/8 b - - 5 5",
        "move": "a6a5",
        "sorted saliencies": {
            "above threshold": {
                "a6": 1,
                "c5": 0.8662178617000234,
                "b5": 0.8031495243457374,
                "f3": 0.7859777414940164,
                "c6": 0.7064019648930332,
                "g5": 0.6446530922554667,
                "a3": 0.4764988880449347,
                "g6": 0.3940186268020052
            },
            "below threshold": {
                "b4": 0.28756624334794034,
                "e5": 0.24719552673569783
            }
        }
    },
    "move11": {
        "fen": "8/8/2b3p1/ppP1B1P1/1Pk5/P4p2/5K2/8 w - - 0 6",
        "move": "a3a4",
        "sorted saliencies": {
            "above threshold": {
                "a3": 1,
                "c5": 0.5517929148904551,
                "g6": 0.3971836442018979
            },
            "below threshold": {
                "f3": 0.3761063193953702,
                "a5": 0.35992453731260626,
                "b5": 0.344264814499687,
                "e5": 0.322296798114077,
                "c6": 0.25914732558615555,
                "b4": 0.08366620144509403
            }
        }
    },
    "move12": {
        "fen": "8/8/2b3p1/ppP1B1P1/PPk5/5p2/5K2/8 b - - 0 6",
        "move": "a5b4",
        "sorted saliencies": {
            "above threshold": {
                "a5": 1,
                "b4": 1,
                "f3": 0.6568943901783124,
                "c6": 0.6091466789685311,
                "g6": 0.5921728387203042,
                "a4": 0.5642262961159877,
                "g5": 0.5413224268371729,
                "e5": 0.45918016962808544
            },
            "below threshold": {}
        }
    },
    "move13": {
        "fen": "8/8/2b3p1/1pP1B1P1/Ppk5/5p2/5K2/8 w - - 0 7",
        "move": "a4b5",
        "sorted saliencies": {
            "above threshold": {
                "a4": 1,
                "b5": 1,
                "g5": 0.6835153372062985,
                "g6": 0.6000954948962922,
                "c6": 0.5555790170600071,
                "f3": 0.5183672861192515,
                "e5": 0.499835693339262
            },
            "below threshold": {
                "b4": 0.04461845492762654
            }
        }
    },
    "move14": {
        "fen": "8/8/2b3p1/1PP1B1P1/1pk5/5p2/5K2/8 b - - 0 7",
        "move": "c4b5",
        "sorted saliencies": {
            "above threshold": {
                "b4": 0.9100836966843773,
                "f3": 0.8746004981813363,
                "c5": 0.597406715712352,