{
    "move1": {
        "fen": "8/4k3/p1B4p/2K5/1P4bP/8/8/8 b - - 0 1",
        "move": "g4e2",
        "sorted saliencies": {
            "above threshold": {
                "a6": 1,
                "b4": 1,
                "c6": 1,
                "g4": 1,
                "h4": 1,
                "h6": 1,
                "e2": 0.7236543072019036,
                "f3": 0.7236543072019036,
                "b3": 0.39062944284296064,
                "b2": 0.39062927930980196,
                "a7": 0.390625
            },
            "below threshold": {}
        }
    }
}