{
    "move1": {
        "fen": "8/4k3/p1B4p/2K5/1P4bP/8/8/8 b - - 0 1",
        "move": "g4e2",
        "sorted saliencies": {
            "above threshold": {
                "g4": 1,
                "b3": 0.44822513564105704,
                "b2": 0.44822497210789836,
                "a4": 0.4225887876320423,
                "e2": 0.390625,
                "f3": 0.390625
            },
            "below threshold": {
                "a6": 0.05752862515050429,
                "c6": 0.02884031626884833,
                "b4": 0.014339513257454911
            }
        }
    }
}