{
    "move1": {
        "fen": "1n6/4k2p/p3ppp1/1pPp4/3P1PP1/3NP3/P3K2P/8 w - - 0 1",
        "move": "f4f5",
        "sorted saliencies": {
            "above threshold": {
                "f4": 1,
                "e6": 0.390625,
                "f5": 0.6647319215848415,
                "g6": 0.390625,
                "e5": 0.41853008304376127,
                "e4": 0.41273146747125167,
                "a5": 0.390625
            },
            "below threshold": {
                "e3": 0.13930070824965823,
                "g4": 0.11538679113689618,
                "d3": 0.11029849577726655,
                "h7": 0.09413999827909111,
                "d5": 0.08939437130947274,
                "a2": 0.07823091559800459,
                "h2": 0.07315917147501205,
                "c5": 0.06541932201006098,
                "d4": 0.06408517953576941,
                "f6": 0.054939688104854015
            }
        }
    }
}