{
    "puzzle1": {
        "fen": "2q1rr1k/3bbnnp/p2p1pp1/2pPp3/PpP1P1P1/1P2BNNP/2BQ1PRK/7R b - - ",
        "move": "f8g8",
        "sorted saliencies": {
            "above threshold": {
                "f8": 1
            },
            "below threshold": {
                "e7": 0.07496809945247954,
                "d7": 0.07430303387047844,
                "e8": 0.06664784412356176,
                "c8": 0.06375239128249119,
                "f7": 0.040267656252381316,
                "h1": 0.0382964719629436
            }
        }
    },
    "puzzle2": {
        "fen": "3r1k2/4npp1/1ppr3p/p6P/P2PPPP1/1NR5/5K2/2R5 w - - ",
        "move": "d4d5",
        "sorted saliencies": {
            "above threshold": {
                "d4": 1
            },
            "below threshold": {
                "f4": 0.37984232171472626,
                "h5": 0.37982046199013925,
                "a5": 0.37903107394409336,
                "g4": 0.35493044243165106,
                "b6": 0.25306307322710486,
                "e4": 0.24186429033536946,
                "c1": 0.14746352851873362,
                "e7": 0.10361750267571168,
                "d8": 0.09750283048546196,
                "c3": 0.08695202233392829
            }
        }
    },
    "puzzle3": {
        "fen": "rnbqkb1r/p3pppp/1p6/2ppP3/3N4/2P5/PPP1QPPP/R1B1KB1R w KQkq",
        "move": "e5e6",
        "sorted saliencies": {
            "above threshold": {
                "e5": 1,
                "e7": 0.5311296675859851,
                "c8": 0.4494661265286499,
                "f8": 0.43481483727580017,
                "a8": 0.3924465814152231
            },
            "below threshold": {
                "d4": 0.35989985942917374,
                "g2": 0.3587761561850578,
                "d5": 0.3012888426396237,
                "d8": 0.2780958704147487,
                "h8": 0.24362006395088406,
                "c2": 0.08220544012363676,
                "c3": 0.07680691645079181,
                "h2": 0.01875426076490151,
                "b8": 0.016349831691205085
            }
        }
    },
    "puzzle4": {
        "fen": "2r3k1/pppR1pp1/4p3/4P1P1/5P2/1P4K1/P1P5/8 w - - ",
        "move": "g5g6",
        "sorted saliencies": {
            "above threshold": {
                "g5": 1,
                "f4": 0.8186431390376119,
                "e5": 0.8111803291134623,
                "c2": 0.7724805069598532,
                "b3": 0.7721781666231772,
                "a2": 0.7351804640055802,
                "d7": 0.5524540502383025
            },
            "below threshold": {
                "e6": 0.24578278887577476,
                "f7": 0.1668115120971648,
                "c8": 0.1367078675743966,
                "c7": 0.11185923240242204
            }
        }
    },
    "puzzle5": {
        "fen": "4b3/p3kp2/6p1/3pP2p/2pP1P2/4K1P1/P3N2P/8 w - - ",
        "move": "f4f5",
        "sorted saliencies": {
            "above threshold": {
                "f4": 1
            },
            "below threshold": {
                "h5": 0.21872403002233837,
                "d5": 0.1876790168450511,
                "e2": 0.1643907389032912,
                "g3": 0.14037344118624848,
                "e5": 0.12377442946069948,
                "d4": 0.09277787609599128,
                "e8": 0.07984076448588703
            }
        }
    },
    "puzzle6": {
        "fen": "2kr1bnr/pbpq4/2n1pp2/3p3p/3P1P1B/2N2N1Q/PPP3PP/2KR1B1R w - - ",
        "move": "d1e1",
        "sorted saliencies": {
            "above threshold": {
                "d1": 1
            },
            "below threshold": {
                "f3": 0.20714902375298333,
                "d5": 0.17572879746314393,
                "d4": 0.15333524560909165,
                "h3": 0.1528690551200663,
                "g8": 0.15224077536589561,
                "h8": 0.14522227843839947,
                "h1": 0.13797002013278628,
                "f6": 0.12967695840093285,
                "b2": 0.12719944832936766,
                "c2": 0.11715743139804234,
                "d8": 0.11567154189640078,
                "g2": 0.11418990736721928,
                "f4": 0.1069162775273489,
                "d7": 0.09580730461162978,
                "c6": 0.0891398177014337,
                "h2": 0.08882475469209677,
                "f8": 0.07473799309190642,
                "a2": 0.0701600755831179,
                "e6": 0.06969866853623659,
                "f1": 0.048132539665524374,
                "c3": 0.022635488979336663,
                "h5": 0.01335906937644298
            }
        }
    },
    "puzzle7": {
        "fen": "2r1nrk1/p2q1ppp/bp1p4/n1pPp3/P1P1P3/2PBB1N1/4QPPP/R4RK1 w - - ",
        "move": "g3f5",
        "sorted saliencies": {
            "above threshold": {
                "g3": 1
            },
            "below threshold": {
                "d7": 0.11129723602321576,
                "c3": 0.06461024864996136,
                "c5": 0.05645794726649581,
                "a4": 0.049760388936328795,
                "d6": 0.04691859811509863,
                "c4": 0.0310154411586527,
                "d5": 0.025722543073137257,
                "g2": 0.015176183358055225,
                "d3": 0.011343713146750714,
                "f2": 0.005628485748620007
            }
        }
    },
    "puzzle8": {
        "fen": "r2q1rk1/4bppp/p2p4/2pP4/3pP3/3Q4/PP1B1PPP/R3R1K1 w - - ",
        "move": "b2b4",
        "sorted saliencies": {
            "above threshold": {
                "b2": 1
            },
            "below threshold": {
                "d8": 0.07775734123802557,
                "g7": 0.07416792645788294,
                "d3": 0.04392594039530988,
                "a6": 0.028951101564786294
            }
        }
    },
    "puzzle9": {
        "fen": "r2q1rk1/1ppnbppp/p2p1nb1/3Pp3/2P1P1P1/2N2N1P/PPB1QP2/R1B2RK1 b - - ",
        "move": "c7c6",
        "sorted saliencies": {
            "above threshold": {
                "c7": 1
            },
            "below threshold": {
                "b7": 0.10141935781332455,
                "d8": 0.09960611099825609,
                "f6": 0.08662992391146533,
                "a8": 0.08008107231593144,
                "g6": 0.06932679606638477,
                "f8": 0.04078610402479869,
                "h3": 0.023788605585668456,
                "d5": 0.01291025048262649,
                "f7": 0.010823981205420097,
                "b2": 0.007913434184533979,
                "a2": 0.007640614250350684,
                "e4": 0.004353376138189757
            }
        }
    },
    "puzzle10": {
        "fen": "r4k2/pb2bp1r/1p1qp2p/3pNp2/3P1P2/2N3P1/PPP1Q2P/2KRR3 w - - ",
        "move": "g3g4",
        "sorted saliencies": {
            "above threshold": {
                "g3": 1,
                "f4": 0.5684366614992714,
                "c2": 0.5454423521716603,
                "f5": 0.5398593689633858,
                "d4": 0.5314613114382397,
                "e6": 0.5272544254219073,
                "h2": 0.5266026995896713,
                "b2": 0.4523013545154005,
                "e5": 0.41728908328845277
            },
            "below threshold": {
                "b7": 0.3707524915713432,
                "f7": 0.36187028760680473,
                "a2": 0.3597492115680584,
                "e7": 0.33686245247838087,
                "a8": 0.3196831187595845,
                "d5": 0.23034411440724514,
                "c3": 0.20509324844778856,
                "e2": 0.14355778009044162,
                "h7": 0.12589442982026278,
                "h6": 0.096960530298718,
                "a7": 0.00501432320378722
            }
        }
    },
    "puzzle11": {
        "fen": "r1bqk2r/pp2bppp/2p5/3pP3/P2Q1P2/2N1B3/1PP3PP/R4RK1 b kq - ",
        "move": "f7f6",
        "sorted saliencies": {
            "above threshold": {
                "f7": 1
            },
            "below threshold": {
                "d5": 0.13670589143239728,