{
    "move1": {
        "fen": "4b3/pp2kp1p/5bp1/8/8/4P3/PP2NPPP/3N2K1 w - - 0 1",
        "move": "d1c3",
        "sorted saliencies": {
            "above threshold": {
                "d1": 1,
                "b5": 0.4514047486156602,
                "b6": 0.44959290567302423,
                "b4": 0.43945111919181695,
                "e2": 0.3930187542464047,
                "c3": 0.390625
            },
            "below threshold": {
                "f6": 0.013926339195793091,
                "e3": 0.010530587009521369,
                "b2": 0.010266909002376671,
                "h7": 0.00753594980507759,
                "e8": 0.006673127096878159,
                "g6": 0.005176664216831155,
                "b7": 0.002730110191846116,
                "a7": 0.0021976220903404046,
                "f2": 0.002014830800257784
            }
        }
    }
}