{
    "move1": {
        "fen": "4b3/pp2kp1p/5bp1/8/8/4P3/PP2NPPP/3N2K1 w - - 0 1",
        "move": "d1c3",
        "sorted saliencies": {
            "above threshold": {
                "a2": 1,
                "a7": 1,
                "b2": 1,
                "b7": 1,
                "d1": 1,
                "e2": 1,
                "e3": 1,
                "e8": 1,
                "f2": 1,
                "f6": 1,
                "f7": 1,
                "g2": 1,
                "g6": 1,
                "h2": 1,
                "h7": 1,
                "c3": 0.7324238808081831,
                "b5": 0.40257862942384326,
                "b6": 0.4007667864812073,
                "b4": 0.390625
            },
            "below threshold": {}
        }
    }
}