{
    "move1": {
        "fen": "8/4k3/p1B4p/2K5/1P4bP/8/8/8 b - - 0 1",
        "move": "g4d1",
        "sorted saliencies": {
            "above threshold": {
                "g4": 1,
                "d3": 0.5843530338878826,
                "d4": 0.5780110097272331,
                "h7": 0.5736405779469115,
                "d1": 0.390625,
                "e2": 0.390625,
                "f3": 0.390625
            },
            "below threshold": {
                "a6": 0.17388262606343446,
                "h4": 0.13818444359600313,
                "h6": 0.10973169380270824,
                "b4": 0.057538159215034274
            }
        }
    }
}