{
    "move1": {
        "fen": "8/4k3/p1B4p/2K5/1P4bP/8/8/8 b - - 0 1",
        "move": "g4d1",
        "sorted saliencies": {
            "above threshold": {
                "g4": 1,
                "d1": 0.5938639902727669,
                "e2": 0.5938639902727669,
                "f3": 0.5938639902727669,
                "d2": 0.39778751122900324,
                "d3": 0.3969670241606496,
                "d4": 0.390625
            },
            "below threshold": {
                "h4": 0.13818444359600313,
                "b4": 0.057538159215034274,
                "h6": 0.039201221527382236,
                "a6": 0.037786020789030164
            }
        }
    }
}