{
    "move1": {
        "fen": "8/1ppr1kp1/p1p4p/8/8/5P2/PPP1RKPP/8 w - - 0 1",
        "move": "f2e3",
        "sorted saliencies": {
            "above threshold": {
                "f2": 1,
                "e3": 0.6779023939700977,
                "h3": 0.39228155794513975,
                "f6": 0.3908665829934634,
                "h5": 0.390625
            },
            "below threshold": {
                "h2": 0.09829708247090212,
                "f3": 0.09753716794812049,
                "g2": 0.06368984139084356,
                "a2": 0.06085587007307398,
                "c2": 0.051984309533084506,
                "d7": 0.030500349448340416,
                "b7": 0.017724504907242238
            }
        }
    }
}