{
    "move1": {
        "fen": "8/8/p4Bp1/1pPb2P1/1P2kp2/P7/5K2/8 w - - 0 1",
        "move": "f6d8",
        "sorted saliencies": {
            "above threshold": {
                "f6": 1,
                "d8": 0.7,
                "e7": 0.7,
                "e5": 0.7,
                "f3": 0.7,
                "e2": 0.7
            },
            "below threshold": {
                "a3": 0.013520980994114288,
                "d5": 0.011719655536624036
            }
        }
    }
}