{
    "move1": {
        "fen": "7k/pp4pp/2n5/8/8/P7/1P4PP/2K1B3 b - - 0 1",
        "move": "h8g8",
        "sorted saliencies": {
            "above threshold": {
                "h8": 1,
                "g8": 0.7,
                "c7": 0.7,
                "d2": 0.7,
                "c4": 0.7
            },
            "below threshold": {
                "h7": 0.18198418730560736,
                "e1": 0.1595091235645312,
                "a7": 0.1497818134678129,
                "b7": 0.08489519058208209,
                "c6": 0.0507293953400304,
                "b2": 0.017205095228614957,
                "a3": 0.014549705212729363
            }
        }
    }
}