{
    "move1": {
        "fen": "8/4k3/r4pp1/pR6/P4KP1/5P2/8/8 w - - 0 1",
        "move": "g4g5",
        "sorted saliencies": {
            "above threshold": {
                "g4": 1,
                "f6": 0.390625,
                "g5": 0.78125,
                "f5": 0.390625,
                "a3": 0.390625,
                "a2": 0.390625
            },
            "below threshold": {
                "a4": 2.252903546824047e-17,
                "f3": 1.9791351006895386e-17
            }
        }
    }
}