{
    "move1": {
        "fen": "8/4k3/r4pp1/pR6/P4KP1/5P2/8/8 w - - 0 1",
        "move": "g4g5",
        "sorted saliencies": {
            "above threshold": {
                "g4": 1,
                "b5": 0.5822386141000596,
                "g2": 0.5356682943285335,
                "g3": 0.535422824813798,
                "b6": 0.5286084411879561,
                "f6": 0.5259001887124403,
                "g5": 0.390625
            },
            "below threshold": {
                "a4": 0.20512983677931498,
                "a5": 0.1801307019350145,
                "g6": 0.06650722715745655,
                "f3": 0.03943604096588612
            }
        }
    }
}