{
    "move1": {
        "fen": "6k1/2p3np/1p1p2p1/3P4/1PPK1R2/6PB/7P/4r3 w - - 0 1",
        "move": "f4f2",
        "sorted saliencies": {
            "above threshold": {
                "f4": 1,
                "d7": 0.48263554800003494,
                "h4": 0.45245447955936924,
                "h5": 0.4507807672252412,
                "f2": 0.390625,
                "f3": 0.390625
            },
            "below threshold": {
                "d6": 0.08937119890582366,
                "g7": 0.07615030665938619
            }
        }
    }
}