{
    "move1": {
        "fen": "6k1/2p3np/1p1p2p1/3P4/1PPK1R2/6PB/7P/4r3 w - - 0 1",
        "move": "f4f2",
        "sorted saliencies": {
            "above threshold": {
                "b4": 1,
                "b6": 1,
                "c4": 1,
                "c7": 1,
                "d5": 1,
                "d6": 1,
                "e1": 1,
                "f4": 1,
                "g3": 1,
                "g6": 1,
                "g7": 1,
                "h2": 1,
                "h3": 1,
                "h7": 1,
                "f2": 0.7210942327747588,
                "f3": 0.7210942327747588,
                "d7": 0.42247978077479376,
                "h4": 0.39229871233412805,
                "h5": 0.390625
            },
            "below threshold": {}
        }
    }
}