{
    "puzzle1": {
        "fen": "2q1rr1k/3bbnnp/p2p1pp1/2pPp3/PpP1P1P1/1P2BNNP/2BQ1PRK/7R b - - ",
        "move": "c8d8",
        "sorted saliencies": {
            "above threshold": {
                "c8": 1,
                "e2": 0.49727453938261423,
                "h4": 0.4739849002477464,
                "h5": 0.46530457031508077,
                "d7": 0.39523520530575784,
                "e7": 0.3912976230845131,
                "d8": 0.390625
            },
            "below threshold": {
                "h3": 0.08550913818044002,
                "d2": 0.06900733535678165,
                "c5": 0.04781729166743859,
                "g4": 0.040160584181170425,
                "f3": 0.03831373090638584,
                "e4": 0.03422112821410018,
                "g3": 0.03404891878669207,
                "c4": 0.0332241678581234,
                "d5": 0.03266034925976393,
                "e3": 0.027242642386921586,
                "c2": 0.023637569497877448,
                "g2": 0.02091599357800739,
                "f2": 0.018802809528345593,
                "h1": 0.014085446598506529,
                "f6": 0.01176383614005546,
                "a4": 0.00727582231297482,
                "e5": 0.005503531100726142,
                "d6": 0.0011208378493933555,
                "b3": 0.00022432389265556653
            }
        }
    },
    "puzzle2": {
        "fen": "3r1k2/4npp1/1ppr3p/p6P/P2PPPP1/1NR5/5K2/2R5 w - - ",
        "move": "c3c2",
        "sorted saliencies": {
            "above threshold": {
                "c3": 1,
                "b4": 0.4556418395527534,
                "b5": 0.4554233558161163,
                "b7": 0.43566324016555674,
                "c2": 0.390625
            },
            "below threshold": {
                "b6": 0.04478869529589684,
                "a4": 0.042959313211907386,
                "e7": 0.02148135964226092,
                "b3": 0.01114415396746992,
                "g7": 0.010198755389905603,
                "d6": 0.008311389826869969,
                "d4": 0.0064675479076388475,
                "f7": 0.004937236743513853
            }
        }
    },
    "puzzle3": {
        "fen": "rnbqkb1r/p3pppp/1p6/2ppP3/3N4/2P5/PPP1QPPP/R1B1KB1R w KQkq",
        "move": "e5e6",
        "sorted saliencies": {
            "above threshold": {
                "e5": 1,
                "c6": 0.7145689778170333,
                "c7": 0.7145206207634063,
                "f7": 0.680252511090162,
                "d6": 0.677425682940783,
                "d4": 0.39500663157546256,
                "f8": 0.39149693940061037,
                "e7": 0.39090107132091373,
                "e6": 0.390625
            },
            "below threshold": {
                "e2": 0.33089436158746927,
                "c5": 0.3266525709207172,
                "d5": 0.28556675208234866,
                "a8": 0.25331790176923824,
                "c8": 0.21567986965347993,
                "b2": 0.13375618924540011,
                "b8": 0.12917315262593942,
                "h8": 0.09865866740684681,
                "b6": 0.09134687525720299,
                "c1": 0.0670506706330129,
                "h7": 0.06260433190132554,
                "f2": 0.03396805433247128,
                "c2": 0.009951405376108079
            }
        }
    },
    "puzzle4": {
        "fen": "2r3k1/pppR1pp1/4p3/4P1P1/5P2/1P4K1/P1P5/8 w - - ",
        "move": "g5g6",
        "sorted saliencies": {
            "above threshold": {
                "g5": 1,
                "d6": 0.6096759637219596,
                "d5": 0.6074725801819715,
                "h3": 0.6052187440960042,
                "g6": 0.390625
            },
            "below threshold": {
                "g7": 0.2145717667638843,
                "d7": 0.193512438236715,
                "e6": 0.17989013840730492,
                "c8": 0.1771681711274491,
                "c2": 0.10626519980437872,
                "a2": 0.10113659044768279,
                "b7": 0.0957528171815872,
                "b3": 0.08619139386564774,
                "e5": 0.07460819915547758,
                "f7": 0.04628187628117643,
                "f4": 0.014134856351689514,
                "c7": 0.009420599457462871
            }
        }
    },
    "puzzle5": {
        "fen": "4b3/p3kp2/6p1/3pP2p/2pP1P2/4K1P1/P3N2P/8 w - - ",
        "move": "f4f5",
        "sorted saliencies": {
            "above threshold": {
                "f4": 1,
                "h6": 0.5806211268568746,
                "e4": 0.5572607702024848,
                "g2": 0.5537590332793942,
                "f5": 0.390625,
                "g6": 0.390625
            },
            "below threshold": {
                "h5": 0.18611415011817678,
                "f7": 0.14943576431474062,
                "d4": 0.08104030246841759,
                "e5": 0.07776034587042623,
                "e8": 0.06771496559974075,
                "d5": 0.0439654531403485,
                "g3": 0.028209722947359614
            }
        }
    },
    "puzzle6": {
        "fen": "2kr1bnr/pbpq4/2n1pp2/3p3p/3P1P1B/2N2N1Q/PPP3PP/2KR1B1R w - - ",
        "move": "f4f5",
        "sorted saliencies": {
            "above threshold": {
                "f4": 1,
                "f2": 0.515615247220479,
                "d3": 0.5103829010014533,
                "c5": 0.49978587137459474,
                "h3": 0.44709615528148267,
                "f5": 0.390625
            },
            "below threshold": {
                "d7": 0.12460809420430158,
                "f1": 0.0825728929360471,
                "h5": 0.08037316937103935,
                "h4": 0.069420185299489,
                "d8": 0.05414465664548757,
                "d5": 0.05029058981866123,
                "f3": 0.04927714009261355,
                "b2": 0.04580078501662786,
                "f8": 0.04169286115361539,
                "h8": 0.03913623448411662,
                "c6": 0.03772142818167343,
                "a7": 0.03681415231759763,
                "g2": 0.032092523023462084,
                "b7": 0.028393224197513812,
                "a2": 0.017848301797567162,
                "f6": 0.017762350954405006,
                "h1": 0.013096049543692867,
                "c2": 0.0047147736568828045,
                "h2": 0.0003917342032299441
            }
        }
    },
    "puzzle7": {
        "fen": "2r1nrk1/p2q1ppp/bp1p4/n1pPp3/P1P1P3/2PBB1N1/4QPPP/R4RK1 w - - ",
        "move": "f2f4",
        "sorted saliencies": {
            "above threshold": {
                "f2": 1,
                "g6": 0.48623686719897574,
                "g5": 0.4862354999519626,
                "g4": 0.48623039276697355,
                "e3": 0.42029463199678324,
                "e5": 0.40424266348345544,
                "f3": 0.390625,
                "f4": 0.390625
            },
            "below threshold": {
                "d3": 0.0749427235691912,
                "a6": 0.04031322062894603,
                "c5": 0.039448284473829115,
                "e2": 0.0368133589359479,
                "g7": 0.03202458585354337,
                "e8": 0.03145850253777363,
                "d5": 0.014390500744338905,
                "d7": 0.013240862698643293,
                "a4": 0.01321426455437574,
                "c3": 0.009009296553439898,
                "h2": 0.008803870505479509,
                "a5": 0.008111150832523617,
                "a7": 0.006911380879076755,
                "c8": 0.004579647668084442,
                "f8": 0.002271439756053688,
                "a1": 0.0015728606063002983
            }
        }
    },
    "puzzle8": {
        "fen": "r2q1rk1/4bppp/p2p4/2pP4/3pP3/3Q4/PP1B1PPP/R3R1K1 w - - ",
        "move": "b2b4",
        "sorted saliencies": {
            "above threshold": {
                "b2": 1,
                "e3": 0.4807424580920427,
                "e2": 0.4807338219602224,
                "c6": 0.4436859913415624,
                "c5": 0.4417712649405397,