{
    "puzzle1": {
        "fen": "2q1rr1k/3bbnnp/p2p1pp1/2pPp3/PpP1P1P1/1P2BNNP/2BQ1PRK/7R b - - ",
        "move": "a6a5",
        "sorted saliencies": {
            "above threshold": {
                "a6": 1,
                "a5": 0.6869112778257598,
                "b5": 0.41808233441842935,
                "c3": 0.405710507642876,
                "b7": 0.390625
            },
            "below threshold": {
                "b4": 0.04877717448205336,
                "g3": 0.030365995798078936,
                "g2": 0.029306157052717694,
                "c2": 0.029043014607247567,
                "h1": 0.022743992691138724,
                "d2": 0.022371900097343717,
                "e3": 0.019987287754357326,
                "e4": 0.01409569070787507,
                "d5": 0.01299529245170184,
                "f2": 0.009647571160151124,
                "b3": 0.006113455076882444,
                "g4": 0.006038467731362435,
                "g7": 0.0017158264686689738,
                "e5": 0.0015797638851075065
            }
        }
    },
    "puzzle2": {
        "fen": "3r1k2/4npp1/1ppr3p/p6P/P2PPPP1/1NR5/5K2/2R5 w - - ",
        "move": "c3c2",
        "sorted saliencies": {
            "above threshold": {
                "c3": 1,
                "c2": 0.7124923925853588,
                "d3": 0.4010358581762051,
                "c4": 0.3953252143642576,
                "b2": 0.390625
            },
            "below threshold": {
                "a4": 0.05237558570813496,
                "b6": 0.04903284735150622,
                "e7": 0.028504825272634874,
                "b3": 0.026418874859840593,
                "g7": 0.01700722460667563,
                "d8": 0.01682236135017542,
                "d4": 0.014442739221060766,
                "g4": 0.005577805184695986,
                "f7": 0.003222275856743729
            }
        }
    },
    "puzzle3": {
        "fen": "rnbqkb1r/p3pppp/1p6/2ppP3/3N4/2P5/PPP1QPPP/R1B1KB1R w KQkq",
        "move": "e5e6",
        "sorted saliencies": {
            "above threshold": {
                "e5": 1,
                "d4": 0.7673157748276792,
                "f7": 0.6595546533284504,
                "e6": 0.4054663568754393,
                "d3": 0.3925165772428789,
                "b7": 0.3907937092053264,
                "c7": 0.390625
            },
            "below threshold": {
                "f8": 0.37099797970892506,
                "e7": 0.36807958503664895,
                "c5": 0.3104367961615667,
                "e2": 0.30727499048276186,
                "d5": 0.27619798518159067,
                "a8": 0.23799008015378595,
                "c8": 0.11273524357788699,
                "b2": 0.0783603669832157,
                "h7": 0.07680474717406525,
                "h8": 0.0743693083471776,
                "a1": 0.04426804011016164,
                "c1": 0.02630125485723187,
                "f2": 0.005983924340035811,
                "b8": 0.0005952552605784114
            }
        }
    },
    "puzzle4": {
        "fen": "2r3k1/pppR1pp1/4p3/4P1P1/5P2/1P4K1/P1P5/8 w - - ",
        "move": "g5g6",
        "sorted saliencies": {
            "above threshold": {
                "g5": 1,
                "g6": 0.6014099158451667,
                "h7": 0.48341723685153704,
                "e7": 0.3925912966410112,
                "h6": 0.390625
            },
            "below threshold": {
                "c8": 0.21614414171595414,
                "g7": 0.21533265516107009,
                "e6": 0.19998332308559927,
                "a2": 0.10981898651990495,
                "c2": 0.09134645657756746,
                "b7": 0.09071818552008556,
                "b3": 0.09016076397522216,
                "d7": 0.08415406484140561,
                "e5": 0.06787285971899551,
                "f4": 0.04792772692028586,
                "f7": 0.00992249721703113,
                "c7": 0.00538827458786542
            }
        }
    },
    "puzzle5": {
        "fen": "4b3/p3kp2/6p1/3pP2p/2pP1P2/4K1P1/P3N2P/8 w - - ",
        "move": "f4f5",
        "sorted saliencies": {
            "above threshold": {
                "f4": 1,
                "g6": 0.390625,
                "f5": 0.5489984741496927,
                "g5": 0.44841112512598413,
                "e6": 0.4122734762535466,
                "d3": 0.390625
            },
            "below threshold": {
                "h5": 0.18503676608967562,
                "f7": 0.18257650961115934,
                "d4": 0.13547498875640318,
                "e5": 0.13232674982470816,
                "d5": 0.09186755030269686,
                "g3": 0.07578119908060715,
                "h2": 0.03297955655920947,
                "e8": 0.03190680334760172
            }
        }
    },
    "puzzle6": {
        "fen": "2kr1bnr/pbpq4/2n1pp2/3p3p/3P1P1B/2N2N1Q/PPP3PP/2KR1B1R w - - ",
        "move": "d1e1",
        "sorted saliencies": {
            "above threshold": {
                "d1": 1,
                "f3": 0.5078581066719882,
                "e1": 0.6633421277041807,
                "f2": 0.4148218105353396,
                "e4": 0.3972599625236399,
                "g5": 0.390625
            },
            "below threshold": {
                "d5": 0.12073000462269451,
                "e6": 0.06280198325164184,
                "d7": 0.038434697546343904,
                "f6": 0.03777210604407616,
                "f8": 0.03483906196624286,
                "d4": 0.029260195745570757,
                "h3": 0.022999774426095024,
                "d8": 0.019753564253333654,
                "b7": 0.019640180571775422,
                "a7": 0.017344476841194608,
                "h1": 0.015585369037281529,
                "h2": 0.010247862368552184,
                "c2": 0.004847042780522698,
                "b2": 0.0024257980356503345,
                "c3": 0.0010230921069487198
            }
        }
    },
    "puzzle7": {
        "fen": "2r1nrk1/p2q1ppp/bp1p4/n1pPp3/P1P1P3/2PBB1N1/4QPPP/R4RK1 w - - ",
        "move": "f2f4",
        "sorted saliencies": {
            "above threshold": {
                "f2": 1,
                "e3": 0.41016814738681806,
                "e5": 0.39772736096340255,
                "f3": 0.6904147524423121,
                "f4": 0.6904147524423121,
                "g5": 0.4031727430591512,
                "b2": 0.39067145643073053,
                "e7": 0.390625
            },
            "below threshold": {
                "d3": 0.06588973372706819,
                "g7": 0.04923961423784782,
                "c5": 0.04113954552772404,
                "a6": 0.03432614442280081,
                "e2": 0.03289911484080338,
                "e8": 0.018042486519269537,
                "d7": 0.016827598280265872,
                "a1": 0.01434867840599252,
                "d5": 0.011758938484421834,
                "a4": 0.011314422024802704,
                "a5": 0.009356464481319913,
                "c3": 0.008520841979404246,
                "b6": 0.0069633284690046645,
                "h2": 0.005812718462749203,
                "g2": 0.0033848385556164325,
                "a7": 0.0013886429632064296
            }
        }
    },
    "puzzle8": {
        "fen": "r2q1rk1/4bppp/p2p4/2pP4/3pP3/3Q4/PP1B1PPP/R3R1K1 w - - ",
        "move": "a1b1",
        "sorted saliencies": {
            "above threshold": {
                "a1": 1,
                "e1": 0.4309300158040935,
                "d3": 0.408698581642726,
                "b1": 0.7045758321216431,
                "c2": 0.4230278962332818,
                "c3": 0.39258940061280484,
                "c4": 0.390625
            },
            "below threshold": {
                "a6": 0.07727631284043317,
                "g7": 0.045471925014175164,
                "e4": 0.04400345054868931,
                "c5": 0.042189442025025906,
                "g2": 0.03944911757284436,
                "d6": 0.0378101227572049,
                "h7": 0.035316295667113896,