{
    "move1": {
        "fen": "8/1p1b2k1/p1p1p1p1/2P1P2p/1P3P1P/P2B4/5K2/8 w - - 0 1",
        "move": "d3c4",
        "sorted saliencies": {
            "above threshold": {
                "d3": 1
            },
            "below threshold": {
                "e5": 0.14468928081764246,
                "f4": 0.11244999061979777,
                "h4": 0.08921380039523669,
                "a6": 0.08739792698698462,
                "c5": 0.08401518467539905,
                "b7": 0.052579284347915894,
                "g6": 0.034442043564469234,
                "h5": 0.008376538857242911,
                "c6": 0.004543693004500173
            }
        }
    }
}