{
    "move1": {
        "fen": "8/1ppr1kp1/p1p4p/8/8/5P2/PPP1RKPP/8 w - - 0 1",
        "move": "h2h4",
        "sorted saliencies": {
            "above threshold": {
                "a2": 1,
                "a6": 1,
                "b2": 1,
                "b7": 1,
                "c2": 1,
                "c6": 1,
                "c7": 1,
                "d7": 1,
                "e2": 1,
                "f3": 1,
                "g2": 1,
                "g7": 1,
                "h2": 1,
                "h6": 1,
                "h3": 0.7107615962889042,
                "h4": 0.7107615962889042,
                "e4": 0.3917110344862357,
                "e5": 0.390625,
                "e6": 0.390625
            },
            "below threshold": {}
        }
    }
}