{
    "move1": {
        "fen": "8/1ppr1kp1/p1p4p/8/8/5P2/PPP1RKPP/8 w - - 0 1",
        "move": "h2h4",
        "sorted saliencies": {
            "above threshold": {
                "h2": 1,
                "h3": 0.7107615962889042,
                "h4": 0.7107615962889042,
                "e4": 0.3917110344862357,
                "e5": 0.390625,
                "e6": 0.390625
            },
            "below threshold": {
                "e2": 0.07533786908596017,
                "d7": 0.025580478384272604
            }
        }
    }
}