{
    "move1": {
        "fen": "8/5b2/1k2p1p1/2NpP1P1/1K1P4/8/8/8 w - - 0 1",
        "move": "b4a3",
        "sorted saliencies": {
            "above threshold": {
                "b4": 1,
                "a3": 0.390625
            },
            "below threshold": {
                "d4": 0.13711953026238446,
                "g5": 0.1070919827395987,
                "f7": 0.06264546918038225,
                "d5": 0.030724423464237677,
                "e5": 0.02397664707035165
            }
        }
    }
}